solid OpenSCAD_Model
  facet normal 0.358265 0.0713272 0.930891
    outer loop
      vertex 232.782 135.812 7.38
      vertex 233.141 133.374 7.42864
      vertex 233.395 132.733 7.38
    endloop
  endfacet
  facet normal 0.36136 0.0717585 0.929661
    outer loop
      vertex 232.782 135.812 7.38
      vertex 232.666 135.766 7.42864
      vertex 233.141 133.374 7.42864
    endloop
  endfacet
  facet normal 0.361651 0.0709711 0.929608
    outer loop
      vertex 232.666 135.766 7.42864
      vertex 232.782 135.812 7.38
      vertex 232.664 135.772 7.42896
    endloop
  endfacet
  facet normal 0.359632 0.0716692 0.930338
    outer loop
      vertex 232.443 135.697 7.52
      vertex 232.249 135.632 7.6
      vertex 232.666 134.578 7.52
    endloop
  endfacet
  facet normal -0.360292 0.0702581 0.93019
    outer loop
      vertex 0.81778 135.812 7.38
      vertex 0.934361 135.766 7.42863
      vertex 0.936383 135.772 7.42896
    endloop
  endfacet
  facet normal -0.359809 0.0715759 0.930277
    outer loop
      vertex 0.81778 135.812 7.38
      vertex 0.458552 133.374 7.42864
      vertex 0.934361 135.766 7.42863
    endloop
  endfacet
  facet normal -0.359888 0.0715869 0.930245
    outer loop
      vertex 0.458552 133.374 7.42864
      vertex 0.81778 135.812 7.38
      vertex 0.205322 132.733 7.38
    endloop
  endfacet
  facet normal -0.359961 0.0716409 0.930213
    outer loop
      vertex 1.15693 135.697 7.52
      vertex 0.934222 134.578 7.52
      vertex 1.35073 135.632 7.6
    endloop
  endfacet
  facet normal 0.325227 -0.160352 -0.931941
    outer loop
      vertex 230.582 13.2148 0.0799999
      vertex 231.261 15.0569 0
      vertex 231.447 14.9692 0.0799999
    endloop
  endfacet
  facet normal 0.325459 -0.160433 -0.931846
    outer loop
      vertex 231.261 15.0569 0
      vertex 230.582 13.2148 0.0799999
      vertex 229.902 12.3 0
    endloop
  endfacet
  facet normal 0.325994 -0.160698 -0.931614
    outer loop
      vertex 231.773 14.8156 0.219999
      vertex 231.355 14.2529 0.170793
      vertex 231.659 14.8696 0.170793
    endloop
  endfacet
  facet normal 0.0242674 0.370078 -0.928684
    outer loop
      vertex 212.617 152.849 0
      vertex 210.707 153.175 0.0799999
      vertex 212.659 153.047 0.0799999
    endloop
  endfacet
  facet normal 0.0242461 0.369964 -0.92873
    outer loop
      vertex 210.707 153.175 0.0799999
      vertex 212.617 152.849 0
      vertex 209.55 153.05 0
    endloop
  endfacet
  facet normal 0.0504601 0.363148 -0.930364
    outer loop
      vertex 212.7 153.276 0.17176
      vertex 212.733 153.395 0.219999
      vertex 212.707 153.274 0.171359
    endloop
  endfacet
  facet normal 0.0239175 0.369866 -0.928777
    outer loop
      vertex 212.733 153.395 0.219999
      vertex 212.7 153.276 0.17176
      vertex 212.035 153.319 0.171759
    endloop
  endfacet
  facet normal 0.997866 0.0652929 0
    outer loop
      vertex 233.6 129.6 7.38
      vertex 233.395 132.733 0.219999
      vertex 233.395 132.733 7.38
    endloop
  endfacet
  facet normal 0.997866 0.0652929 0
    outer loop
      vertex 233.395 132.733 0.219999
      vertex 233.6 129.6 7.38
      vertex 233.6 129.6 0.219999
    endloop
  endfacet
  facet normal 0.344831 0.11707 0.931336
    outer loop
      vertex 232.443 135.697 7.52
      vertex 232.076 136.778 7.52
      vertex 232.249 135.632 7.6
    endloop
  endfacet
  facet normal 0.346296 0.11763 0.930721
    outer loop
      vertex 232.782 135.812 7.38
      vertex 231.879 138.083 7.42896
      vertex 232.664 135.772 7.42896
    endloop
  endfacet
  facet normal 0.34538 0.117257 0.931109
    outer loop
      vertex 231.879 138.083 7.42896
      vertex 232.782 135.812 7.38
      vertex 231.773 138.784 7.38
    endloop
  endfacet
  facet normal 0.37139 0 -0.928477
    outer loop
      vertex 233.05 24.05 0
      vertex 233.25 129.568 0.0799999
      vertex 233.25 24.0318 0.0799999
    endloop
  endfacet
  facet normal 0.37139 0 -0.928477
    outer loop
      vertex 233.25 129.568 0.0799999
      vertex 233.05 24.05 0
      vertex 233.05 129.55 0
    endloop
  endfacet
  facet normal 0.371411 0 -0.928469
    outer loop
      vertex 233.6 24 0.219999
      vertex 233.48 24.02 0.171996
      vertex 233.6 129.6 0.219999
    endloop
  endfacet
  facet normal 0.368969 -0.0166284 -0.929293
    outer loop
      vertex 233.48 24.02 0.171996
      vertex 233.6 24 0.219999
      vertex 233.479 24.011 0.17176
    endloop
  endfacet
  facet normal 0.371411 0 -0.928469
    outer loop
      vertex 233.48 129.58 0.171996
      vertex 233.6 129.6 0.219999
      vertex 233.48 24.02 0.171996
    endloop
  endfacet
  facet normal 0.368969 0.0166284 -0.929293
    outer loop
      vertex 233.6 129.6 0.219999
      vertex 233.48 129.58 0.171996
      vertex 233.479 129.589 0.17176
    endloop
  endfacet
  facet normal 0.358304 -0.0713326 -0.930876
    outer loop
      vertex 232.782 17.7883 0.219999
      vertex 233.141 20.2263 0.171359
      vertex 233.395 20.8674 0.219999
    endloop
  endfacet
  facet normal 0.361391 -0.0717628 -0.929649
    outer loop
      vertex 232.782 17.7883 0.219999
      vertex 232.666 17.8342 0.171362
      vertex 233.141 20.2263 0.171359
    endloop
  endfacet
  facet normal 0.361441 -0.0716285 -0.92964
    outer loop
      vertex 232.666 17.8342 0.171362
      vertex 232.782 17.7883 0.219999
      vertex 232.664 17.8283 0.171039
    endloop
  endfacet
  facet normal 0.359555 -0.0716091 -0.930372
    outer loop
      vertex 232.443 17.9025 0.0799999
      vertex 232.249 17.9678 0
      vertex 232.666 19.0222 0.0799999
    endloop
  endfacet
  facet normal 0.0714807 0.35919 -0.930523
    outer loop
      vertex 212.617 152.849 0
      vertex 214.578 152.666 0.0799999
      vertex 215.632 152.249 0
    endloop
  endfacet
  facet normal 0.0715869 0.360565 -0.929983
    outer loop
      vertex 214.578 152.666 0.0799999
      vertex 212.617 152.849 0
      vertex 212.659 153.047 0.0799999
    endloop
  endfacet
  facet normal 0.0715349 0.35875 -0.930688
    outer loop
      vertex 213.374 153.141 0.171359
      vertex 212.707 153.274 0.171359
      vertex 212.733 153.395 0.219999
    endloop
  endfacet
  facet normal 0.997866 -0.0653012 0
    outer loop
      vertex 233.395 20.8674 7.38
      vertex 233.6 24 0.219999
      vertex 233.6 24 7.38
    endloop
  endfacet
  facet normal 0.997866 -0.0653012 0
    outer loop
      vertex 233.6 24 0.219999
      vertex 233.395 20.8674 7.38
      vertex 233.395 20.8674 0.219999
    endloop
  endfacet
  facet normal 0.32148 0.946916 -0
    outer loop
      vertex 218.784 151.773 0.219999
      vertex 215.812 152.782 7.38
      vertex 218.784 151.773 7.38
    endloop
  endfacet
  facet normal 0.32148 0.946916 0
    outer loop
      vertex 215.812 152.782 7.38
      vertex 218.784 151.773 0.219999
      vertex 215.812 152.782 0.219999
    endloop
  endfacet
  facet normal -0.0242111 -0.369383 0.928962
    outer loop
      vertex 24.05 0.549999 7.6
      vertex 22.8927 0.424662 7.52
      vertex 24.0318 0.35 7.52
    endloop
  endfacet
  facet normal -0.0242113 -0.369398 0.928956
    outer loop
      vertex 21.5652 0.280896 7.42824
      vertex 24 0 7.38
      vertex 24.011 0.120592 7.42824
    endloop
  endfacet
  facet normal -0.0242122 -0.369405 0.928953
    outer loop
      vertex 24 0 7.38
      vertex 21.5652 0.280896 7.42824
      vertex 20.8674 0.205322 7.38
    endloop
  endfacet
  facet normal 0.324889 0.16002 0.932116
    outer loop
      vertex 231.15 138.768 7.6
      vertex 231.447 138.631 7.52
      vertex 231.15 139.234 7.52
    endloop
  endfacet
  facet normal 0.32501 0.160338 0.93202
    outer loop
      vertex 231.447 138.631 7.52
      vertex 231.15 138.768 7.6
      vertex 231.261 138.543 7.6
    endloop
  endfacet
  facet normal 0.326047 0.160646 0.931604
    outer loop
      vertex 231.773 138.784 7.38
      vertex 231.355 139.347 7.42921
      vertex 231.659 138.73 7.42921
    endloop
  endfacet
  facet normal 0.272226 0.238887 -0.932109
    outer loop
      vertex 226.935 145.96 0.170548
      vertex 228.64 144.21 0.219999
      vertex 228.54 144.131 0.170547
    endloop
  endfacet
  facet normal 0.269325 0.236016 -0.933681
    outer loop
      vertex 228.64 144.21 0.219999
      vertex 226.935 145.96 0.170548
      vertex 226.571 146.571 0.219999
    endloop
  endfacet
  facet normal 0.271263 0.23775 -0.93268
    outer loop
      vertex 228.194 143.856 0
      vertex 227.604 144.843 0.0799999
      vertex 228.356 143.985 0.0799999
    endloop
  endfacet
  facet normal 0.325031 0.160292 -0.93202
    outer loop
      vertex 231.261 138.543 0
      vertex 230.582 140.385 0.0799999
      vertex 231.447 138.631 0.0799999
    endloop
  endfacet
  facet normal 0.325561 0.160478 -0.931803
    outer loop
      vertex 230.582 140.385 0.0799999
      vertex 231.261 138.543 0
      vertex 229.902 141.3 0
    endloop
  endfacet
  facet normal 0.326035 0.160641 -0.931609
    outer loop
      vertex 231.659 138.73 0.170791
      vertex 231.355 139.347 0.170792
      vertex 231.773 138.784 0.219999
    endloop
  endfacet
  facet normal -0.369379 0.0242081 -0.928964
    outer loop
      vertex 0 129.6 0.219999
      vertex 0.280896 132.035 0.171762
      vertex 0.120592 129.589 0.171762
    endloop
  endfacet
  facet normal -0.369366 0.0242065 -0.928969
    outer loop
      vertex 0.280896 132.035 0.171762
      vertex 0 129.6 0.219999
      vertex 0.205322 132.733 0.219999
    endloop
  endfacet
  facet normal -0.369402 0.0242148 -0.928954
    outer loop
      vertex 0.549999 129.55 0
      vertex 0.349999 129.568 0.0799999
      vertex 0.424662 130.707 0.0799999
    endloop
  endfacet
  facet normal 0.369392 0.0243235 -0.928955
    outer loop
      vertex 233.25 129.568 0.0799999
      vertex 233.05 129.55 0
      vertex 233.175 130.707 0.0799999
    endloop
  endfacet
  facet normal 0.368327 0.0240929 -0.929384
    outer loop
      vertex 233.319 132.035 0.171759
      vertex 233.6 129.6 0.219999
      vertex 233.479 129.589 0.17176
    endloop
  endfacet
  facet normal 0.368458 0.0241091 -0.929332
    outer loop
      vertex 233.6 129.6 0.219999
      vertex 233.319 132.035 0.171759
      vertex 233.395 132.733 0.219999
    endloop
  endfacet
  facet normal 0.369964 0.0242461 -0.92873
    outer loop
      vertex 232.849 132.617 0
      vertex 233.175 130.707 0.0799999
      vertex 233.05 129.55 0
    endloop
  endfacet
  facet normal 0.370078 0.0242674 -0.928684
    outer loop
      vertex 233.175 130.707 0.0799999
      vertex 232.849 132.617 0
      vertex 233.047 132.659 0.0799999
    endloop
  endfacet
  facet normal 0.369866 0.0239175 -0.928777
    outer loop
      vertex 233.276 132.7 0.17176
      vertex 233.395 132.733 0.219999
      vertex 233.319 132.035 0.171759
    endloop
  endfacet
  facet normal 0.363148 0.0504601 -0.930364
    outer loop
      vertex 233.395 132.733 0.219999
      vertex 233.276 132.7 0.17176
      vertex 233.274 132.707 0.171359
    endloop
  endfacet
  facet normal -0.0715833 -0.359859 0.930257
    outer loop
      vertex 17.7883 0.81778 7.38
      vertex 20.2263 0.458549 7.42864
      vertex 17.8342 0.934361 7.42863
    endloop
  endfacet
  facet normal -0.0715938 -0.359934 0.930227
    outer loop
      vertex 20.2263 0.458549 7.42864
      vertex 17.7883 0.81778 7.38
      vertex 20.8674 0.205322 7.38
    endloop
  endfacet
  facet normal -0.0712214 -0.359992 0.930233
    outer loop
      vertex 17.7883 0.81778 7.38
      vertex 17.8342 0.934361 7.42863
      vertex 17.8283 0.936381 7.42896
    endloop
  endfacet
  facet normal -0.0715808 -0.359884 0.930247
    outer loop
      vertex 17.9678 1.35073 7.6
      vertex 17.9025 1.15693 7.52
      vertex 19.0222 0.934222 7.52
    endloop
  endfacet
  facet normal 0.299136 -0.199916 -0.933033
    outer loop
      vertex 230.385 12 0.219999
      vertex 228.923 10.0428 0.170631
      vertex 230.276 12.0673 0.170633
    endloop
  endfacet
  facet normal 0.299798 -0.200418 -0.932713
    outer loop
      vertex 228.923 10.0428 0.170631
      vertex 230.385 12 0.219999
      vertex 228.64 9.38972 0.219999
    endloop
  endfacet
  facet normal 0.30088 -0.200967 -0.932246
    outer loop
      vertex 230.077 12.1909 0.0799999
      vertex 229.443 11.2417 0.0799999
      vertex 229.902 12.3 0
    endloop
  endfacet
  facet normal -0.34502 -0.117122 -0.931259
    outer loop
      vertex 1.52388 16.8215 0.0799999
      vertex 2.33883 15.0569 0
      vertex 2.15267 14.9692 0.0799999
    endloop
  endfacet
  facet normal -0.344981 -0.117103 -0.931276
    outer loop
      vertex 2.33883 15.0569 0
      vertex 1.52388 16.8215 0.0799999
      vertex 1.35073 17.9678 0
    endloop
  endfacet
  facet normal -0.344922 -0.11721 -0.931284
    outer loop
      vertex 1.82689 14.8156 0.219999
      vertex 1.93927 14.8739 0.171039
      vertex 1.94139 14.8696 0.170795
    endloop
  endfacet
  facet normal -0.344972 -0.117109 -0.931279
    outer loop
      vertex 1.93927 14.8739 0.171039
      vertex 1.82689 14.8156 0.219999
      vertex 1.72092 15.5171 0.171039
    endloop
  endfacet
  facet normal 0.346299 -0.117621 0.930721
    outer loop
      vertex 231.879 15.5171 7.42896
      vertex 232.782 17.7883 7.38
      vertex 232.664 17.8283 7.42896
    endloop
  endfacet
  facet normal 0.345124 -0.117143 0.931218
    outer loop
      vertex 232.782 17.7883 7.38
      vertex 231.879 15.5171 7.42896
      vertex 231.773 14.8156 7.38
    endloop
  endfacet
  facet normal 0.34469 -0.117023 0.931394
    outer loop
      vertex 232.249 17.9678 7.6
      vertex 232.076 16.8215 7.52
      vertex 232.443 17.9025 7.52
    endloop
  endfacet
  facet normal 0.324274 -0.160322 0.932279
    outer loop
      vertex 231.15 13.5521 7.38
      vertex 231.355 14.2529 7.42921
      vertex 231.15 13.8382 7.4292
    endloop
  endfacet
  facet normal 0.32616 -0.160821 0.931534
    outer loop
      vertex 231.355 14.2529 7.42921
      vertex 231.15 13.5521 7.38
      vertex 231.773 14.8156 7.38
    endloop
  endfacet
  facet normal 0.195258 0.980752 -0
    outer loop
      vertex 215.812 152.782 0.219999
      vertex 212.733 153.395 7.38
      vertex 215.812 152.782 7.38
    endloop
  endfacet
  facet normal 0.195258 0.980752 0
    outer loop
      vertex 212.733 153.395 7.38
      vertex 215.812 152.782 0.219999
      vertex 212.733 153.395 0.219999
    endloop
  endfacet
  facet normal 0.368458 0.0241091 0.929332
    outer loop
      vertex 233.319 132.035 7.42824
      vertex 233.6 129.6 7.38
      vertex 233.395 132.733 7.38
    endloop
  endfacet
  facet normal 0.368333 0.0240938 0.929382
    outer loop
      vertex 233.6 129.6 7.38
      vertex 233.319 132.035 7.42824
      vertex 233.479 129.589 7.42824
    endloop
  endfacet
  facet normal 0.369393 0.0243235 0.928955
    outer loop
      vertex 233.175 130.707 7.52
      vertex 233.05 129.55 7.6
      vertex 233.25 129.568 7.52
    endloop
  endfacet
  facet normal 1 0 0
    outer loop
      vertex 233.6 129.6 7.38
      vertex 233.6 103.804 3.8
      vertex 233.6 129.6 0.219999
    endloop
  endfacet
  facet normal 1 0 0
    outer loop
      vertex 233.6 129.6 7.38
      vertex 233.6 103.802 3.85559
      vertex 233.6 103.804 3.8
    endloop
  endfacet
  facet normal 1 0 0
    outer loop
      vertex 233.6 129.6 7.38
      vertex 233.6 103.797 3.91095
      vertex 233.6 103.802 3.85559
    endloop
  endfacet
  facet normal 1 0 0
    outer loop
      vertex 233.6 129.6 7.38
      vertex 233.6 103.788 3.96583
      vertex 233.6 103.797 3.91095
    endloop
  endfacet
  facet normal 1 0 0
    outer loop
      vertex 233.6 129.6 7.38
      vertex 233.6 103.775 4.02
      vertex 233.6 103.788 3.96583
    endloop
  endfacet
  facet normal 1 0 0
    outer loop
      vertex 233.6 129.6 7.38
      vertex 233.6 103.759 4.07322
      vertex 233.6 103.775 4.02
    endloop
  endfacet
  facet normal 1 0 0
    outer loop
      vertex 233.6 129.6 7.38
      vertex 233.6 103.739 4.12528
      vertex 233.6 103.759 4.07322
    endloop
  endfacet
  facet normal 1 0 0
    outer loop
      vertex 233.6 129.6 7.38
      vertex 233.6 103.716 4.17595
      vertex 233.6 103.739 4.12528
    endloop
  endfacet
  facet normal 1 0 0
    outer loop
      vertex 233.6 129.6 7.38
      vertex 233.6 103.69 4.225
      vertex 233.6 103.716 4.17595
    endloop
  endfacet
  facet normal 1 0 0
    outer loop
      vertex 233.6 129.6 7.38
      vertex 233.6 103.661 4.27223
      vertex 233.6 103.69 4.225
    endloop
  endfacet
  facet normal 1 0 0
    outer loop
      vertex 233.6 129.6 7.38
      vertex 233.6 103.628 4.31745
      vertex 233.6 103.661 4.27223
    endloop
  endfacet
  facet normal 1 0 0
    outer loop
      vertex 233.6 129.6 7.38
      vertex 233.6 103.593 4.36044
      vertex 233.6 103.628 4.31745
    endloop
  endfacet
  facet normal 1 0 0
    outer loop
      vertex 233.6 129.6 7.38
      vertex 233.6 103.555 4.40104
      vertex 233.6 103.593 4.36044
    endloop
  endfacet
  facet normal 1 0 0
    outer loop
      vertex 233.6 129.6 7.38
      vertex 233.6 103.514 4.43906
      vertex 233.6 103.555 4.40104
    endloop
  endfacet
  facet normal 1 0 0
    outer loop
      vertex 233.6 129.6 7.38
      vertex 233.6 103.471 4.47435
      vertex 233.6 103.514 4.43906
    endloop
  endfacet
  facet normal 1 0 0
    outer loop
      vertex 233.6 129.6 7.38
      vertex 233.6 103.426 4.50675
      vertex 233.6 103.471 4.47435
    endloop
  endfacet
  facet normal 1 0 0
    outer loop
      vertex 233.6 129.6 7.38
      vertex 233.6 103.379 4.53612
      vertex 233.6 103.426 4.50675
    endloop
  endfacet
  facet normal 1 0 0
    outer loop
      vertex 233.6 129.6 7.38
      vertex 233.6 103.33 4.56234
      vertex 233.6 103.379 4.53612
    endloop
  endfacet
  facet normal 1 0 0
    outer loop
      vertex 233.6 129.6 7.38
      vertex 233.6 103.279 4.5853
      vertex 233.6 103.33 4.56234
    endloop
  endfacet
  facet normal 1 0 0
    outer loop
      vertex 233.6 129.6 7.38
      vertex 233.6 103.227 4.60489
      vertex 233.6 103.279 4.5853
    endloop
  endfacet
  facet normal 1 0 0
    outer loop
      vertex 233.6 129.6 7.38
      vertex 233.6 103.174 4.62104
      vertex 233.6 103.227 4.60489
    endloop
  endfacet
  facet normal 1 0 0
    outer loop
      vertex 233.6 129.6 7.38
      vertex 233.6 103.12 4.63367
      vertex 233.6 103.174 4.62104
    endloop
  endfacet
  facet normal 1 0 0
    outer loop
      vertex 233.6 129.6 7.38
      vertex 233.6 103.065 4.64273
      vertex 233.6 103.12 4.63367
    endloop
  endfacet
  facet normal 1 0 0
    outer loop
      vertex 233.6 129.6 7.38
      vertex 233.6 103.01 4.64818
      vertex 233.6 103.065 4.64273
    endloop
  endfacet
  facet normal 1 0 0
    outer loop
      vertex 233.6 129.6 7.38
      vertex 233.6 102.954 4.65
      vertex 233.6 103.01 4.64818
    endloop
  endfacet
  facet normal 1 0 0
    outer loop
      vertex 233.6 129.6 7.38
      vertex 233.6 93.654 4.65
      vertex 233.6 102.954 4.65
    endloop
  endfacet
  facet normal 1 0 0
    outer loop
      vertex 233.6 129.6 7.38
      vertex 233.6 93.5984 4.64818
      vertex 233.6 93.654 4.65
    endloop
  endfacet
  facet normal 1 0 0
    outer loop
      vertex 233.6 92.8058 3.85559
      vertex 233.6 24 7.38
      vertex 233.6 92.804 3.8
    endloop
  endfacet
  facet normal 1 0 0
    outer loop
      vertex 233.6 92.8113 3.91095
      vertex 233.6 24 7.38
      vertex 233.6 92.8058 3.85559
    endloop
  endfacet
  facet normal 1 0 0
    outer loop
      vertex 233.6 92.8203 3.96583
      vertex 233.6 24 7.38
      vertex 233.6 92.8113 3.91095
    endloop
  endfacet
  facet normal 1 0 0
    outer loop
      vertex 233.6 92.833 4.02
      vertex 233.6 24 7.38
      vertex 233.6 92.8203 3.96583
    endloop
  endfacet
  facet normal 1 0 0
    outer loop
      vertex 233.6 92.8491 4.07322
      vertex 233.6 24 7.38
      vertex 233.6 92.833 4.02
    endloop
  endfacet
  facet normal 1 0 0
    outer loop
      vertex 233.6 92.8687 4.12528
      vertex 233.6 24 7.38
      vertex 233.6 92.8491 4.07322
    endloop
  endfacet
  facet normal 1 0 0
    outer loop
      vertex 233.6 92.8917 4.17595
      vertex 233.6 24 7.38
      vertex 233.6 92.8687 4.12528
    endloop
  endfacet
  facet normal 1 0 0
    outer loop
      vertex 233.6 92.9179 4.225
      vertex 233.6 24 7.38
      vertex 233.6 92.8917 4.17595
    endloop
  endfacet
  facet normal 1 0 0
    outer loop
      vertex 233.6 92.9473 4.27223
      vertex 233.6 24 7.38
      vertex 233.6 92.9179 4.225
    endloop
  endfacet
  facet normal 1 0 0
    outer loop
      vertex 233.6 92.9797 4.31745
      vertex 233.6 24 7.38
      vertex 233.6 92.9473 4.27223
    endloop
  endfacet
  facet normal 1 0 0
    outer loop
      vertex 233.6 93.0149 4.36044
      vertex 233.6 24 7.38
      vertex 233.6 92.9797 4.31745
    endloop
  endfacet
  facet normal 1 0 0
    outer loop
      vertex 233.6 93.053 4.40104
      vertex 233.6 24 7.38
      vertex 233.6 93.0149 4.36044
    endloop
  endfacet
  facet normal 1 0 0
    outer loop
      vertex 233.6 93.0936 4.43906
      vertex 233.6 24 7.38
      vertex 233.6 93.053 4.40104
    endloop
  endfacet
  facet normal 1 0 0
    outer loop
      vertex 233.6 93.1366 4.47435
      vertex 233.6 24 7.38
      vertex 233.6 93.0936 4.43906
    endloop
  endfacet
  facet normal 1 0 0
    outer loop
      vertex 233.6 93.1818 4.50675
      vertex 233.6 24 7.38
      vertex 233.6 93.1366 4.47435
    endloop
  endfacet
  facet normal 1 0 0
    outer loop
      vertex 233.6 93.229 4.53612
      vertex 233.6 24 7.38
      vertex 233.6 93.1818 4.50675
    endloop
  endfacet
  facet normal 1 0 0
    outer loop
      vertex 233.6 93.2781 4.56234
      vertex 233.6 24 7.38
      vertex 233.6 93.229 4.53612
    endloop
  endfacet
  facet normal 1 0 0
    outer loop
      vertex 233.6 93.3287 4.5853
      vertex 233.6 24 7.38
      vertex 233.6 93.2781 4.56234
    endloop
  endfacet
  facet normal 1 0 0
    outer loop
      vertex 233.6 93.3808 4.60489
      vertex 233.6 24 7.38
      vertex 233.6 93.3287 4.5853
    endloop
  endfacet
  facet normal 1 0 0
    outer loop
      vertex 233.6 93.434 4.62104
      vertex 233.6 24 7.38
      vertex 233.6 93.3808 4.60489
    endloop
  endfacet
  facet normal 1 0 0
    outer loop
      vertex 233.6 93.4882 4.63367
      vertex 233.6 24 7.38
      vertex 233.6 93.434 4.62104
    endloop
  endfacet
  facet normal 1 0 0
    outer loop
      vertex 233.6 93.5431 4.64273
      vertex 233.6 24 7.38
      vertex 233.6 93.4882 4.63367
    endloop
  endfacet
  facet normal 1 0 0
    outer loop
      vertex 233.6 93.5984 4.64818
      vertex 233.6 24 7.38
      vertex 233.6 93.5431 4.64273
    endloop
  endfacet
  facet normal 1 -0 0
    outer loop
      vertex 233.6 24 7.38
      vertex 233.6 93.5984 4.64818
      vertex 233.6 129.6 7.38
    endloop
  endfacet
  facet normal 1 -0 0
    outer loop
      vertex 233.6 103.802 3.74441
      vertex 233.6 129.6 0.219999
      vertex 233.6 103.804 3.8
    endloop
  endfacet
  facet normal 1 -0 0
    outer loop
      vertex 233.6 103.797 3.68905
      vertex 233.6 129.6 0.219999
      vertex 233.6 103.802 3.74441
    endloop
  endfacet
  facet normal 1 -0 0
    outer loop
      vertex 233.6 103.788 3.63417
      vertex 233.6 129.6 0.219999
      vertex 233.6 103.797 3.68905
    endloop
  endfacet
  facet normal 1 -0 0
    outer loop
      vertex 233.6 103.775 3.58
      vertex 233.6 129.6 0.219999
      vertex 233.6 103.788 3.63417
    endloop
  endfacet
  facet normal 1 -0 0
    outer loop
      vertex 233.6 103.759 3.52678
      vertex 233.6 129.6 0.219999
      vertex 233.6 103.775 3.58
    endloop
  endfacet
  facet normal 1 -0 0
    outer loop
      vertex 233.6 103.739 3.47472
      vertex 233.6 129.6 0.219999
      vertex 233.6 103.759 3.52678
    endloop
  endfacet
  facet normal 1 -0 0
    outer loop
      vertex 233.6 103.716 3.42405
      vertex 233.6 129.6 0.219999
      vertex 233.6 103.739 3.47472
    endloop
  endfacet
  facet normal 1 -0 0
    outer loop
      vertex 233.6 103.69 3.375
      vertex 233.6 129.6 0.219999
      vertex 233.6 103.716 3.42405
    endloop
  endfacet
  facet normal 1 -0 0
    outer loop
      vertex 233.6 103.661 3.32776
      vertex 233.6 129.6 0.219999
      vertex 233.6 103.69 3.375
    endloop
  endfacet
  facet normal 1 -0 0
    outer loop
      vertex 233.6 103.628 3.28255
      vertex 233.6 129.6 0.219999
      vertex 233.6 103.661 3.32776
    endloop
  endfacet
  facet normal 1 -0 0
    outer loop
      vertex 233.6 103.593 3.23956
      vertex 233.6 129.6 0.219999
      vertex 233.6 103.628 3.28255
    endloop
  endfacet
  facet normal 1 -0 0
    outer loop
      vertex 233.6 103.555 3.19896
      vertex 233.6 129.6 0.219999
      vertex 233.6 103.593 3.23956
    endloop
  endfacet
  facet normal 1 -0 0
    outer loop
      vertex 233.6 103.514 3.16094
      vertex 233.6 129.6 0.219999
      vertex 233.6 103.555 3.19896
    endloop
  endfacet
  facet normal 1 -0 0
    outer loop
      vertex 233.6 103.471 3.12565
      vertex 233.6 129.6 0.219999
      vertex 233.6 103.514 3.16094
    endloop
  endfacet
  facet normal 1 -0 0
    outer loop
      vertex 233.6 103.426 3.09325
      vertex 233.6 129.6 0.219999
      vertex 233.6 103.471 3.12565
    endloop
  endfacet
  facet normal 1 -0 0
    outer loop
      vertex 233.6 103.379 3.06388
      vertex 233.6 129.6 0.219999
      vertex 233.6 103.426 3.09325
    endloop
  endfacet
  facet normal 1 -0 0
    outer loop
      vertex 233.6 103.33 3.03766
      vertex 233.6 129.6 0.219999
      vertex 233.6 103.379 3.06388
    endloop
  endfacet
  facet normal 1 -0 0
    outer loop
      vertex 233.6 103.279 3.0147
      vertex 233.6 129.6 0.219999
      vertex 233.6 103.33 3.03766
    endloop
  endfacet
  facet normal 1 -0 0
    outer loop
      vertex 233.6 103.227 2.99511
      vertex 233.6 129.6 0.219999
      vertex 233.6 103.279 3.0147
    endloop
  endfacet
  facet normal 1 -0 0
    outer loop
      vertex 233.6 103.174 2.97896
      vertex 233.6 129.6 0.219999
      vertex 233.6 103.227 2.99511
    endloop
  endfacet
  facet normal 1 -0 0
    outer loop
      vertex 233.6 103.12 2.96633
      vertex 233.6 129.6 0.219999
      vertex 233.6 103.174 2.97896
    endloop
  endfacet
  facet normal 1 -0 0
    outer loop
      vertex 233.6 103.065 2.95727
      vertex 233.6 129.6 0.219999
      vertex 233.6 103.12 2.96633
    endloop
  endfacet
  facet normal 1 -0 0
    outer loop
      vertex 233.6 103.01 2.95182
      vertex 233.6 129.6 0.219999
      vertex 233.6 103.065 2.95727
    endloop
  endfacet
  facet normal 1 -0 0
    outer loop
      vertex 233.6 102.954 2.95
      vertex 233.6 129.6 0.219999
      vertex 233.6 103.01 2.95182
    endloop
  endfacet
  facet normal 1 -0 0
    outer loop
      vertex 233.6 93.654 2.95
      vertex 233.6 129.6 0.219999
      vertex 233.6 102.954 2.95
    endloop
  endfacet
  facet normal 1 0 0
    outer loop
      vertex 233.6 93.5984 2.95182
      vertex 233.6 129.6 0.219999
      vertex 233.6 93.654 2.95
    endloop
  endfacet
  facet normal 1 0 0
    outer loop
      vertex 233.6 24 0.219999
      vertex 233.6 92.804 3.8
      vertex 233.6 24 7.38
    endloop
  endfacet
  facet normal 1 0 0
    outer loop
      vertex 233.6 92.804 3.8
      vertex 233.6 24 0.219999
      vertex 233.6 92.8058 3.74441
    endloop
  endfacet
  facet normal 1 0 0
    outer loop
      vertex 233.6 92.8058 3.74441
      vertex 233.6 24 0.219999
      vertex 233.6 92.8113 3.68905
    endloop
  endfacet
  facet normal 1 0 0
    outer loop
      vertex 233.6 92.8113 3.68905
      vertex 233.6 24 0.219999
      vertex 233.6 92.8203 3.63417
    endloop
  endfacet
  facet normal 1 0 0
    outer loop
      vertex 233.6 92.8203 3.63417
      vertex 233.6 24 0.219999
      vertex 233.6 92.833 3.58
    endloop
  endfacet
  facet normal 1 0 0
    outer loop
      vertex 233.6 92.833 3.58
      vertex 233.6 24 0.219999
      vertex 233.6 92.8491 3.52678
    endloop
  endfacet
  facet normal 1 0 0
    outer loop
      vertex 233.6 92.8491 3.52678
      vertex 233.6 24 0.219999
      vertex 233.6 92.8687 3.47472
    endloop
  endfacet
  facet normal 1 0 0
    outer loop
      vertex 233.6 92.8687 3.47472
      vertex 233.6 24 0.219999
      vertex 233.6 92.8917 3.42405
    endloop
  endfacet
  facet normal 1 0 0
    outer loop
      vertex 233.6 92.8917 3.42405
      vertex 233.6 24 0.219999
      vertex 233.6 92.9179 3.375
    endloop
  endfacet
  facet normal 1 0 0
    outer loop
      vertex 233.6 92.9179 3.375
      vertex 233.6 24 0.219999
      vertex 233.6 92.9473 3.32776
    endloop
  endfacet
  facet normal 1 0 0
    outer loop
      vertex 233.6 92.9473 3.32776
      vertex 233.6 24 0.219999
      vertex 233.6 92.9797 3.28255
    endloop
  endfacet
  facet normal 1 0 0
    outer loop
      vertex 233.6 92.9797 3.28255
      vertex 233.6 24 0.219999
      vertex 233.6 93.0149 3.23956
    endloop
  endfacet
  facet normal 1 0 0
    outer loop
      vertex 233.6 93.0149 3.23956
      vertex 233.6 24 0.219999
      vertex 233.6 93.053 3.19896
    endloop
  endfacet
  facet normal 1 0 0
    outer loop
      vertex 233.6 93.053 3.19896
      vertex 233.6 24 0.219999
      vertex 233.6 93.0936 3.16094
    endloop
  endfacet
  facet normal 1 0 0
    outer loop
      vertex 233.6 93.0936 3.16094
      vertex 233.6 24 0.219999
      vertex 233.6 93.1366 3.12565
    endloop
  endfacet
  facet normal 1 0 0
    outer loop
      vertex 233.6 93.1366 3.12565
      vertex 233.6 24 0.219999
      vertex 233.6 93.1818 3.09325
    endloop
  endfacet
  facet normal 1 0 0
    outer loop
      vertex 233.6 93.1818 3.09325
      vertex 233.6 24 0.219999
      vertex 233.6 93.229 3.06388
    endloop
  endfacet
  facet normal 1 0 0
    outer loop
      vertex 233.6 93.229 3.06388
      vertex 233.6 24 0.219999
      vertex 233.6 93.2781 3.03766
    endloop
  endfacet
  facet normal 1 0 0
    outer loop
      vertex 233.6 93.2781 3.03766
      vertex 233.6 24 0.219999
      vertex 233.6 93.3287 3.0147
    endloop
  endfacet
  facet normal 1 0 0
    outer loop
      vertex 233.6 93.3287 3.0147
      vertex 233.6 24 0.219999
      vertex 233.6 93.3808 2.99511
    endloop
  endfacet
  facet normal 1 0 0
    outer loop
      vertex 233.6 93.3808 2.99511
      vertex 233.6 24 0.219999
      vertex 233.6 93.434 2.97896
    endloop
  endfacet
  facet normal 1 0 0
    outer loop
      vertex 233.6 93.434 2.97896
      vertex 233.6 24 0.219999
      vertex 233.6 93.4882 2.96633
    endloop
  endfacet
  facet normal 1 0 0
    outer loop
      vertex 233.6 93.4882 2.96633
      vertex 233.6 24 0.219999
      vertex 233.6 93.5431 2.95727
    endloop
  endfacet
  facet normal 1 0 0
    outer loop
      vertex 233.6 93.5431 2.95727
      vertex 233.6 24 0.219999
      vertex 233.6 93.5984 2.95182
    endloop
  endfacet
  facet normal 1 0 0
    outer loop
      vertex 233.6 93.5984 2.95182
      vertex 233.6 24 0.219999
      vertex 233.6 129.6 0.219999
    endloop
  endfacet
  facet normal 0 -0.371392 0.928476
    outer loop
      vertex 24.05 0.549999 7.6
      vertex 209.568 0.35 7.52
      vertex 209.55 0.549999 7.6
    endloop
  endfacet
  facet normal 0 -0.371392 0.928476
    outer loop
      vertex 209.568 0.35 7.52
      vertex 24.05 0.549999 7.6
      vertex 24.0318 0.35 7.52
    endloop
  endfacet
  facet normal -0.000326539 -0.371438 0.928458
    outer loop
      vertex 209.58 0.12 7.428
      vertex 209.6 0 7.38
      vertex 209.589 0.120592 7.42824
    endloop
  endfacet
  facet normal 0 -0.371391 0.928477
    outer loop
      vertex 24.02 0.12 7.428
      vertex 209.6 0 7.38
      vertex 209.58 0.12 7.428
    endloop
  endfacet
  facet normal 0 -0.371391 0.928477
    outer loop
      vertex 24.02 0.12 7.428
      vertex 24 0 7.38
      vertex 209.6 0 7.38
    endloop
  endfacet
  facet normal 0.000326539 -0.371438 0.928458
    outer loop
      vertex 24 0 7.38
      vertex 24.02 0.12 7.428
      vertex 24.011 0.120592 7.42824
    endloop
  endfacet
  facet normal 0.659068 0.752083 -0
    outer loop
      vertex 226.571 146.571 0.219999
      vertex 224.21 148.64 6.55
      vertex 226.571 146.571 6.55
    endloop
  endfacet
  facet normal 0.659068 0.752083 0
    outer loop
      vertex 224.21 148.64 6.55
      vertex 226.571 146.571 0.219999
      vertex 224.21 148.64 0.219999
    endloop
  endfacet
  facet normal -0.321444 -0.946929 0
    outer loop
      vertex 14.8156 1.82689 0.219999
      vertex 17.7883 0.81778 7.38
      vertex 14.8156 1.82689 7.38
    endloop
  endfacet
  facet normal -0.321444 -0.946929 -0
    outer loop
      vertex 17.7883 0.81778 7.38
      vertex 14.8156 1.82689 0.219999
      vertex 17.7883 0.81778 0.219999
    endloop
  endfacet
  facet normal 0.659232 -0.751939 0
    outer loop
      vertex 224.21 4.95952 0.219999
      vertex 226.571 7.02943 6.55
      vertex 224.21 4.95952 6.55
    endloop
  endfacet
  facet normal 0.659232 -0.751939 0
    outer loop
      vertex 226.571 7.02943 6.55
      vertex 224.21 4.95952 0.219999
      vertex 226.571 7.02943 0.219999
    endloop
  endfacet
  facet normal -0.369372 0.02421 0.928966
    outer loop
      vertex 0.424662 130.707 7.52
      vertex 0.751049 132.617 7.6
      vertex 0.552603 132.659 7.52
    endloop
  endfacet
  facet normal -0.3694 0.0242151 0.928955
    outer loop
      vertex 0.751049 132.617 7.6
      vertex 0.424662 130.707 7.52
      vertex 0.549999 129.55 7.6
    endloop
  endfacet
  facet normal -0.369411 0.0242045 0.928951
    outer loop
      vertex 0.324468 132.7 7.42824
      vertex 0.205322 132.733 7.38
      vertex 0.280896 132.035 7.42824
    endloop
  endfacet
  facet normal -0.368922 0.0261746 0.929092
    outer loop
      vertex 0.205322 132.733 7.38
      vertex 0.324468 132.7 7.42824
      vertex 0.325972 132.707 7.42864
    endloop
  endfacet
  facet normal 0.358265 0.0713272 -0.930891
    outer loop
      vertex 233.141 133.374 0.171359
      vertex 232.782 135.812 0.219999
      vertex 233.395 132.733 0.219999
    endloop
  endfacet
  facet normal 0.361341 0.0717557 -0.929669
    outer loop
      vertex 232.666 135.766 0.171362
      vertex 232.782 135.812 0.219999
      vertex 233.141 133.374 0.171359
    endloop
  endfacet
  facet normal 0.361835 0.0704144 -0.929579
    outer loop
      vertex 232.782 135.812 0.219999
      vertex 232.666 135.766 0.171362
      vertex 232.664 135.772 0.171038
    endloop
  endfacet
  facet normal 0.359631 0.0716691 -0.930338
    outer loop
      vertex 232.666 134.578 0.0799999
      vertex 232.249 135.632 0
      vertex 232.443 135.697 0.0799999
    endloop
  endfacet
  facet normal 0.346299 -0.11762 -0.930721
    outer loop
      vertex 232.782 17.7883 0.219999
      vertex 231.879 15.5171 0.171036
      vertex 232.664 17.8283 0.171039
    endloop
  endfacet
  facet normal 0.345142 -0.117149 -0.931211
    outer loop
      vertex 231.879 15.5171 0.171036
      vertex 232.782 17.7883 0.219999
      vertex 231.773 14.8156 0.219999
    endloop
  endfacet
  facet normal 0.34469 -0.117022 -0.931394
    outer loop
      vertex 232.443 17.9025 0.0799999
      vertex 232.076 16.8215 0.0799999
      vertex 232.249 17.9678 0
    endloop
  endfacet
  facet normal 0.237413 -0.270771 -0.932909
    outer loop
      vertex 224.843 5.99647 0.0799999
      vertex 226.167 7.43299 0
      vertex 226.314 7.28625 0.0799999
    endloop
  endfacet
  facet normal 0.23768 -0.271009 -0.932771
    outer loop
      vertex 226.167 7.43299 0
      vertex 224.843 5.99647 0.0799999
      vertex 223.856 5.4062 0
    endloop
  endfacet
  facet normal 0.237148 -0.270691 -0.932999
    outer loop
      vertex 226.48 7.12014 0.170551
      vertex 226.571 7.02943 0.219999
      vertex 225.96 6.66458 0.17055
    endloop
  endfacet
  facet normal 0.36847 -0.024113 -0.929327
    outer loop
      vertex 233.319 21.5652 0.17176
      vertex 233.6 24 0.219999
      vertex 233.395 20.8674 0.219999
    endloop
  endfacet
  facet normal 0.368327 -0.0240953 -0.929384
    outer loop
      vertex 233.6 24 0.219999
      vertex 233.319 21.5652 0.17176
      vertex 233.479 24.011 0.17176
    endloop
  endfacet
  facet normal 0.369372 -0.02432 -0.928963
    outer loop
      vertex 233.175 22.8927 0.0799999
      vertex 233.05 24.05 0
      vertex 233.25 24.0318 0.0799999
    endloop
  endfacet
  facet normal -0.359901 -0.0715887 -0.93024
    outer loop
      vertex 0.93422 19.0222 0.0799999
      vertex 0.751049 20.9826 0
      vertex 1.35073 17.9678 0
    endloop
  endfacet
  facet normal -0.359895 -0.0715883 -0.930242
    outer loop
      vertex 0.751049 20.9826 0
      vertex 0.93422 19.0222 0.0799999
      vertex 0.552603 20.9407 0.0799999
    endloop
  endfacet
  facet normal -0.359881 -0.0715757 -0.930249
    outer loop
      vertex 0.458549 20.2263 0.171362
      vertex 0.205322 20.8674 0.219999
      vertex 0.325971 20.8929 0.171362
    endloop
  endfacet
  facet normal 0.345227 -0.117231 -0.931169
    outer loop
      vertex 231.261 15.0569 0
      vertex 232.076 16.8215 0.0799999
      vertex 231.447 14.9692 0.0799999
    endloop
  endfacet
  facet normal 0.344828 -0.11704 -0.93134
    outer loop
      vertex 232.076 16.8215 0.0799999
      vertex 231.261 15.0569 0
      vertex 232.249 17.9678 0
    endloop
  endfacet
  facet normal 0.345925 -0.117246 -0.930908
    outer loop
      vertex 231.773 14.8156 0.219999
      vertex 231.661 14.8739 0.171037
      vertex 231.879 15.5171 0.171036
    endloop
  endfacet
  facet normal 0.349596 -0.109805 -0.930444
    outer loop
      vertex 231.661 14.8739 0.171037
      vertex 231.773 14.8156 0.219999
      vertex 231.659 14.8696 0.170793
    endloop
  endfacet
  facet normal 0.325824 0.160685 -0.931675
    outer loop
      vertex 230.582 140.385 0.0799999
      vertex 229.902 141.3 0
      vertex 230.077 141.409 0.0799999
    endloop
  endfacet
  facet normal 0.326243 0.160805 -0.931508
    outer loop
      vertex 231.355 139.347 0.170792
      vertex 230.385 141.6 0.219999
      vertex 231.773 138.784 0.219999
    endloop
  endfacet
  facet normal 0.324142 0.159919 -0.932394
    outer loop
      vertex 230.278 141.53 0.170795
      vertex 230.385 141.6 0.219999
      vertex 231.355 139.347 0.170792
    endloop
  endfacet
  facet normal 0.321829 0.163572 -0.932561
    outer loop
      vertex 230.385 141.6 0.219999
      vertex 230.278 141.53 0.170795
      vertex 230.276 141.533 0.170631
    endloop
  endfacet
  facet normal 0.200795 0.300547 -0.932391
    outer loop
      vertex 223.856 148.194 0
      vertex 222.358 149.443 0.0799999
      vertex 223.985 148.356 0.0799999
    endloop
  endfacet
  facet normal 0.200971 0.300751 -0.932287
    outer loop
      vertex 222.358 149.443 0.0799999
      vertex 223.856 148.194 0
      vertex 221.3 149.902 0
    endloop
  endfacet
  facet normal 0.136676 0.350261 -0.926626
    outer loop
      vertex 224.129 148.541 0.17063
      vertex 224.21 148.64 0.219999
      vertex 224.131 148.54 0.170547
    endloop
  endfacet
  facet normal 0.200791 0.300661 -0.932355
    outer loop
      vertex 224.21 148.64 0.219999
      vertex 224.129 148.541 0.17063
      vertex 223.557 148.923 0.17063
    endloop
  endfacet
  facet normal -0.0242109 -0.369384 -0.928961
    outer loop
      vertex 22.8927 0.424662 0.0799999
      vertex 20.9826 0.751049 0
      vertex 24.05 0.549999 0
    endloop
  endfacet
  facet normal -0.0242106 -0.369382 -0.928962
    outer loop
      vertex 20.9826 0.751049 0
      vertex 22.8927 0.424662 0.0799999
      vertex 20.9407 0.552603 0.0799999
    endloop
  endfacet
  facet normal -0.0243484 -0.369348 -0.928972
    outer loop
      vertex 20.9004 0.324468 0.171763
      vertex 20.8674 0.205322 0.219999
      vertex 20.8929 0.325971 0.171362
    endloop
  endfacet
  facet normal -0.0242113 -0.369382 -0.928962
    outer loop
      vertex 20.8674 0.205322 0.219999
      vertex 20.9004 0.324468 0.171763
      vertex 21.5652 0.280896 0.171762
    endloop
  endfacet
  facet normal 0.831342 -0.555761 0
    outer loop
      vertex 228.64 9.38972 6.55
      vertex 230.385 12 0.219999
      vertex 230.385 12 6.55
    endloop
  endfacet
  facet normal 0.831342 -0.555761 0
    outer loop
      vertex 230.385 12 0.219999
      vertex 228.64 9.38972 6.55
      vertex 228.64 9.38972 0.219999
    endloop
  endfacet
  facet normal 0.369873 0.0239166 0.928775
    outer loop
      vertex 233.395 132.733 7.38
      vertex 233.276 132.7 7.42824
      vertex 233.319 132.035 7.42824
    endloop
  endfacet
  facet normal 0.363123 0.0505855 0.930367
    outer loop
      vertex 233.276 132.7 7.42824
      vertex 233.395 132.733 7.38
      vertex 233.274 132.707 7.42864
    endloop
  endfacet
  facet normal 0.370078 0.0242674 0.928684
    outer loop
      vertex 232.849 132.617 7.6
      vertex 233.175 130.707 7.52
      vertex 233.047 132.659 7.52
    endloop
  endfacet
  facet normal 0.369965 0.0242461 0.928729
    outer loop
      vertex 233.175 130.707 7.52
      vertex 232.849 132.617 7.6
      vertex 233.05 129.55 7.6
    endloop
  endfacet
  facet normal -0.659344 -0.751841 0
    outer loop
      vertex 7.02943 7.02943 0.219999
      vertex 9.38972 4.95952 6.55
      vertex 7.02943 7.02943 6.55
    endloop
  endfacet
  facet normal -0.659344 -0.751841 -0
    outer loop
      vertex 9.38972 4.95952 6.55
      vertex 7.02943 7.02943 0.219999
      vertex 9.38972 4.95952 0.219999
    endloop
  endfacet
  facet normal 0.358987 -0.0716251 -0.93059
    outer loop
      vertex 233.395 20.8674 0.219999
      vertex 233.141 20.2263 0.171359
      vertex 233.274 20.8929 0.171359
    endloop
  endfacet
  facet normal 0.360591 -0.0716108 -0.929971
    outer loop
      vertex 232.666 19.0222 0.0799999
      vertex 232.849 20.9826 0
      vertex 233.047 20.9407 0.0799999
    endloop
  endfacet
  facet normal 0.359331 -0.0715133 -0.930466
    outer loop
      vertex 232.849 20.9826 0
      vertex 232.666 19.0222 0.0799999
      vertex 232.249 17.9678 0
    endloop
  endfacet
  facet normal -0.0654033 -0.997859 0
    outer loop
      vertex 20.8674 0.205322 0.219999
      vertex 24 0 7.38
      vertex 20.8674 0.205322 7.38
    endloop
  endfacet
  facet normal -0.0654033 -0.997859 -0
    outer loop
      vertex 24 0 7.38
      vertex 20.8674 0.205322 0.219999
      vertex 24 0 0.219999
    endloop
  endfacet
  facet normal 0.117266 0.345405 -0.931098
    outer loop
      vertex 218.083 151.879 0.171035
      vertex 215.812 152.782 0.219999
      vertex 218.784 151.773 0.219999
    endloop
  endfacet
  facet normal 0.117631 0.346303 -0.930719
    outer loop
      vertex 215.812 152.782 0.219999
      vertex 218.083 151.879 0.171035
      vertex 215.772 152.664 0.171038
    endloop
  endfacet
  facet normal 0.11707 0.344831 -0.931336
    outer loop
      vertex 216.778 152.076 0.0799999
      vertex 215.632 152.249 0
      vertex 215.697 152.443 0.0799999
    endloop
  endfacet
  facet normal 0.160015 0.32472 0.932176
    outer loop
      vertex 219.338 151.5 7.38
      vertex 218.784 151.773 7.38
      vertex 219.151 151.5 7.4121
    endloop
  endfacet
  facet normal 0.371391 0 0.928477
    outer loop
      vertex 233.6 129.6 7.38
      vertex 233.48 129.58 7.428
      vertex 233.6 24 7.38
    endloop
  endfacet
  facet normal 0.36901 0.0162202 0.929284
    outer loop
      vertex 233.48 129.58 7.428
      vertex 233.6 129.6 7.38
      vertex 233.479 129.589 7.42824
    endloop
  endfacet
  facet normal 0.371391 -0 0.928477
    outer loop
      vertex 233.48 24.02 7.428
      vertex 233.6 24 7.38
      vertex 233.48 129.58 7.428
    endloop
  endfacet
  facet normal 0.36901 -0.0162202 0.929284
    outer loop
      vertex 233.6 24 7.38
      vertex 233.48 24.02 7.428
      vertex 233.479 24.011 7.42824
    endloop
  endfacet
  facet normal 0.371391 0 0.928477
    outer loop
      vertex 233.05 129.55 7.6
      vertex 233.25 24.0318 7.52
      vertex 233.25 129.568 7.52
    endloop
  endfacet
  facet normal 0.371391 0 0.928477
    outer loop
      vertex 233.25 24.0318 7.52
      vertex 233.05 129.55 7.6
      vertex 233.05 24.05 7.6
    endloop
  endfacet
  facet normal -0.199916 0.299136 -0.933033
    outer loop
      vertex 10.0428 148.923 0.170631
      vertex 12 150.385 0.219999
      vertex 12.0673 150.276 0.170633
    endloop
  endfacet
  facet normal -0.200418 0.299798 -0.932713
    outer loop
      vertex 12 150.385 0.219999
      vertex 10.0428 148.923 0.170631
      vertex 9.38972 148.64 0.219999
    endloop
  endfacet
  facet normal -0.200967 0.30088 -0.932246
    outer loop
      vertex 12.3 149.902 0
      vertex 11.2417 149.443 0.0799999
      vertex 12.1909 150.077 0.0799999
    endloop
  endfacet
  facet normal -0.117621 0.346299 0.930721
    outer loop
      vertex 17.7883 152.782 7.38
      vertex 15.5171 151.879 7.42896
      vertex 17.8283 152.664 7.42896
    endloop
  endfacet
  facet normal -0.117143 0.345124 0.931218
    outer loop
      vertex 15.5171 151.879 7.42896
      vertex 17.7883 152.782 7.38
      vertex 14.8156 151.773 7.38
    endloop
  endfacet
  facet normal -0.117023 0.34469 0.931394
    outer loop
      vertex 17.9025 152.443 7.52
      vertex 16.8215 152.076 7.52
      vertex 17.9678 152.249 7.6
    endloop
  endfacet
  facet normal 0.200467 -0.300115 -0.932601
    outer loop
      vertex 222.358 4.15699 0.0799999
      vertex 223.856 5.4062 0
      vertex 223.985 5.24377 0.0799999
    endloop
  endfacet
  facet normal 0.200713 -0.300402 -0.932455
    outer loop
      vertex 223.856 5.4062 0
      vertex 222.358 4.15699 0.0799999
      vertex 221.3 3.69841 0
    endloop
  endfacet
  facet normal 0.146551 -0.341868 -0.928251
    outer loop
      vertex 224.21 4.95952 0.219999
      vertex 224.129 5.05884 0.170632
      vertex 224.131 5.05992 0.17055
    endloop
  endfacet
  facet normal 0.200526 -0.30002 -0.932619
    outer loop
      vertex 224.129 5.05884 0.170632
      vertex 224.21 4.95952 0.219999
      vertex 223.557 4.67653 0.170632
    endloop
  endfacet
  facet normal -0.0715887 -0.359895 0.930242
    outer loop
      vertex 20.9826 0.751049 7.6
      vertex 19.0222 0.934222 7.52
      vertex 20.9407 0.552603 7.52
    endloop
  endfacet
  facet normal -0.0715894 -0.359904 0.930239
    outer loop
      vertex 19.0222 0.934222 7.52
      vertex 20.9826 0.751049 7.6
      vertex 17.9678 1.35073 7.6
    endloop
  endfacet
  facet normal -0.0715795 -0.359901 0.930241
    outer loop
      vertex 20.8929 0.325971 7.42864
      vertex 20.2263 0.458549 7.42864
      vertex 20.8674 0.205322 7.38
    endloop
  endfacet
  facet normal 0.071587 0.360565 0.929983
    outer loop
      vertex 212.617 152.849 7.6
      vertex 214.578 152.666 7.52
      vertex 212.659 153.047 7.52
    endloop
  endfacet
  facet normal 0.0714807 0.359191 0.930523
    outer loop
      vertex 214.578 152.666 7.52
      vertex 212.617 152.849 7.6
      vertex 215.632 152.249 7.6
    endloop
  endfacet
  facet normal 0.0715349 0.35875 0.930688
    outer loop
      vertex 212.733 153.395 7.38
      vertex 212.707 153.274 7.42864
      vertex 213.374 153.141 7.42864
    endloop
  endfacet
  facet normal 0.980753 -0.195252 0
    outer loop
      vertex 232.782 17.7883 7.38
      vertex 233.395 20.8674 0.219999
      vertex 233.395 20.8674 7.38
    endloop
  endfacet
  facet normal 0.980753 -0.195252 0
    outer loop
      vertex 233.395 20.8674 0.219999
      vertex 232.782 17.7883 7.38
      vertex 232.782 17.7883 0.219999
    endloop
  endfacet
  facet normal -0.32501 -0.160299 0.932026
    outer loop
      vertex 2.15267 14.9692 7.52
      vertex 2.45 14.8315 7.6
      vertex 2.33883 15.0569 7.6
    endloop
  endfacet
  facet normal -0.325003 -0.160281 0.932032
    outer loop
      vertex 2.45 14.8315 7.6
      vertex 2.15267 14.9692 7.52
      vertex 2.45 14.3663 7.52
    endloop
  endfacet
  facet normal -0.324932 -0.160237 0.932064
    outer loop
      vertex 1.94139 14.8696 7.4292
      vertex 1.82689 14.8156 7.38
      vertex 2.24546 14.253 7.4292
    endloop
  endfacet
  facet normal -0.237597 -0.270928 -0.932816
    outer loop
      vertex 8.75695 5.99647 0.0799999
      vertex 7.43299 7.43299 0
      vertex 9.74411 5.4062 0
    endloop
  endfacet
  facet normal -0.23761 -0.27094 -0.932809
    outer loop
      vertex 7.43299 7.43299 0
      vertex 8.75695 5.99647 0.0799999
      vertex 7.28625 7.28625 0.0799999
    endloop
  endfacet
  facet normal -0.23758 -0.270904 -0.932827
    outer loop
      vertex 7.63958 6.6646 0.170552
      vertex 7.02943 7.02943 0.219999
      vertex 7.12014 7.12014 0.170553
    endloop
  endfacet
  facet normal 0.345914 -0.117241 0.930913
    outer loop
      vertex 231.661 14.8739 7.42896
      vertex 231.773 14.8156 7.38
      vertex 231.879 15.5171 7.42896
    endloop
  endfacet
  facet normal 0.350102 -0.108746 0.930378
    outer loop
      vertex 231.773 14.8156 7.38
      vertex 231.661 14.8739 7.42896
      vertex 231.659 14.8696 7.42921
    endloop
  endfacet
  facet normal 0.344829 -0.11704 0.93134
    outer loop
      vertex 231.261 15.0569 7.6
      vertex 232.076 16.8215 7.52
      vertex 232.249 17.9678 7.6
    endloop
  endfacet
  facet normal 0.345227 -0.117232 0.931169
    outer loop
      vertex 232.076 16.8215 7.52
      vertex 231.261 15.0569 7.6
      vertex 231.447 14.9692 7.52
    endloop
  endfacet
  facet normal 0 -1 0
    outer loop
      vertex 24 0 7.38
      vertex 112.8 0 5.592
      vertex 209.6 0 7.38
    endloop
  endfacet
  facet normal 0 -1 0
    outer loop
      vertex 24 0 7.38
      vertex 112.8 0 3.192
      vertex 112.8 0 5.592
    endloop
  endfacet
  facet normal 0 -1 -0
    outer loop
      vertex 112.8 0 3.192
      vertex 24 0 0.219999
      vertex 120.8 0 3.192
    endloop
  endfacet
  facet normal 0 -1 0
    outer loop
      vertex 24 0 0.219999
      vertex 112.8 0 3.192
      vertex 24 0 7.38
    endloop
  endfacet
  facet normal 0 -1 0
    outer loop
      vertex 120.8 0 5.592
      vertex 209.6 0 7.38
      vertex 112.8 0 5.592
    endloop
  endfacet
  facet normal 0 -1 0
    outer loop
      vertex 120.8 0 3.192
      vertex 209.6 0 7.38
      vertex 120.8 0 5.592
    endloop
  endfacet
  facet normal 0 -1 0
    outer loop
      vertex 120.8 0 3.192
      vertex 209.6 0 0.219999
      vertex 209.6 0 7.38
    endloop
  endfacet
  facet normal 0 -1 0
    outer loop
      vertex 209.6 0 0.219999
      vertex 120.8 0 3.192
      vertex 24 0 0.219999
    endloop
  endfacet
  facet normal -0.300173 -0.200572 -0.93256
    outer loop
      vertex 4.15699 11.2417 0.0799999
      vertex 5.4062 9.74411 0
      vertex 5.24377 9.61524 0.0799999
    endloop
  endfacet
  facet normal -0.300158 -0.200559 -0.932567
    outer loop
      vertex 5.4062 9.74411 0
      vertex 4.15699 11.2417 0.0799999
      vertex 3.69841 12.3 0
    endloop
  endfacet
  facet normal -0.299378 -0.201576 -0.932598
    outer loop
      vertex 4.95952 9.38972 0.219999
      vertex 5.05884 9.4706 0.170634
      vertex 5.05992 9.46938 0.170551
    endloop
  endfacet
  facet normal -0.300185 -0.200561 -0.932558
    outer loop
      vertex 5.05884 9.4706 0.170634
      vertex 4.95952 9.38972 0.219999
      vertex 4.67654 10.0428 0.170634
    endloop
  endfacet
  facet normal 0.752083 0.659068 0
    outer loop
      vertex 228.64 144.21 6.55
      vertex 226.571 146.571 0.219999
      vertex 226.571 146.571 6.55
    endloop
  endfacet
  facet normal 0.752083 0.659068 0
    outer loop
      vertex 226.571 146.571 0.219999
      vertex 228.64 144.21 6.55
      vertex 228.64 144.21 0.219999
    endloop
  endfacet
  facet normal -0.160252 -0.324951 0.932055
    outer loop
      vertex 14.4485 2.1 7.4121
      vertex 14.2618 2.1 7.38
      vertex 14.8156 1.82689 7.38
    endloop
  endfacet
  facet normal -0.024211 -0.369384 0.928961
    outer loop
      vertex 20.9826 0.751049 7.6
      vertex 22.8927 0.424662 7.52
      vertex 24.05 0.549999 7.6
    endloop
  endfacet
  facet normal -0.0242107 -0.369383 0.928962
    outer loop
      vertex 22.8927 0.424662 7.52
      vertex 20.9826 0.751049 7.6
      vertex 20.9407 0.552603 7.52
    endloop
  endfacet
  facet normal -0.0242116 -0.369409 0.928951
    outer loop
      vertex 20.9004 0.324468 7.42824
      vertex 20.8674 0.205322 7.38
      vertex 21.5652 0.280896 7.42824
    endloop
  endfacet
  facet normal -0.0244716 -0.369345 0.92897
    outer loop
      vertex 20.8674 0.205322 7.38
      vertex 20.9004 0.324468 7.42824
      vertex 20.8929 0.325971 7.42864
    endloop
  endfacet
  facet normal 0.345103 0.117145 0.931225
    outer loop
      vertex 231.261 138.543 7.6
      vertex 232.076 136.778 7.52
      vertex 231.447 138.631 7.52
    endloop
  endfacet
  facet normal 0.344988 0.11709 0.931275
    outer loop
      vertex 232.076 136.778 7.52
      vertex 231.261 138.543 7.6
      vertex 232.249 135.632 7.6
    endloop
  endfacet
  facet normal 0.34613 0.11735 0.930818
    outer loop
      vertex 231.773 138.784 7.38
      vertex 231.661 138.726 7.42896
      vertex 231.879 138.083 7.42896
    endloop
  endfacet
  facet normal 0.3471 0.115381 0.930704
    outer loop
      vertex 231.661 138.726 7.42896
      vertex 231.773 138.784 7.38
      vertex 231.659 138.73 7.42921
    endloop
  endfacet
  facet normal -0.37139 0 -0.928477
    outer loop
      vertex 0.349999 24.0318 0.0799999
      vertex 0.549999 129.55 0
      vertex 0.549999 24.05 0
    endloop
  endfacet
  facet normal -0.37139 0 -0.928477
    outer loop
      vertex 0.549999 129.55 0
      vertex 0.349999 24.0318 0.0799999
      vertex 0.349999 129.568 0.0799999
    endloop
  endfacet
  facet normal -0.371391 0 -0.928477
    outer loop
      vertex 0.12 24.02 0.171999
      vertex 0 24 0.219999
      vertex 0.12 129.58 0.171999
    endloop
  endfacet
  facet normal -0.371379 -8.16367e-05 -0.928481
    outer loop
      vertex 0 24 0.219999
      vertex 0.12 24.02 0.171999
      vertex 0.120592 24.011 0.171763
    endloop
  endfacet
  facet normal -0.371394 -2.0409e-05 -0.928476
    outer loop
      vertex 0.12 129.58 0.171999
      vertex 0 129.6 0.219999
      vertex 0.120592 129.589 0.171762
    endloop
  endfacet
  facet normal -0.371391 -0 -0.928477
    outer loop
      vertex 0 129.6 0.219999
      vertex 0.12 129.58 0.171999
      vertex 0 24 0.219999
    endloop
  endfacet
  facet normal -1 0 0
    outer loop
      vertex 0 129.6 0.219999
      vertex 0 93.48 3.8
      vertex 0 129.6 7.38
    endloop
  endfacet
  facet normal -1 0 0
    outer loop
      vertex 0 129.6 0.219999
      vertex 0 93.4782 3.74441
      vertex 0 93.48 3.8
    endloop
  endfacet
  facet normal -1 0 0
    outer loop
      vertex 0 129.6 0.219999
      vertex 0 93.4727 3.68905
      vertex 0 93.4782 3.74441
    endloop
  endfacet
  facet normal -1 0 0
    outer loop
      vertex 0 129.6 0.219999
      vertex 0 93.4637 3.63417
      vertex 0 93.4727 3.68905
    endloop
  endfacet
  facet normal -1 0 0
    outer loop
      vertex 0 129.6 0.219999
      vertex 0 93.451 3.58
      vertex 0 93.4637 3.63417
    endloop
  endfacet
  facet normal -1 0 0
    outer loop
      vertex 0 129.6 0.219999
      vertex 0 93.4349 3.52678
      vertex 0 93.451 3.58
    endloop
  endfacet
  facet normal -1 0 0
    outer loop
      vertex 0 129.6 0.219999
      vertex 0 93.4153 3.47472
      vertex 0 93.4349 3.52678
    endloop
  endfacet
  facet normal -1 0 0
    outer loop
      vertex 0 129.6 0.219999
      vertex 0 93.3923 3.42405
      vertex 0 93.4153 3.47472
    endloop
  endfacet
  facet normal -1 0 0
    outer loop
      vertex 0 129.6 0.219999
      vertex 0 93.3661 3.375
      vertex 0 93.3923 3.42405
    endloop
  endfacet
  facet normal -1 0 0
    outer loop
      vertex 0 129.6 0.219999
      vertex 0 93.3367 3.32776
      vertex 0 93.3661 3.375
    endloop
  endfacet
  facet normal -1 0 0
    outer loop
      vertex 0 129.6 0.219999
      vertex 0 93.3044 3.28255
      vertex 0 93.3367 3.32776
    endloop
  endfacet
  facet normal -1 0 0
    outer loop
      vertex 0 129.6 0.219999
      vertex 0 93.2691 3.23956
      vertex 0 93.3044 3.28255
    endloop
  endfacet
  facet normal -1 0 0
    outer loop
      vertex 0 129.6 0.219999
      vertex 0 93.231 3.19896
      vertex 0 93.2691 3.23956
    endloop
  endfacet
  facet normal -1 0 0
    outer loop
      vertex 0 129.6 0.219999
      vertex 0 93.1904 3.16094
      vertex 0 93.231 3.19896
    endloop
  endfacet
  facet normal -1 0 0
    outer loop
      vertex 0 129.6 0.219999
      vertex 0 93.1474 3.12565
      vertex 0 93.1904 3.16094
    endloop
  endfacet
  facet normal -1 0 0
    outer loop
      vertex 0 129.6 0.219999
      vertex 0 93.1022 3.09325
      vertex 0 93.1474 3.12565
    endloop
  endfacet
  facet normal -1 0 0
    outer loop
      vertex 0 129.6 0.219999
      vertex 0 93.055 3.06388
      vertex 0 93.1022 3.09325
    endloop
  endfacet
  facet normal -1 0 0
    outer loop
      vertex 0 129.6 0.219999
      vertex 0 93.0059 3.03766
      vertex 0 93.055 3.06388
    endloop
  endfacet
  facet normal -1 0 0
    outer loop
      vertex 0 129.6 0.219999
      vertex 0 92.9553 3.0147
      vertex 0 93.0059 3.03766
    endloop
  endfacet
  facet normal -1 0 0
    outer loop
      vertex 0 129.6 0.219999
      vertex 0 92.9032 2.99511
      vertex 0 92.9553 3.0147
    endloop
  endfacet
  facet normal -1 0 0
    outer loop
      vertex 0 129.6 0.219999
      vertex 0 92.85 2.97896
      vertex 0 92.9032 2.99511
    endloop
  endfacet
  facet normal -1 0 0
    outer loop
      vertex 0 129.6 0.219999
      vertex 0 92.7958 2.96633
      vertex 0 92.85 2.97896
    endloop
  endfacet
  facet normal -1 0 0
    outer loop
      vertex 0 129.6 0.219999
      vertex 0 92.7409 2.95727
      vertex 0 92.7958 2.96633
    endloop
  endfacet
  facet normal -1 0 0
    outer loop
      vertex 0 129.6 0.219999
      vertex 0 92.6856 2.95182
      vertex 0 92.7409 2.95727
    endloop
  endfacet
  facet normal -1 0 0
    outer loop
      vertex 0 129.6 0.219999
      vertex 0 92.63 2.95
      vertex 0 92.6856 2.95182
    endloop
  endfacet
  facet normal -1 0 0
    outer loop
      vertex 0 129.6 0.219999
      vertex 0 76.33 2.95
      vertex 0 92.63 2.95
    endloop
  endfacet
  facet normal -1 0 0
    outer loop
      vertex 0 24 0.219999
      vertex 0 76.33 2.95
      vertex 0 129.6 0.219999
    endloop
  endfacet
  facet normal -1 -0 0
    outer loop
      vertex 0 75.4818 3.74441
      vertex 0 24 0.219999
      vertex 0 75.48 3.8
    endloop
  endfacet
  facet normal -1 -0 0
    outer loop
      vertex 0 75.4873 3.68905
      vertex 0 24 0.219999
      vertex 0 75.4818 3.74441
    endloop
  endfacet
  facet normal -1 -0 0
    outer loop
      vertex 0 75.4963 3.63417
      vertex 0 24 0.219999
      vertex 0 75.4873 3.68905
    endloop
  endfacet
  facet normal -1 -0 0
    outer loop
      vertex 0 75.509 3.58
      vertex 0 24 0.219999
      vertex 0 75.4963 3.63417
    endloop
  endfacet
  facet normal -1 -0 0
    outer loop
      vertex 0 75.5251 3.52678
      vertex 0 24 0.219999
      vertex 0 75.509 3.58
    endloop
  endfacet
  facet normal -1 -0 0
    outer loop
      vertex 0 75.5447 3.47472
      vertex 0 24 0.219999
      vertex 0 75.5251 3.52678
    endloop
  endfacet
  facet normal -1 -0 0
    outer loop
      vertex 0 75.5677 3.42405
      vertex 0 24 0.219999
      vertex 0 75.5447 3.47472
    endloop
  endfacet
  facet normal -1 -0 0
    outer loop
      vertex 0 75.5939 3.375
      vertex 0 24 0.219999
      vertex 0 75.5677 3.42405
    endloop
  endfacet
  facet normal -1 -0 0
    outer loop
      vertex 0 75.6233 3.32776
      vertex 0 24 0.219999
      vertex 0 75.5939 3.375
    endloop
  endfacet
  facet normal -1 -0 0
    outer loop
      vertex 0 75.6556 3.28255
      vertex 0 24 0.219999
      vertex 0 75.6233 3.32776
    endloop
  endfacet
  facet normal -1 -0 0
    outer loop
      vertex 0 75.6909 3.23956
      vertex 0 24 0.219999
      vertex 0 75.6556 3.28255
    endloop
  endfacet
  facet normal -1 -0 0
    outer loop
      vertex 0 75.729 3.19896
      vertex 0 24 0.219999
      vertex 0 75.6909 3.23956
    endloop
  endfacet
  facet normal -1 -0 0
    outer loop
      vertex 0 75.7696 3.16094
      vertex 0 24 0.219999
      vertex 0 75.729 3.19896
    endloop
  endfacet
  facet normal -1 -0 0
    outer loop
      vertex 0 75.8126 3.12565
      vertex 0 24 0.219999
      vertex 0 75.7696 3.16094
    endloop
  endfacet
  facet normal -1 -0 0
    outer loop
      vertex 0 75.8578 3.09325
      vertex 0 24 0.219999
      vertex 0 75.8126 3.12565
    endloop
  endfacet
  facet normal -1 -0 0
    outer loop
      vertex 0 75.905 3.06388
      vertex 0 24 0.219999
      vertex 0 75.8578 3.09325
    endloop
  endfacet
  facet normal -1 -0 0
    outer loop
      vertex 0 75.9541 3.03766
      vertex 0 24 0.219999
      vertex 0 75.905 3.06388
    endloop
  endfacet
  facet normal -1 -0 0
    outer loop
      vertex 0 76.0047 3.0147
      vertex 0 24 0.219999
      vertex 0 75.9541 3.03766
    endloop
  endfacet
  facet normal -1 -0 0
    outer loop
      vertex 0 76.0568 2.99511
      vertex 0 24 0.219999
      vertex 0 76.0047 3.0147
    endloop
  endfacet
  facet normal -1 -0 0
    outer loop
      vertex 0 76.11 2.97896
      vertex 0 24 0.219999
      vertex 0 76.0568 2.99511
    endloop
  endfacet
  facet normal -1 -0 0
    outer loop
      vertex 0 76.1642 2.96633
      vertex 0 24 0.219999
      vertex 0 76.11 2.97896
    endloop
  endfacet
  facet normal -1 -0 0
    outer loop
      vertex 0 76.2191 2.95727
      vertex 0 24 0.219999
      vertex 0 76.1642 2.96633
    endloop
  endfacet
  facet normal -1 -0 0
    outer loop
      vertex 0 76.2744 2.95182
      vertex 0 24 0.219999
      vertex 0 76.2191 2.95727
    endloop
  endfacet
  facet normal -1 -0 0
    outer loop
      vertex 0 76.33 2.95
      vertex 0 24 0.219999
      vertex 0 76.2744 2.95182
    endloop
  endfacet
  facet normal -1 0 0
    outer loop
      vertex 0 93.4782 3.85559
      vertex 0 129.6 7.38
      vertex 0 93.48 3.8
    endloop
  endfacet
  facet normal -1 0 0
    outer loop
      vertex 0 93.4727 3.91095
      vertex 0 129.6 7.38
      vertex 0 93.4782 3.85559
    endloop
  endfacet
  facet normal -1 0 0
    outer loop
      vertex 0 93.4637 3.96583
      vertex 0 129.6 7.38
      vertex 0 93.4727 3.91095
    endloop
  endfacet
  facet normal -1 0 0
    outer loop
      vertex 0 93.451 4.02
      vertex 0 129.6 7.38
      vertex 0 93.4637 3.96583
    endloop
  endfacet
  facet normal -1 0 0
    outer loop
      vertex 0 93.4349 4.07322
      vertex 0 129.6 7.38
      vertex 0 93.451 4.02
    endloop
  endfacet
  facet normal -1 0 0
    outer loop
      vertex 0 93.4153 4.12528
      vertex 0 129.6 7.38
      vertex 0 93.4349 4.07322
    endloop
  endfacet
  facet normal -1 0 0
    outer loop
      vertex 0 93.3923 4.17595
      vertex 0 129.6 7.38
      vertex 0 93.4153 4.12528
    endloop
  endfacet
  facet normal -1 0 0
    outer loop
      vertex 0 93.3661 4.225
      vertex 0 129.6 7.38
      vertex 0 93.3923 4.17595
    endloop
  endfacet
  facet normal -1 0 0
    outer loop
      vertex 0 93.3367 4.27223
      vertex 0 129.6 7.38
      vertex 0 93.3661 4.225
    endloop
  endfacet
  facet normal -1 0 0
    outer loop
      vertex 0 93.3044 4.31745
      vertex 0 129.6 7.38
      vertex 0 93.3367 4.27223
    endloop
  endfacet
  facet normal -1 0 0
    outer loop
      vertex 0 93.2691 4.36044
      vertex 0 129.6 7.38
      vertex 0 93.3044 4.31745
    endloop
  endfacet
  facet normal -1 0 0
    outer loop
      vertex 0 93.231 4.40104
      vertex 0 129.6 7.38
      vertex 0 93.2691 4.36044
    endloop
  endfacet
  facet normal -1 0 0
    outer loop
      vertex 0 93.1904 4.43906
      vertex 0 129.6 7.38
      vertex 0 93.231 4.40104
    endloop
  endfacet
  facet normal -1 0 0
    outer loop
      vertex 0 93.1474 4.47435
      vertex 0 129.6 7.38
      vertex 0 93.1904 4.43906
    endloop
  endfacet
  facet normal -1 0 0
    outer loop
      vertex 0 93.1022 4.50675
      vertex 0 129.6 7.38
      vertex 0 93.1474 4.47435
    endloop
  endfacet
  facet normal -1 0 0
    outer loop
      vertex 0 93.055 4.53612
      vertex 0 129.6 7.38
      vertex 0 93.1022 4.50675
    endloop
  endfacet
  facet normal -1 0 0
    outer loop
      vertex 0 93.0059 4.56234
      vertex 0 129.6 7.38
      vertex 0 93.055 4.53612
    endloop
  endfacet
  facet normal -1 0 0
    outer loop
      vertex 0 92.9553 4.5853
      vertex 0 129.6 7.38
      vertex 0 93.0059 4.56234
    endloop
  endfacet
  facet normal -1 0 0
    outer loop
      vertex 0 92.9032 4.60489
      vertex 0 129.6 7.38
      vertex 0 92.9553 4.5853
    endloop
  endfacet
  facet normal -1 0 0
    outer loop
      vertex 0 92.85 4.62104
      vertex 0 129.6 7.38
      vertex 0 92.9032 4.60489
    endloop
  endfacet
  facet normal -1 0 0
    outer loop
      vertex 0 92.7958 4.63367
      vertex 0 129.6 7.38
      vertex 0 92.85 4.62104
    endloop
  endfacet
  facet normal -1 0 0
    outer loop
      vertex 0 92.7409 4.64273
      vertex 0 129.6 7.38
      vertex 0 92.7958 4.63367
    endloop
  endfacet
  facet normal -1 0 0
    outer loop
      vertex 0 92.6856 4.64818
      vertex 0 129.6 7.38
      vertex 0 92.7409 4.64273
    endloop
  endfacet
  facet normal -1 0 0
    outer loop
      vertex 0 92.63 4.65
      vertex 0 129.6 7.38
      vertex 0 92.6856 4.64818
    endloop
  endfacet
  facet normal -1 0 0
    outer loop
      vertex 0 76.33 4.65
      vertex 0 129.6 7.38
      vertex 0 92.63 4.65
    endloop
  endfacet
  facet normal -1 0 0
    outer loop
      vertex 0 24 7.38
      vertex 0 76.33 4.65
      vertex 0 76.2744 4.64818
    endloop
  endfacet
  facet normal -1 0 0
    outer loop
      vertex 0 24 7.38
      vertex 0 75.48 3.8
      vertex 0 24 0.219999
    endloop
  endfacet
  facet normal -1 0 0
    outer loop
      vertex 0 75.48 3.8
      vertex 0 24 7.38
      vertex 0 75.4818 3.85559
    endloop
  endfacet
  facet normal -1 0 0
    outer loop
      vertex 0 75.4818 3.85559
      vertex 0 24 7.38
      vertex 0 75.4873 3.91095
    endloop
  endfacet
  facet normal -1 0 0
    outer loop
      vertex 0 75.4873 3.91095
      vertex 0 24 7.38
      vertex 0 75.4963 3.96583
    endloop
  endfacet
  facet normal -1 0 0
    outer loop
      vertex 0 75.4963 3.96583
      vertex 0 24 7.38
      vertex 0 75.509 4.02
    endloop
  endfacet
  facet normal -1 0 0
    outer loop
      vertex 0 75.509 4.02
      vertex 0 24 7.38
      vertex 0 75.5251 4.07322
    endloop
  endfacet
  facet normal -1 0 0
    outer loop
      vertex 0 75.5251 4.07322
      vertex 0 24 7.38
      vertex 0 75.5447 4.12528
    endloop
  endfacet
  facet normal -1 0 0
    outer loop
      vertex 0 75.5447 4.12528
      vertex 0 24 7.38
      vertex 0 75.5677 4.17595
    endloop
  endfacet
  facet normal -1 0 0
    outer loop
      vertex 0 75.5677 4.17595
      vertex 0 24 7.38
      vertex 0 75.5939 4.225
    endloop
  endfacet
  facet normal -1 0 0
    outer loop
      vertex 0 75.5939 4.225
      vertex 0 24 7.38
      vertex 0 75.6233 4.27223
    endloop
  endfacet
  facet normal -1 0 0
    outer loop
      vertex 0 75.6233 4.27223
      vertex 0 24 7.38
      vertex 0 75.6556 4.31745
    endloop
  endfacet
  facet normal -1 0 0
    outer loop
      vertex 0 75.6556 4.31745
      vertex 0 24 7.38
      vertex 0 75.6909 4.36044
    endloop
  endfacet
  facet normal -1 0 0
    outer loop
      vertex 0 75.6909 4.36044
      vertex 0 24 7.38
      vertex 0 75.729 4.40104
    endloop
  endfacet
  facet normal -1 0 0
    outer loop
      vertex 0 75.729 4.40104
      vertex 0 24 7.38
      vertex 0 75.7696 4.43906
    endloop
  endfacet
  facet normal -1 0 0
    outer loop
      vertex 0 75.7696 4.43906
      vertex 0 24 7.38
      vertex 0 75.8126 4.47435
    endloop
  endfacet
  facet normal -1 0 0
    outer loop
      vertex 0 75.8126 4.47435
      vertex 0 24 7.38
      vertex 0 75.8578 4.50675
    endloop
  endfacet
  facet normal -1 0 0
    outer loop
      vertex 0 75.8578 4.50675
      vertex 0 24 7.38
      vertex 0 75.905 4.53612
    endloop
  endfacet
  facet normal -1 0 0
    outer loop
      vertex 0 75.905 4.53612
      vertex 0 24 7.38
      vertex 0 75.9541 4.56234
    endloop
  endfacet
  facet normal -1 0 0
    outer loop
      vertex 0 75.9541 4.56234
      vertex 0 24 7.38
      vertex 0 76.0047 4.5853
    endloop
  endfacet
  facet normal -1 0 0
    outer loop
      vertex 0 76.0047 4.5853
      vertex 0 24 7.38
      vertex 0 76.0568 4.60489
    endloop
  endfacet
  facet normal -1 0 0
    outer loop
      vertex 0 76.0568 4.60489
      vertex 0 24 7.38
      vertex 0 76.11 4.62104
    endloop
  endfacet
  facet normal -1 0 0
    outer loop
      vertex 0 76.11 4.62104
      vertex 0 24 7.38
      vertex 0 76.1642 4.63367
    endloop
  endfacet
  facet normal -1 0 0
    outer loop
      vertex 0 76.1642 4.63367
      vertex 0 24 7.38
      vertex 0 76.2191 4.64273
    endloop
  endfacet
  facet normal -1 0 0
    outer loop
      vertex 0 76.33 4.65
      vertex 0 24 7.38
      vertex 0 129.6 7.38
    endloop
  endfacet
  facet normal -1 0 0
    outer loop
      vertex 0 76.2191 4.64273
      vertex 0 24 7.38
      vertex 0 76.2744 4.64818
    endloop
  endfacet
  facet normal -0.369381 -0.0242113 -0.928962
    outer loop
      vertex 0.424662 22.8927 0.0799999
      vertex 0.349999 24.0318 0.0799999
      vertex 0.549999 24.05 0
    endloop
  endfacet
  facet normal -0.369385 -0.0242109 -0.928961
    outer loop
      vertex 0 24 0.219999
      vertex 0.280896 21.5652 0.171762
      vertex 0.205322 20.8674 0.219999
    endloop
  endfacet
  facet normal -0.369372 -0.0242092 -0.928966
    outer loop
      vertex 0.280896 21.5652 0.171762
      vertex 0 24 0.219999
      vertex 0.120592 24.011 0.171763
    endloop
  endfacet
  facet normal 0.369864 -0.0239232 -0.928778
    outer loop
      vertex 233.395 20.8674 0.219999
      vertex 233.276 20.9004 0.17176
      vertex 233.319 21.5652 0.17176
    endloop
  endfacet
  facet normal 0.363958 -0.04732 -0.930213
    outer loop
      vertex 233.276 20.9004 0.17176
      vertex 233.395 20.8674 0.219999
      vertex 233.274 20.8929 0.171359
    endloop
  endfacet
  facet normal 0.370088 -0.0242681 -0.92868
    outer loop
      vertex 232.849 20.9826 0
      vertex 233.175 22.8927 0.0799999
      vertex 233.047 20.9407 0.0799999
    endloop
  endfacet
  facet normal 0.369949 -0.0242419 -0.928736
    outer loop
      vertex 233.175 22.8927 0.0799999
      vertex 232.849 20.9826 0
      vertex 233.05 24.05 0
    endloop
  endfacet
  facet normal -0.16025 -0.324956 -0.932053
    outer loop
      vertex 12 3.21539 0.219999
      vertex 14.253 2.24546 0.170796
      vertex 14.8156 1.82689 0.219999
    endloop
  endfacet
  facet normal -0.159255 -0.325607 -0.931997
    outer loop
      vertex 12.07 3.32198 0.170799
      vertex 12 3.21539 0.219999
      vertex 12.0673 3.32377 0.170635
    endloop
  endfacet
  facet normal -0.160257 -0.324971 -0.932047
    outer loop
      vertex 14.253 2.24546 0.170796
      vertex 12 3.21539 0.219999
      vertex 12.07 3.32198 0.170799
    endloop
  endfacet
  facet normal -0.16025 -0.324968 -0.932049
    outer loop
      vertex 13.2148 3.01785 0.0799999
      vertex 12.1909 3.52276 0.0799999
      vertex 12.3 3.69841 0
    endloop
  endfacet
  facet normal 0.0704144 0.361835 -0.929579
    outer loop
      vertex 215.766 152.666 0.171362
      vertex 215.812 152.782 0.219999
      vertex 215.772 152.664 0.171038
    endloop
  endfacet
  facet normal 0.0717557 0.361341 -0.929669
    outer loop
      vertex 213.374 153.141 0.171359
      vertex 215.812 152.782 0.219999
      vertex 215.766 152.666 0.171362
    endloop
  endfacet
  facet normal 0.0713272 0.358265 -0.930891
    outer loop
      vertex 215.812 152.782 0.219999
      vertex 213.374 153.141 0.171359
      vertex 212.733 153.395 0.219999
    endloop
  endfacet
  facet normal 0.0716691 0.359631 -0.930338
    outer loop
      vertex 215.632 152.249 0
      vertex 214.578 152.666 0.0799999
      vertex 215.697 152.443 0.0799999
    endloop
  endfacet
  facet normal 0.117257 0.34538 0.931109
    outer loop
      vertex 215.812 152.782 7.38
      vertex 218.083 151.879 7.42896
      vertex 218.784 151.773 7.38
    endloop
  endfacet
  facet normal 0.11763 0.346296 0.930721
    outer loop
      vertex 218.083 151.879 7.42896
      vertex 215.812 152.782 7.38
      vertex 215.772 152.664 7.42896
    endloop
  endfacet
  facet normal 0.11707 0.344831 0.931336
    outer loop
      vertex 215.697 152.443 7.52
      vertex 215.632 152.249 7.6
      vertex 216.778 152.076 7.52
    endloop
  endfacet
  facet normal -0.359884 -0.0715814 -0.930247
    outer loop
      vertex 1.15693 17.9025 0.0799999
      vertex 0.93422 19.0222 0.0799999
      vertex 1.35073 17.9678 0
    endloop
  endfacet
  facet normal -0.359657 -0.0722077 -0.930286
    outer loop
      vertex 0.81778 17.7883 0.219999
      vertex 0.934361 17.8342 0.171365
      vertex 0.936381 17.8283 0.171042
    endloop
  endfacet
  facet normal -0.359885 -0.0715859 -0.930246
    outer loop
      vertex 0.81778 17.7883 0.219999
      vertex 0.458549 20.2263 0.171362
      vertex 0.934361 17.8342 0.171365
    endloop
  endfacet
  facet normal -0.359915 -0.07159 -0.930234
    outer loop
      vertex 0.458549 20.2263 0.171362
      vertex 0.81778 17.7883 0.219999
      vertex 0.205322 20.8674 0.219999
    endloop
  endfacet
  facet normal -0.195086 -0.980786 0
    outer loop
      vertex 17.7883 0.81778 0.219999
      vertex 20.8674 0.205322 7.38
      vertex 17.7883 0.81778 7.38
    endloop
  endfacet
  facet normal -0.195086 -0.980786 -0
    outer loop
      vertex 20.8674 0.205322 7.38
      vertex 17.7883 0.81778 0.219999
      vertex 20.8674 0.205322 0.219999
    endloop
  endfacet
  facet normal 0 0.37139 -0.928477
    outer loop
      vertex 24.05 153.05 0
      vertex 209.568 153.25 0.0799999
      vertex 209.55 153.05 0
    endloop
  endfacet
  facet normal 0 0.37139 -0.928477
    outer loop
      vertex 209.568 153.25 0.0799999
      vertex 24.05 153.05 0
      vertex 24.0318 153.25 0.0799999
    endloop
  endfacet
  facet normal 0.0166284 0.368969 -0.929293
    outer loop
      vertex 209.58 153.48 0.171996
      vertex 209.6 153.6 0.219999
      vertex 209.589 153.479 0.17176
    endloop
  endfacet
  facet normal 0 0.371411 -0.928469
    outer loop
      vertex 24.02 153.48 0.171996
      vertex 209.6 153.6 0.219999
      vertex 209.58 153.48 0.171996
    endloop
  endfacet
  facet normal 0 0.371411 -0.928469
    outer loop
      vertex 24.02 153.48 0.171996
      vertex 24 153.6 0.219999
      vertex 209.6 153.6 0.219999
    endloop
  endfacet
  facet normal -0.0166284 0.368969 -0.929293
    outer loop
      vertex 24 153.6 0.219999
      vertex 24.02 153.48 0.171996
      vertex 24.011 153.479 0.17176
    endloop
  endfacet
  facet normal 0.946916 0.32148 0
    outer loop
      vertex 232.782 135.812 7.38
      vertex 231.773 138.784 0.219999
      vertex 231.773 138.784 7.38
    endloop
  endfacet
  facet normal 0.946916 0.32148 0
    outer loop
      vertex 231.773 138.784 0.219999
      vertex 232.782 135.812 7.38
      vertex 232.782 135.812 0.219999
    endloop
  endfacet
  facet normal 0.35875 0.0715349 0.930688
    outer loop
      vertex 233.395 132.733 7.38
      vertex 233.141 133.374 7.42864
      vertex 233.274 132.707 7.42864
    endloop
  endfacet
  facet normal 0.360565 0.071587 0.929983
    outer loop
      vertex 232.666 134.578 7.52
      vertex 232.849 132.617 7.6
      vertex 233.047 132.659 7.52
    endloop
  endfacet
  facet normal 0.359191 0.0714807 0.930523
    outer loop
      vertex 232.849 132.617 7.6
      vertex 232.666 134.578 7.52
      vertex 232.249 135.632 7.6
    endloop
  endfacet
  facet normal 0.065395 -0.997859 0
    outer loop
      vertex 209.6 0 0.219999
      vertex 212.733 0.205322 7.38
      vertex 209.6 0 7.38
    endloop
  endfacet
  facet normal 0.065395 -0.997859 0
    outer loop
      vertex 212.733 0.205322 7.38
      vertex 209.6 0 0.219999
      vertex 212.733 0.205322 0.219999
    endloop
  endfacet
  facet normal -0.0717628 0.361391 -0.929649
    outer loop
      vertex 17.7883 152.782 0.219999
      vertex 20.2263 153.141 0.171359
      vertex 17.8342 152.666 0.171362
    endloop
  endfacet
  facet normal -0.0713326 0.358304 -0.930876
    outer loop
      vertex 20.2263 153.141 0.171359
      vertex 17.7883 152.782 0.219999
      vertex 20.8674 153.395 0.219999
    endloop
  endfacet
  facet normal -0.0716285 0.361441 -0.92964
    outer loop
      vertex 17.7883 152.782 0.219999
      vertex 17.8342 152.666 0.171362
      vertex 17.8283 152.664 0.171039
    endloop
  endfacet
  facet normal -0.0716091 0.359555 -0.930372
    outer loop
      vertex 17.9678 152.249 0
      vertex 17.9025 152.443 0.0799999
      vertex 19.0222 152.666 0.0799999
    endloop
  endfacet
  facet normal 0.160478 0.325561 -0.931803
    outer loop
      vertex 218.543 151.261 0
      vertex 220.385 150.582 0.0799999
      vertex 221.3 149.902 0
    endloop
  endfacet
  facet normal 0.160292 0.325031 -0.93202
    outer loop
      vertex 220.385 150.582 0.0799999
      vertex 218.543 151.261 0
      vertex 218.631 151.447 0.0799999
    endloop
  endfacet
  facet normal 0.160641 0.326035 -0.931609
    outer loop
      vertex 219.347 151.355 0.170792
      vertex 218.73 151.659 0.170791
      vertex 218.784 151.773 0.219999
    endloop
  endfacet
  facet normal 0.326017 -0.160709 0.931604
    outer loop
      vertex 231.659 14.8696 7.42921
      vertex 231.355 14.2529 7.42921
      vertex 231.773 14.8156 7.38
    endloop
  endfacet
  facet normal 0.325301 -0.160197 0.931942
    outer loop
      vertex 231.15 14.8315 7.6
      vertex 231.447 14.9692 7.52
      vertex 231.261 15.0569 7.6
    endloop
  endfacet
  facet normal 0.325326 -0.160262 0.931922
    outer loop
      vertex 231.447 14.9692 7.52
      vertex 231.15 14.8315 7.6
      vertex 231.15 14.3663 7.52
    endloop
  endfacet
  facet normal 0.326018 -0.160716 -0.931602
    outer loop
      vertex 230.385 12 0.219999
      vertex 231.355 14.2529 0.170793
      vertex 231.773 14.8156 0.219999
    endloop
  endfacet
  facet normal 0.324132 -0.159922 -0.932396
    outer loop
      vertex 230.385 12 0.219999
      vertex 230.278 12.07 0.170796
      vertex 231.355 14.2529 0.170793
    endloop
  endfacet
  facet normal 0.313812 -0.176127 -0.933007
    outer loop
      vertex 230.278 12.07 0.170796
      vertex 230.385 12 0.219999
      vertex 230.276 12.0673 0.170633
    endloop
  endfacet
  facet normal 0.325756 -0.160667 -0.931702
    outer loop
      vertex 230.077 12.1909 0.0799999
      vertex 229.902 12.3 0
      vertex 230.582 13.2148 0.0799999
    endloop
  endfacet
  facet normal -0.345113 0.11715 -0.931221
    outer loop
      vertex 1.35073 135.632 0
      vertex 1.15693 135.697 0.0799999
      vertex 1.52388 136.778 0.0799999
    endloop
  endfacet
  facet normal -0.344935 0.117097 -0.931294
    outer loop
      vertex 0.81778 135.812 0.219999
      vertex 1.72092 138.083 0.171038
      vertex 0.936383 135.772 0.171041
    endloop
  endfacet
  facet normal -0.345259 0.117229 -0.931157
    outer loop
      vertex 1.72092 138.083 0.171038
      vertex 0.81778 135.812 0.219999
      vertex 1.82689 138.784 0.219999
    endloop
  endfacet
  facet normal 0.369372 -0.02432 0.928963
    outer loop
      vertex 233.25 24.0318 7.52
      vertex 233.05 24.05 7.6
      vertex 233.175 22.8927 7.52
    endloop
  endfacet
  facet normal 0.368333 -0.0240957 0.929382
    outer loop
      vertex 233.319 21.5652 7.42824
      vertex 233.6 24 7.38
      vertex 233.479 24.011 7.42824
    endloop
  endfacet
  facet normal 0.368477 -0.0241134 0.929324
    outer loop
      vertex 233.6 24 7.38
      vertex 233.319 21.5652 7.42824
      vertex 233.395 20.8674 7.38
    endloop
  endfacet
  facet normal 0.0702581 -0.360292 0.93019
    outer loop
      vertex 215.766 0.934361 7.42863
      vertex 215.812 0.81778 7.38
      vertex 215.772 0.936383 7.42896
    endloop
  endfacet
  facet normal 0.0715759 -0.359809 0.930277
    outer loop
      vertex 213.374 0.458552 7.42864
      vertex 215.812 0.81778 7.38
      vertex 215.766 0.934361 7.42863
    endloop
  endfacet
  facet normal 0.0715869 -0.359888 0.930245
    outer loop
      vertex 215.812 0.81778 7.38
      vertex 213.374 0.458552 7.42864
      vertex 212.733 0.205322 7.38
    endloop
  endfacet
  facet normal 0.0716409 -0.359961 0.930213
    outer loop
      vertex 215.632 1.35073 7.6
      vertex 214.578 0.934222 7.52
      vertex 215.697 1.15693 7.52
    endloop
  endfacet
  facet normal 0.555611 -0.831443 0
    outer loop
      vertex 221.6 3.21539 0.219999
      vertex 224.21 4.95952 6.55
      vertex 221.6 3.21539 6.55
    endloop
  endfacet
  facet normal 0.555611 -0.831443 0
    outer loop
      vertex 224.21 4.95952 6.55
      vertex 221.6 3.21539 0.219999
      vertex 224.21 4.95952 0.219999
    endloop
  endfacet
  facet normal 0.946939 -0.321412 0
    outer loop
      vertex 231.773 14.8156 7.38
      vertex 232.782 17.7883 0.219999
      vertex 232.782 17.7883 7.38
    endloop
  endfacet
  facet normal 0.946939 -0.321412 0
    outer loop
      vertex 232.782 17.7883 0.219999
      vertex 231.773 14.8156 7.38
      vertex 231.773 14.8156 0.219999
    endloop
  endfacet
  facet normal -0.161093 0.325834 0.931601
    outer loop
      vertex 14.8156 151.773 7.38
      vertex 14.548 151.5 7.42921
      vertex 14.8696 151.659 7.42921
    endloop
  endfacet
  facet normal -0.160267 0.325096 0.932002
    outer loop
      vertex 14.548 151.5 7.42921
      vertex 14.8156 151.773 7.38
      vertex 14.4485 151.5 7.4121
    endloop
  endfacet
  facet normal -0.345021 -0.117122 0.931259
    outer loop
      vertex 2.33883 15.0569 7.6
      vertex 1.52388 16.8215 7.52
      vertex 2.15267 14.9692 7.52
    endloop
  endfacet
  facet normal -0.344982 -0.117103 0.931276
    outer loop
      vertex 1.52388 16.8215 7.52
      vertex 2.33883 15.0569 7.6
      vertex 1.35073 17.9678 7.6
    endloop
  endfacet
  facet normal -0.344579 -0.117905 0.931324
    outer loop
      vertex 1.93927 14.8739 7.42896
      vertex 1.82689 14.8156 7.38
      vertex 1.94139 14.8696 7.4292
    endloop
  endfacet
  facet normal -0.344972 -0.117109 0.931279
    outer loop
      vertex 1.82689 14.8156 7.38
      vertex 1.93927 14.8739 7.42896
      vertex 1.72092 15.5171 7.42896
    endloop
  endfacet
  facet normal -0.345253 0.117227 0.93116
    outer loop
      vertex 0.81778 135.812 7.38
      vertex 1.72092 138.083 7.42896
      vertex 1.82689 138.784 7.38
    endloop
  endfacet
  facet normal -0.344947 0.117103 0.931289
    outer loop
      vertex 1.72092 138.083 7.42896
      vertex 0.81778 135.812 7.38
      vertex 0.936383 135.772 7.42896
    endloop
  endfacet
  facet normal -0.345113 0.11715 0.931221
    outer loop
      vertex 1.52388 136.778 7.52
      vertex 1.15693 135.697 7.52
      vertex 1.35073 135.632 7.6
    endloop
  endfacet
  facet normal 0.161001 0.325974 0.931568
    outer loop
      vertex 218.784 151.773 7.38
      vertex 219.052 151.5 7.42921
      vertex 219.151 151.5 7.4121
    endloop
  endfacet
  facet normal 0.160931 0.325911 0.931602
    outer loop
      vertex 219.052 151.5 7.42921
      vertex 218.784 151.773 7.38
      vertex 218.73 151.659 7.42921
    endloop
  endfacet
  facet normal -0.27094 -0.23761 -0.932809
    outer loop
      vertex 5.99647 8.75695 0.0799999
      vertex 7.43299 7.43299 0
      vertex 7.28625 7.28625 0.0799999
    endloop
  endfacet
  facet normal -0.270928 -0.237597 -0.932816
    outer loop
      vertex 7.43299 7.43299 0
      vertex 5.99647 8.75695 0.0799999
      vertex 5.4062 9.74411 0
    endloop
  endfacet
  facet normal -0.270904 -0.23758 -0.932827
    outer loop
      vertex 7.02943 7.02943 0.219999
      vertex 6.6646 7.63958 0.170552
      vertex 7.12014 7.12014 0.170553
    endloop
  endfacet
  facet normal -0.11762 0.346299 -0.930721
    outer loop
      vertex 15.5171 151.879 0.171036
      vertex 17.7883 152.782 0.219999
      vertex 17.8283 152.664 0.171039
    endloop
  endfacet
  facet normal -0.117149 0.345142 -0.931211
    outer loop
      vertex 17.7883 152.782 0.219999
      vertex 15.5171 151.879 0.171036
      vertex 14.8156 151.773 0.219999
    endloop
  endfacet
  facet normal -0.117022 0.34469 -0.931394
    outer loop
      vertex 17.9678 152.249 0
      vertex 16.8215 152.076 0.0799999
      vertex 17.9025 152.443 0.0799999
    endloop
  endfacet
  facet normal -0.369382 -0.0242106 -0.928962
    outer loop
      vertex 0.424662 22.8927 0.0799999
      vertex 0.751049 20.9826 0
      vertex 0.552603 20.9407 0.0799999
    endloop
  endfacet
  facet normal -0.369384 -0.0242109 -0.928961
    outer loop
      vertex 0.751049 20.9826 0
      vertex 0.424662 22.8927 0.0799999
      vertex 0.549999 24.05 0
    endloop
  endfacet
  facet normal -0.369382 -0.0242113 -0.928962
    outer loop
      vertex 0.324468 20.9004 0.171763
      vertex 0.205322 20.8674 0.219999
      vertex 0.280896 21.5652 0.171762
    endloop
  endfacet
  facet normal -0.369348 -0.0243484 -0.928972
    outer loop
      vertex 0.205322 20.8674 0.219999
      vertex 0.324468 20.9004 0.171763
      vertex 0.325971 20.8929 0.171362
    endloop
  endfacet
  facet normal 0.300661 0.200791 -0.932355
    outer loop
      vertex 228.541 144.129 0.17063
      vertex 228.64 144.21 0.219999
      vertex 228.923 143.557 0.17063
    endloop
  endfacet
  facet normal 0.350261 0.136676 -0.926626
    outer loop
      vertex 228.64 144.21 0.219999
      vertex 228.541 144.129 0.17063
      vertex 228.54 144.131 0.170547
    endloop
  endfacet
  facet normal 0.300751 0.200971 -0.932287
    outer loop
      vertex 228.194 143.856 0
      vertex 229.443 142.358 0.0799999
      vertex 229.902 141.3 0
    endloop
  endfacet
  facet normal 0.300547 0.200795 -0.932391
    outer loop
      vertex 229.443 142.358 0.0799999
      vertex 228.194 143.856 0
      vertex 228.356 143.985 0.0799999
    endloop
  endfacet
  facet normal -0.117095 -0.344955 0.931287
    outer loop
      vertex 15.5171 1.72092 7.42896
      vertex 17.7883 0.81778 7.38
      vertex 17.8283 0.936381 7.42896
    endloop
  endfacet
  facet normal -0.117112 -0.344997 0.931269
    outer loop
      vertex 17.7883 0.81778 7.38
      vertex 15.5171 1.72092 7.42896
      vertex 14.8156 1.82689 7.38
    endloop
  endfacet
  facet normal -0.117102 -0.344972 0.931279
    outer loop
      vertex 17.9678 1.35073 7.6
      vertex 16.8215 1.52388 7.52
      vertex 17.9025 1.15693 7.52
    endloop
  endfacet
  facet normal -0.300115 0.200467 -0.932601
    outer loop
      vertex 5.4062 143.856 0
      vertex 4.15699 142.358 0.0799999
      vertex 5.24377 143.985 0.0799999
    endloop
  endfacet
  facet normal -0.300402 0.200713 -0.932455
    outer loop
      vertex 4.15699 142.358 0.0799999
      vertex 5.4062 143.856 0
      vertex 3.69841 141.3 0
    endloop
  endfacet
  facet normal -0.341868 0.146551 -0.928251
    outer loop
      vertex 5.05884 144.129 0.170632
      vertex 4.95952 144.21 0.219999
      vertex 5.05992 144.131 0.17055
    endloop
  endfacet
  facet normal -0.30002 0.200526 -0.932619
    outer loop
      vertex 4.95952 144.21 0.219999
      vertex 5.05884 144.129 0.170632
      vertex 4.67653 143.557 0.170632
    endloop
  endfacet
  facet normal -0.0242419 0.369949 -0.928736
    outer loop
      vertex 20.9826 152.849 0
      vertex 22.8927 153.175 0.0799999
      vertex 24.05 153.05 0
    endloop
  endfacet
  facet normal -0.0242681 0.370088 -0.92868
    outer loop
      vertex 22.8927 153.175 0.0799999
      vertex 20.9826 152.849 0
      vertex 20.9407 153.047 0.0799999
    endloop
  endfacet
  facet normal -0.0239232 0.369864 -0.928778
    outer loop
      vertex 20.9004 153.276 0.17176
      vertex 20.8674 153.395 0.219999
      vertex 21.5652 153.319 0.17176
    endloop
  endfacet
  facet normal -0.04732 0.363958 -0.930213
    outer loop
      vertex 20.8674 153.395 0.219999
      vertex 20.9004 153.276 0.17176
      vertex 20.8929 153.274 0.171359
    endloop
  endfacet
  facet normal 0.117036 -0.344897 -0.931316
    outer loop
      vertex 216.778 1.52388 0.0799999
      vertex 218.543 2.33883 0
      vertex 218.631 2.15267 0.0799999
    endloop
  endfacet
  facet normal 0.117153 -0.345141 -0.93121
    outer loop
      vertex 218.543 2.33883 0
      vertex 216.778 1.52388 0.0799999
      vertex 215.632 1.35073 0
    endloop
  endfacet
  facet normal 0.124282 -0.34171 -0.931552
    outer loop
      vertex 218.784 1.82689 0.219999
      vertex 218.726 1.93927 0.171038
      vertex 218.73 1.94139 0.170794
    endloop
  endfacet
  facet normal 0.117221 -0.345193 -0.931183
    outer loop
      vertex 218.726 1.93927 0.171038
      vertex 218.784 1.82689 0.219999
      vertex 218.083 1.72092 0.171038
    endloop
  endfacet
  facet normal 0.116321 0.346659 -0.930751
    outer loop
      vertex 218.726 151.661 0.171036
      vertex 218.784 151.773 0.219999
      vertex 218.73 151.659 0.170791
    endloop
  endfacet
  facet normal 0.117358 0.346148 -0.930811
    outer loop
      vertex 218.784 151.773 0.219999
      vertex 218.726 151.661 0.171036
      vertex 218.083 151.879 0.171035
    endloop
  endfacet
  facet normal 0.117145 0.345103 -0.931225
    outer loop
      vertex 218.543 151.261 0
      vertex 216.778 152.076 0.0799999
      vertex 218.631 151.447 0.0799999
    endloop
  endfacet
  facet normal 0.11709 0.344988 -0.931275
    outer loop
      vertex 216.778 152.076 0.0799999
      vertex 218.543 151.261 0
      vertex 215.632 152.249 0
    endloop
  endfacet
  facet normal 0.236649 0.270454 -0.933194
    outer loop
      vertex 226.48 146.48 0.170549
      vertex 225.96 146.935 0.170548
      vertex 226.571 146.571 0.219999
    endloop
  endfacet
  facet normal 0.23724 0.270527 -0.933023
    outer loop
      vertex 226.167 146.167 0
      vertex 224.843 147.604 0.0799999
      vertex 226.314 146.314 0.0799999
    endloop
  endfacet
  facet normal 0.237433 0.2707 -0.932924
    outer loop
      vertex 224.843 147.604 0.0799999
      vertex 226.167 146.167 0
      vertex 223.856 148.194 0
    endloop
  endfacet
  facet normal -0.117088 -0.344937 -0.931294
    outer loop
      vertex 17.7883 0.81778 0.219999
      vertex 15.5171 1.72092 0.171039
      vertex 17.8283 0.936381 0.171042
    endloop
  endfacet
  facet normal -0.117112 -0.344997 -0.931269
    outer loop
      vertex 15.5171 1.72092 0.171039
      vertex 17.7883 0.81778 0.219999
      vertex 14.8156 1.82689 0.219999
    endloop
  endfacet
  facet normal -0.117102 -0.344972 -0.93128
    outer loop
      vertex 17.9025 1.15693 0.0799999
      vertex 16.8215 1.52388 0.0799999
      vertex 17.9678 1.35073 0
    endloop
  endfacet
  facet normal -0.751939 0.659232 0
    outer loop
      vertex 4.95952 144.21 0.219999
      vertex 7.02943 146.571 6.55
      vertex 7.02943 146.571 0.219999
    endloop
  endfacet
  facet normal -0.751939 0.659232 0
    outer loop
      vertex 7.02943 146.571 6.55
      vertex 4.95952 144.21 0.219999
      vertex 4.95952 144.21 6.55
    endloop
  endfacet
  facet normal 0.201044 0.300932 -0.932213
    outer loop
      vertex 222.358 149.443 0.0799999
      vertex 221.3 149.902 0
      vertex 221.409 150.077 0.0799999
    endloop
  endfacet
  facet normal 0.20045 0.299813 -0.932702
    outer loop
      vertex 223.557 148.923 0.17063
      vertex 221.6 150.385 0.219999
      vertex 224.21 148.64 0.219999
    endloop
  endfacet
  facet normal 0.200185 0.299464 -0.932871
    outer loop
      vertex 221.6 150.385 0.219999
      vertex 223.557 148.923 0.17063
      vertex 221.533 150.276 0.170631
    endloop
  endfacet
  facet normal 0.555802 0.831315 -0
    outer loop
      vertex 224.21 148.64 0.219999
      vertex 221.6 150.385 6.55
      vertex 224.21 148.64 6.55
    endloop
  endfacet
  facet normal 0.555802 0.831315 0
    outer loop
      vertex 221.6 150.385 6.55
      vertex 224.21 148.64 0.219999
      vertex 221.6 150.385 0.219999
    endloop
  endfacet
  facet normal 0.0716692 0.359632 0.930338
    outer loop
      vertex 215.697 152.443 7.52
      vertex 214.578 152.666 7.52
      vertex 215.632 152.249 7.6
    endloop
  endfacet
  facet normal 0.0709711 0.361651 0.929608
    outer loop
      vertex 215.812 152.782 7.38
      vertex 215.766 152.666 7.42864
      vertex 215.772 152.664 7.42896
    endloop
  endfacet
  facet normal 0.0717585 0.36136 0.929661
    outer loop
      vertex 215.812 152.782 7.38
      vertex 213.374 153.141 7.42864
      vertex 215.766 152.666 7.42864
    endloop
  endfacet
  facet normal 0.0713272 0.358265 0.930891
    outer loop
      vertex 213.374 153.141 7.42864
      vertex 215.812 152.782 7.38
      vertex 212.733 153.395 7.38
    endloop
  endfacet
  facet normal 0.980752 0.195258 0
    outer loop
      vertex 233.395 132.733 7.38
      vertex 232.782 135.812 0.219999
      vertex 232.782 135.812 7.38
    endloop
  endfacet
  facet normal 0.980752 0.195258 0
    outer loop
      vertex 232.782 135.812 0.219999
      vertex 233.395 132.733 7.38
      vertex 233.395 132.733 0.219999
    endloop
  endfacet
  facet normal 0.200583 -0.300161 -0.932561
    outer loop
      vertex 221.6 3.21539 0.219999
      vertex 223.557 4.67653 0.170632
      vertex 224.21 4.95952 0.219999
    endloop
  endfacet
  facet normal 0.200841 -0.300502 -0.932396
    outer loop
      vertex 223.557 4.67653 0.170632
      vertex 221.6 3.21539 0.219999
      vertex 221.533 3.32378 0.170634
    endloop
  endfacet
  facet normal 0.200638 -0.300216 -0.932531
    outer loop
      vertex 221.409 3.52276 0.0799999
      vertex 221.3 3.69841 0
      vertex 222.358 4.15699 0.0799999
    endloop
  endfacet
  facet normal 0.299464 0.200185 -0.932871
    outer loop
      vertex 228.923 143.557 0.17063
      vertex 230.385 141.6 0.219999
      vertex 230.276 141.533 0.170631
    endloop
  endfacet
  facet normal 0.299813 0.20045 -0.932702
    outer loop
      vertex 230.385 141.6 0.219999
      vertex 228.923 143.557 0.17063
      vertex 228.64 144.21 0.219999
    endloop
  endfacet
  facet normal 0.300932 0.201044 -0.932213
    outer loop
      vertex 229.902 141.3 0
      vertex 229.443 142.358 0.0799999
      vertex 230.077 141.409 0.0799999
    endloop
  endfacet
  facet normal -0.359904 -0.0715894 0.930239
    outer loop
      vertex 0.751049 20.9826 7.6
      vertex 0.934222 19.0222 7.52
      vertex 1.35073 17.9678 7.6
    endloop
  endfacet
  facet normal -0.359895 -0.0715887 0.930242
    outer loop
      vertex 0.934222 19.0222 7.52
      vertex 0.751049 20.9826 7.6
      vertex 0.552603 20.9407 7.52
    endloop
  endfacet
  facet normal -0.359901 -0.0715795 0.930241
    outer loop
      vertex 0.325971 20.8929 7.42864
      vertex 0.205322 20.8674 7.38
      vertex 0.458549 20.2263 7.42864
    endloop
  endfacet
  facet normal -0.359763 0.0715567 0.930296
    outer loop
      vertex 0.934222 134.578 7.52
      vertex 0.751049 132.617 7.6
      vertex 1.35073 135.632 7.6
    endloop
  endfacet
  facet normal -0.359869 0.0715648 0.930254
    outer loop
      vertex 0.751049 132.617 7.6
      vertex 0.934222 134.578 7.52
      vertex 0.552603 132.659 7.52
    endloop
  endfacet
  facet normal -0.35966 0.0714899 0.930341
    outer loop
      vertex 0.458552 133.374 7.42864
      vertex 0.205322 132.733 7.38
      vertex 0.325972 132.707 7.42864
    endloop
  endfacet
  facet normal 0.160022 -0.324603 0.932216
    outer loop
      vertex 219.151 2.1 7.4121
      vertex 218.784 1.82689 7.38
      vertex 219.338 2.1 7.38
    endloop
  endfacet
  facet normal 0.270454 0.236649 -0.933194
    outer loop
      vertex 226.935 145.96 0.170548
      vertex 226.48 146.48 0.170549
      vertex 226.571 146.571 0.219999
    endloop
  endfacet
  facet normal 0.2707 0.237433 -0.932924
    outer loop
      vertex 226.167 146.167 0
      vertex 227.604 144.843 0.0799999
      vertex 228.194 143.856 0
    endloop
  endfacet
  facet normal 0.270527 0.23724 -0.933023
    outer loop
      vertex 227.604 144.843 0.0799999
      vertex 226.167 146.167 0
      vertex 226.314 146.314 0.0799999
    endloop
  endfacet
  facet normal 0.321511 -0.946906 0
    outer loop
      vertex 215.812 0.81778 0.219999
      vertex 218.784 1.82689 7.38
      vertex 215.812 0.81778 7.38
    endloop
  endfacet
  facet normal 0.321511 -0.946906 0
    outer loop
      vertex 218.784 1.82689 7.38
      vertex 215.812 0.81778 0.219999
      vertex 218.784 1.82689 0.219999
    endloop
  endfacet
  facet normal 0.346148 0.117358 -0.930811
    outer loop
      vertex 231.661 138.726 0.171036
      vertex 231.773 138.784 0.219999
      vertex 231.879 138.083 0.171035
    endloop
  endfacet
  facet normal 0.346659 0.116321 -0.930751
    outer loop
      vertex 231.773 138.784 0.219999
      vertex 231.661 138.726 0.171036
      vertex 231.659 138.73 0.170791
    endloop
  endfacet
  facet normal 0.344988 0.11709 -0.931275
    outer loop
      vertex 231.261 138.543 0
      vertex 232.076 136.778 0.0799999
      vertex 232.249 135.632 0
    endloop
  endfacet
  facet normal 0.345103 0.117145 -0.931225
    outer loop
      vertex 232.076 136.778 0.0799999
      vertex 231.261 138.543 0
      vertex 231.447 138.631 0.0799999
    endloop
  endfacet
  facet normal 0.896898 -0.442238 0
    outer loop
      vertex 231.15 13.5521 6.55
      vertex 231.773 14.8156 7.38
      vertex 231.15 13.5521 7.38
    endloop
  endfacet
  facet normal 0.896898 -0.442238 0
    outer loop
      vertex 231.773 14.8156 7.38
      vertex 231.15 13.5521 6.55
      vertex 231.773 14.8156 0.219999
    endloop
  endfacet
  facet normal 0.896967 -0.442098 0
    outer loop
      vertex 230.385 12 0.219999
      vertex 231.15 13.5521 6.55
      vertex 230.385 12 6.55
    endloop
  endfacet
  facet normal 0.896936 -0.44216 1.91639e-05
    outer loop
      vertex 231.15 13.5521 6.55
      vertex 230.385 12 0.219999
      vertex 231.773 14.8156 0.219999
    endloop
  endfacet
  facet normal 0.358304 -0.0713326 0.930876
    outer loop
      vertex 233.141 20.2263 7.42864
      vertex 232.782 17.7883 7.38
      vertex 233.395 20.8674 7.38
    endloop
  endfacet
  facet normal 0.361411 -0.0717655 0.929641
    outer loop
      vertex 232.666 17.8342 7.42864
      vertex 232.782 17.7883 7.38
      vertex 233.141 20.2263 7.42864
    endloop
  endfacet
  facet normal 0.361305 -0.072054 0.92966
    outer loop
      vertex 232.782 17.7883 7.38
      vertex 232.666 17.8342 7.42864
      vertex 232.664 17.8283 7.42896
    endloop
  endfacet
  facet normal 0.359555 -0.0716092 0.930372
    outer loop
      vertex 232.666 19.0222 7.52
      vertex 232.249 17.9678 7.6
      vertex 232.443 17.9025 7.52
    endloop
  endfacet
  facet normal 0.0242078 -0.369386 0.928961
    outer loop
      vertex 212.035 0.280896 7.42824
      vertex 209.6 0 7.38
      vertex 212.733 0.205322 7.38
    endloop
  endfacet
  facet normal 0.0242094 -0.369399 0.928956
    outer loop
      vertex 209.6 0 7.38
      vertex 212.035 0.280896 7.42824
      vertex 209.589 0.120592 7.42824
    endloop
  endfacet
  facet normal 0.0242146 -0.369404 0.928953
    outer loop
      vertex 210.707 0.424662 7.52
      vertex 209.55 0.549999 7.6
      vertex 209.568 0.35 7.52
    endloop
  endfacet
  facet normal 0.115381 0.3471 0.930704
    outer loop
      vertex 218.784 151.773 7.38
      vertex 218.726 151.661 7.42896
      vertex 218.73 151.659 7.42921
    endloop
  endfacet
  facet normal 0.11735 0.34613 0.930818
    outer loop
      vertex 218.726 151.661 7.42896
      vertex 218.784 151.773 7.38
      vertex 218.083 151.879 7.42896
    endloop
  endfacet
  facet normal 0.116968 0.344811 0.931356
    outer loop
      vertex 216.778 152.076 7.52
      vertex 217.839 151.5 7.6
      vertex 218.476 151.5 7.52
    endloop
  endfacet
  facet normal 0.117095 0.345033 0.931258
    outer loop
      vertex 217.839 151.5 7.6
      vertex 216.778 152.076 7.52
      vertex 215.632 152.249 7.6
    endloop
  endfacet
  facet normal 1.65506e-06 0.372046 0.928214
    outer loop
      vertex 24.0318 153.25 7.52
      vertex 115.847 153.05 7.6
      vertex 115.885 153.111 7.57555
    endloop
  endfacet
  facet normal -4.01944e-06 0.368811 0.929504
    outer loop
      vertex 24.0318 153.25 7.52
      vertex 115.885 153.111 7.57555
      vertex 115.927 153.17 7.55214
    endloop
  endfacet
  facet normal 2.25435e-06 0.375019 0.927017
    outer loop
      vertex 24.0318 153.25 7.52
      vertex 115.927 153.17 7.55214
      vertex 115.973 153.225 7.52989
    endloop
  endfacet
  facet normal -0 0.367861 0.929881
    outer loop
      vertex 24.0318 153.25 7.52
      vertex 115.973 153.225 7.52989
      vertex 115.996 153.25 7.52
    endloop
  endfacet
  facet normal 0 0.371391 0.928477
    outer loop
      vertex 115.847 153.05 7.6
      vertex 24.0318 153.25 7.52
      vertex 24.05 153.05 7.6
    endloop
  endfacet
  facet normal 0.0162202 0.36901 0.929284
    outer loop
      vertex 209.6 153.6 7.38
      vertex 209.58 153.48 7.428
      vertex 209.589 153.479 7.42824
    endloop
  endfacet
  facet normal 0 0.371391 0.928477
    outer loop
      vertex 209.6 153.6 7.38
      vertex 117.299 153.48 7.428
      vertex 209.58 153.48 7.428
    endloop
  endfacet
  facet normal 2.94902e-05 0.351754 0.936093
    outer loop
      vertex 209.6 153.6 7.38
      vertex 117.287 153.487 7.42537
      vertex 117.299 153.48 7.428
    endloop
  endfacet
  facet normal -1.30561e-05 0.381761 0.924261
    outer loop
      vertex 209.6 153.6 7.38
      vertex 117.257 153.5 7.42
      vertex 117.287 153.487 7.42537
    endloop
  endfacet
  facet normal 0 0.371391 0.928477
    outer loop
      vertex 209.6 153.6 7.38
      vertex 116.343 153.5 7.42
      vertex 117.257 153.5 7.42
    endloop
  endfacet
  facet normal -2.94902e-05 0.351754 0.936093
    outer loop
      vertex 24 153.6 7.38
      vertex 116.301 153.48 7.428
      vertex 116.313 153.487 7.42537
    endloop
  endfacet
  facet normal 1.30561e-05 0.381761 0.924261
    outer loop
      vertex 24 153.6 7.38
      vertex 116.313 153.487 7.42537
      vertex 116.343 153.5 7.42
    endloop
  endfacet
  facet normal -0 0.371391 0.928477
    outer loop
      vertex 24 153.6 7.38
      vertex 116.343 153.5 7.42
      vertex 209.6 153.6 7.38
    endloop
  endfacet
  facet normal -0.0162202 0.36901 0.929284
    outer loop
      vertex 24.02 153.48 7.428
      vertex 24 153.6 7.38
      vertex 24.011 153.479 7.42824
    endloop
  endfacet
  facet normal 0 0.371391 0.928477
    outer loop
      vertex 116.301 153.48 7.428
      vertex 24 153.6 7.38
      vertex 24.02 153.48 7.428
    endloop
  endfacet
  facet normal 0 0.371391 0.928477
    outer loop
      vertex 209.568 153.25 7.52
      vertex 117.753 153.05 7.6
      vertex 209.55 153.05 7.6
    endloop
  endfacet
  facet normal -1.65507e-06 0.372046 0.928214
    outer loop
      vertex 209.568 153.25 7.52
      vertex 117.715 153.111 7.57555
      vertex 117.753 153.05 7.6
    endloop
  endfacet
  facet normal 4.01945e-06 0.368811 0.929504
    outer loop
      vertex 209.568 153.25 7.52
      vertex 117.673 153.17 7.55214
      vertex 117.715 153.111 7.57555
    endloop
  endfacet
  facet normal -2.25435e-06 0.375019 0.927017
    outer loop
      vertex 209.568 153.25 7.52
      vertex 117.627 153.225 7.52989
      vertex 117.673 153.17 7.55214
    endloop
  endfacet
  facet normal 0 0.367861 0.929881
    outer loop
      vertex 117.627 153.225 7.52989
      vertex 209.568 153.25 7.52
      vertex 117.604 153.25 7.52
    endloop
  endfacet
  facet normal 0.346303 0.117631 -0.930719
    outer loop
      vertex 231.879 138.083 0.171035
      vertex 232.782 135.812 0.219999
      vertex 232.664 135.772 0.171038
    endloop
  endfacet
  facet normal 0.345405 0.117266 -0.931098
    outer loop
      vertex 232.782 135.812 0.219999
      vertex 231.879 138.083 0.171035
      vertex 231.773 138.784 0.219999
    endloop
  endfacet
  facet normal 0.344831 0.11707 -0.931336
    outer loop
      vertex 232.249 135.632 0
      vertex 232.076 136.778 0.0799999
      vertex 232.443 135.697 0.0799999
    endloop
  endfacet
  facet normal 0.360565 0.0715869 -0.929983
    outer loop
      vertex 232.849 132.617 0
      vertex 232.666 134.578 0.0799999
      vertex 233.047 132.659 0.0799999
    endloop
  endfacet
  facet normal 0.35919 0.0714807 -0.930523
    outer loop
      vertex 232.666 134.578 0.0799999
      vertex 232.849 132.617 0
      vertex 232.249 135.632 0
    endloop
  endfacet
  facet normal 0.35875 0.0715349 -0.930688
    outer loop
      vertex 233.274 132.707 0.171359
      vertex 233.141 133.374 0.171359
      vertex 233.395 132.733 0.219999
    endloop
  endfacet
  facet normal -0.237078 0.270668 -0.933023
    outer loop
      vertex 7.12014 146.48 0.170551
      vertex 7.02943 146.571 0.219999
      vertex 7.63961 146.935 0.17055
    endloop
  endfacet
  facet normal -0.23735 0.270619 -0.932969
    outer loop
      vertex 7.43299 146.167 0
      vertex 8.75695 147.604 0.0799999
      vertex 9.74411 148.194 0
    endloop
  endfacet
  facet normal -0.237437 0.270696 -0.932924
    outer loop
      vertex 8.75695 147.604 0.0799999
      vertex 7.43299 146.167 0
      vertex 7.28625 146.314 0.0799999
    endloop
  endfacet
  facet normal -0.32529 0.160317 0.931925
    outer loop
      vertex 2.45 140.048 7.38
      vertex 2.24547 139.347 7.4292
      vertex 2.45 139.762 7.4292
    endloop
  endfacet
  facet normal -0.325115 0.160271 0.931994
    outer loop
      vertex 2.24547 139.347 7.4292
      vertex 2.45 140.048 7.38
      vertex 1.82689 138.784 7.38
    endloop
  endfacet
  facet normal -0.07159 -0.359915 -0.930234
    outer loop
      vertex 17.7883 0.81778 0.219999
      vertex 20.2263 0.458549 0.171362
      vertex 20.8674 0.205322 0.219999
    endloop
  endfacet
  facet normal -0.0722077 -0.359657 -0.930286
    outer loop
      vertex 17.8342 0.934361 0.171365
      vertex 17.7883 0.81778 0.219999
      vertex 17.8283 0.936381 0.171042
    endloop
  endfacet
  facet normal -0.0715859 -0.359885 -0.930246
    outer loop
      vertex 20.2263 0.458549 0.171362
      vertex 17.7883 0.81778 0.219999
      vertex 17.8342 0.934361 0.171365
    endloop
  endfacet
  facet normal -0.0715814 -0.359884 -0.930247
    outer loop
      vertex 19.0222 0.93422 0.0799999
      vertex 17.9025 1.15693 0.0799999
      vertex 17.9678 1.35073 0
    endloop
  endfacet
  facet normal 0.0242099 -0.369372 -0.928966
    outer loop
      vertex 210.707 0.424662 0.0799999
      vertex 212.617 0.751049 0
      vertex 212.659 0.552603 0.0799999
    endloop
  endfacet
  facet normal 0.0242151 -0.3694 -0.928955
    outer loop
      vertex 212.617 0.751049 0
      vertex 210.707 0.424662 0.0799999
      vertex 209.55 0.549999 0
    endloop
  endfacet
  facet normal 0.0259176 -0.368959 -0.929084
    outer loop
      vertex 212.733 0.205322 0.219999
      vertex 212.7 0.324468 0.171763
      vertex 212.707 0.325972 0.171361
    endloop
  endfacet
  facet normal 0.0242041 -0.369384 -0.928961
    outer loop
      vertex 212.7 0.324468 0.171763
      vertex 212.733 0.205322 0.219999
      vertex 212.035 0.280896 0.171762
    endloop
  endfacet
  facet normal 0.270696 -0.237437 -0.932924
    outer loop
      vertex 226.167 7.43299 0
      vertex 227.604 8.75695 0.0799999
      vertex 226.314 7.28625 0.0799999
    endloop
  endfacet
  facet normal 0.270619 -0.23735 -0.932969
    outer loop
      vertex 227.604 8.75695 0.0799999
      vertex 226.167 7.43299 0
      vertex 228.194 9.74411 0
    endloop
  endfacet
  facet normal 0.270668 -0.237078 -0.933023
    outer loop
      vertex 226.571 7.02943 0.219999
      vertex 226.48 7.12014 0.170551
      vertex 226.935 7.63961 0.17055
    endloop
  endfacet
  facet normal 0.236016 0.269325 -0.933681
    outer loop
      vertex 225.96 146.935 0.170548
      vertex 224.21 148.64 0.219999
      vertex 226.571 146.571 0.219999
    endloop
  endfacet
  facet normal 0.238887 0.272226 -0.932109
    outer loop
      vertex 224.21 148.64 0.219999
      vertex 225.96 146.935 0.170548
      vertex 224.131 148.54 0.170547
    endloop
  endfacet
  facet normal 0.23775 0.271263 -0.93268
    outer loop
      vertex 224.843 147.604 0.0799999
      vertex 223.856 148.194 0
      vertex 223.985 148.356 0.0799999
    endloop
  endfacet
  facet normal 0.071092 -0.360014 -0.930234
    outer loop
      vertex 215.812 0.81778 0.219999
      vertex 215.766 0.934361 0.171365
      vertex 215.772 0.936383 0.171041
    endloop
  endfacet
  facet normal 0.0715788 -0.359835 -0.930266
    outer loop
      vertex 215.812 0.81778 0.219999
      vertex 213.374 0.458552 0.171361
      vertex 215.766 0.934361 0.171365
    endloop
  endfacet
  facet normal 0.0715843 -0.359875 -0.93025
    outer loop
      vertex 213.374 0.458552 0.171361
      vertex 215.812 0.81778 0.219999
      vertex 212.733 0.205322 0.219999
    endloop
  endfacet
  facet normal 0.0716414 -0.35996 -0.930213
    outer loop
      vertex 215.697 1.15693 0.0799999
      vertex 214.578 0.93422 0.0799999
      vertex 215.632 1.35073 0
    endloop
  endfacet
  facet normal 0.0242674 0.370078 0.928684
    outer loop
      vertex 210.707 153.175 7.52
      vertex 212.617 152.849 7.6
      vertex 212.659 153.047 7.52
    endloop
  endfacet
  facet normal 0.0242461 0.369965 0.928729
    outer loop
      vertex 212.617 152.849 7.6
      vertex 210.707 153.175 7.52
      vertex 209.55 153.05 7.6
    endloop
  endfacet
  facet normal 0.0505855 0.363123 0.930367
    outer loop
      vertex 212.733 153.395 7.38
      vertex 212.7 153.276 7.42824
      vertex 212.707 153.274 7.42864
    endloop
  endfacet
  facet normal 0.0239166 0.369873 0.928775
    outer loop
      vertex 212.7 153.276 7.42824
      vertex 212.733 153.395 7.38
      vertex 212.035 153.319 7.42824
    endloop
  endfacet
  facet normal -0.0715883 -0.359895 -0.930242
    outer loop
      vertex 19.0222 0.93422 0.0799999
      vertex 20.9826 0.751049 0
      vertex 20.9407 0.552603 0.0799999
    endloop
  endfacet
  facet normal -0.0715887 -0.359901 -0.93024
    outer loop
      vertex 20.9826 0.751049 0
      vertex 19.0222 0.93422 0.0799999
      vertex 17.9678 1.35073 0
    endloop
  endfacet
  facet normal -0.0715757 -0.359881 -0.930249
    outer loop
      vertex 20.8674 0.205322 0.219999
      vertex 20.2263 0.458549 0.171362
      vertex 20.8929 0.325971 0.171362
    endloop
  endfacet
  facet normal -0.3694 0.0242151 -0.928955
    outer loop
      vertex 0.424662 130.707 0.0799999
      vertex 0.751049 132.617 0
      vertex 0.549999 129.55 0
    endloop
  endfacet
  facet normal -0.369372 0.0242099 -0.928966
    outer loop
      vertex 0.751049 132.617 0
      vertex 0.424662 130.707 0.0799999
      vertex 0.552603 132.659 0.0799999
    endloop
  endfacet
  facet normal -0.368959 0.0259176 -0.929084
    outer loop
      vertex 0.324468 132.7 0.171763
      vertex 0.205322 132.733 0.219999
      vertex 0.325972 132.707 0.171361
    endloop
  endfacet
  facet normal -0.369384 0.0242041 -0.928961
    outer loop
      vertex 0.205322 132.733 0.219999
      vertex 0.324468 132.7 0.171763
      vertex 0.280896 132.035 0.171762
    endloop
  endfacet
  facet normal -0.946929 -0.321444 0
    outer loop
      vertex 1.82689 14.8156 0.219999
      vertex 0.81778 17.7883 7.38
      vertex 0.81778 17.7883 0.219999
    endloop
  endfacet
  facet normal -0.946929 -0.321444 0
    outer loop
      vertex 0.81778 17.7883 7.38
      vertex 1.82689 14.8156 0.219999
      vertex 1.82689 14.8156 7.38
    endloop
  endfacet
  facet normal -0.980786 -0.195086 0
    outer loop
      vertex 0.81778 17.7883 0.219999
      vertex 0.205322 20.8674 7.38
      vertex 0.205322 20.8674 0.219999
    endloop
  endfacet
  facet normal -0.980786 -0.195086 0
    outer loop
      vertex 0.205322 20.8674 7.38
      vertex 0.81778 17.7883 0.219999
      vertex 0.81778 17.7883 7.38
    endloop
  endfacet
  facet normal -0.238112 0.271457 -0.932531
    outer loop
      vertex 7.63961 146.935 0.17055
      vertex 9.38972 148.64 0.219999
      vertex 9.46938 148.54 0.170549
    endloop
  endfacet
  facet normal -0.236746 0.270077 -0.933279
    outer loop
      vertex 9.38972 148.64 0.219999
      vertex 7.63961 146.935 0.17055
      vertex 7.02943 146.571 0.219999
    endloop
  endfacet
  facet normal -0.237789 0.271398 -0.93263
    outer loop
      vertex 9.74411 148.194 0
      vertex 8.75695 147.604 0.0799999
      vertex 9.61524 148.356 0.0799999
    endloop
  endfacet
  facet normal -0.369386 0.0242078 0.928961
    outer loop
      vertex 0 129.6 7.38
      vertex 0.280896 132.035 7.42824
      vertex 0.205322 132.733 7.38
    endloop
  endfacet
  facet normal -0.369399 0.0242094 0.928956
    outer loop
      vertex 0.280896 132.035 7.42824
      vertex 0 129.6 7.38
      vertex 0.120592 129.589 7.42824
    endloop
  endfacet
  facet normal -0.369404 0.0242146 0.928953
    outer loop
      vertex 0.424662 130.707 7.52
      vertex 0.35 129.568 7.52
      vertex 0.549999 129.55 7.6
    endloop
  endfacet
  facet normal 0.0261746 -0.368922 0.929092
    outer loop
      vertex 212.7 0.324468 7.42824
      vertex 212.733 0.205322 7.38
      vertex 212.707 0.325972 7.42864
    endloop
  endfacet
  facet normal 0.0242045 -0.369411 0.928951
    outer loop
      vertex 212.733 0.205322 7.38
      vertex 212.7 0.324468 7.42824
      vertex 212.035 0.280896 7.42824
    endloop
  endfacet
  facet normal 0.02421 -0.369372 0.928966
    outer loop
      vertex 212.617 0.751049 7.6
      vertex 210.707 0.424662 7.52
      vertex 212.659 0.552603 7.52
    endloop
  endfacet
  facet normal 0.0242151 -0.3694 0.928955
    outer loop
      vertex 210.707 0.424662 7.52
      vertex 212.617 0.751049 7.6
      vertex 209.55 0.549999 7.6
    endloop
  endfacet
  facet normal 0.0714899 -0.35966 0.930341
    outer loop
      vertex 213.374 0.458552 7.42864
      vertex 212.707 0.325972 7.42864
      vertex 212.733 0.205322 7.38
    endloop
  endfacet
  facet normal 0.0715567 -0.359763 0.930296
    outer loop
      vertex 212.617 0.751049 7.6
      vertex 214.578 0.934222 7.52
      vertex 215.632 1.35073 7.6
    endloop
  endfacet
  facet normal 0.0715648 -0.359869 0.930254
    outer loop
      vertex 214.578 0.934222 7.52
      vertex 212.617 0.751049 7.6
      vertex 212.659 0.552603 7.52
    endloop
  endfacet
  facet normal -0.160282 -0.325018 -0.932026
    outer loop
      vertex 13.2148 3.01785 0.0799999
      vertex 15.0569 2.33883 0
      vertex 14.9692 2.15267 0.0799999
    endloop
  endfacet
  facet normal -0.160277 -0.325002 -0.932033
    outer loop
      vertex 15.0569 2.33883 0
      vertex 13.2148 3.01785 0.0799999
      vertex 12.3 3.69841 0
    endloop
  endfacet
  facet normal -0.16025 -0.324955 -0.932054
    outer loop
      vertex 14.8156 1.82689 0.219999
      vertex 14.253 2.24546 0.170796
      vertex 14.8696 1.94139 0.170795
    endloop
  endfacet
  facet normal 0.160685 0.325824 -0.931675
    outer loop
      vertex 221.3 149.902 0
      vertex 220.385 150.582 0.0799999
      vertex 221.409 150.077 0.0799999
    endloop
  endfacet
  facet normal 0.163572 0.321829 -0.932561
    outer loop
      vertex 221.53 150.278 0.170795
      vertex 221.6 150.385 0.219999
      vertex 221.533 150.276 0.170631
    endloop
  endfacet
  facet normal 0.159919 0.324142 -0.932394
    outer loop
      vertex 219.347 151.355 0.170792
      vertex 221.6 150.385 0.219999
      vertex 221.53 150.278 0.170795
    endloop
  endfacet
  facet normal 0.160805 0.326243 -0.931508
    outer loop
      vertex 221.6 150.385 0.219999
      vertex 219.347 151.355 0.170792
      vertex 218.784 151.773 0.219999
    endloop
  endfacet
  facet normal -0.237595 -0.270925 -0.932817
    outer loop
      vertex 9.61524 5.24377 0.0799999
      vertex 8.75695 5.99647 0.0799999
      vertex 9.74411 5.4062 0
    endloop
  endfacet
  facet normal -0.237586 -0.270917 -0.932822
    outer loop
      vertex 9.38972 4.95952 0.219999
      vertex 7.63958 6.6646 0.170552
      vertex 9.46938 5.05992 0.170551
    endloop
  endfacet
  facet normal -0.237588 -0.270918 -0.932821
    outer loop
      vertex 7.63958 6.6646 0.170552
      vertex 9.38972 4.95952 0.219999
      vertex 7.02943 7.02943 0.219999
    endloop
  endfacet
  facet normal -0.325104 0.160321 -0.93199
    outer loop
      vertex 2.33883 138.543 0
      vertex 3.01785 140.385 0.0799999
      vertex 3.69841 141.3 0
    endloop
  endfacet
  facet normal -0.324822 0.160222 -0.932105
    outer loop
      vertex 3.01785 140.385 0.0799999
      vertex 2.33883 138.543 0
      vertex 2.15267 138.631 0.0799999
    endloop
  endfacet
  facet normal -0.324998 0.160172 -0.932052
    outer loop
      vertex 1.94139 138.73 0.170794
      vertex 1.82689 138.784 0.219999
      vertex 2.24547 139.347 0.170795
    endloop
  endfacet
  facet normal -0.271678 0.238355 -0.932405
    outer loop
      vertex 4.95952 144.21 0.219999
      vertex 6.66458 145.96 0.17055
      vertex 5.05992 144.131 0.17055
    endloop
  endfacet
  facet normal -0.270153 0.236846 -0.933232
    outer loop
      vertex 6.66458 145.96 0.17055
      vertex 4.95952 144.21 0.219999
      vertex 7.02943 146.571 0.219999
    endloop
  endfacet
  facet normal -0.27079 0.237557 -0.932866
    outer loop
      vertex 5.4062 143.856 0
      vertex 5.24377 143.985 0.0799999
      vertex 5.99647 144.843 0.0799999
    endloop
  endfacet
  facet normal 0.32624 0.160797 0.93151
    outer loop
      vertex 231.15 140.048 7.38
      vertex 231.355 139.347 7.42921
      vertex 231.773 138.784 7.38
    endloop
  endfacet
  facet normal 0.324681 0.160384 0.932126
    outer loop
      vertex 231.355 139.347 7.42921
      vertex 231.15 140.048 7.38
      vertex 231.15 139.762 7.42921
    endloop
  endfacet
  facet normal 0.831315 0.555802 0
    outer loop
      vertex 230.385 141.6 6.55
      vertex 228.64 144.21 0.219999
      vertex 228.64 144.21 6.55
    endloop
  endfacet
  facet normal 0.831315 0.555802 0
    outer loop
      vertex 228.64 144.21 0.219999
      vertex 230.385 141.6 6.55
      vertex 230.385 141.6 0.219999
    endloop
  endfacet
  facet normal -0.371391 0 0.928477
    outer loop
      vertex 0.12 129.58 7.428
      vertex 0 129.6 7.38
      vertex 0.12 24.02 7.428
    endloop
  endfacet
  facet normal -0.371438 -0.000326539 0.928458
    outer loop
      vertex 0 129.6 7.38
      vertex 0.12 129.58 7.428
      vertex 0.120592 129.589 7.42824
    endloop
  endfacet
  facet normal -0.371438 0.000326539 0.928458
    outer loop
      vertex 0.12 24.02 7.428
      vertex 0 24 7.38
      vertex 0.120592 24.011 7.42824
    endloop
  endfacet
  facet normal -0.371391 0 0.928477
    outer loop
      vertex 0 24 7.38
      vertex 0.12 24.02 7.428
      vertex 0 129.6 7.38
    endloop
  endfacet
  facet normal -0.371392 0 0.928476
    outer loop
      vertex 0.35 129.568 7.52
      vertex 0.549999 24.05 7.6
      vertex 0.549999 129.55 7.6
    endloop
  endfacet
  facet normal -0.371392 0 0.928476
    outer loop
      vertex 0.549999 24.05 7.6
      vertex 0.35 129.568 7.52
      vertex 0.35 24.0318 7.52
    endloop
  endfacet
  facet normal -0.117103 -0.344981 -0.931276
    outer loop
      vertex 16.8215 1.52388 0.0799999
      vertex 15.0569 2.33883 0
      vertex 17.9678 1.35073 0
    endloop
  endfacet
  facet normal -0.117122 -0.34502 -0.931259
    outer loop
      vertex 15.0569 2.33883 0
      vertex 16.8215 1.52388 0.0799999
      vertex 14.9692 2.15267 0.0799999
    endloop
  endfacet
  facet normal -0.11721 -0.344922 -0.931284
    outer loop
      vertex 14.8739 1.93927 0.171039
      vertex 14.8156 1.82689 0.219999
      vertex 14.8696 1.94139 0.170795
    endloop
  endfacet
  facet normal -0.117109 -0.344972 -0.931279
    outer loop
      vertex 14.8156 1.82689 0.219999
      vertex 14.8739 1.93927 0.171039
      vertex 15.5171 1.72092 0.171039
    endloop
  endfacet
  facet normal -0.35976 0.071556 -0.930297
    outer loop
      vertex 0.751049 132.617 0
      vertex 0.93422 134.578 0.0799999
      vertex 1.35073 135.632 0
    endloop
  endfacet
  facet normal -0.359869 0.0715644 -0.930254
    outer loop
      vertex 0.93422 134.578 0.0799999
      vertex 0.751049 132.617 0
      vertex 0.552603 132.659 0.0799999
    endloop
  endfacet
  facet normal -0.359648 0.0714874 -0.930346
    outer loop
      vertex 0.325972 132.707 0.171361
      vertex 0.205322 132.733 0.219999
      vertex 0.458552 133.374 0.171361
    endloop
  endfacet
  facet normal 0.358987 -0.0716251 0.93059
    outer loop
      vertex 233.274 20.8929 7.42864
      vertex 233.141 20.2263 7.42864
      vertex 233.395 20.8674 7.38
    endloop
  endfacet
  facet normal 0.360592 -0.0716109 0.929971
    outer loop
      vertex 232.849 20.9826 7.6
      vertex 232.666 19.0222 7.52
      vertex 233.047 20.9407 7.52
    endloop
  endfacet
  facet normal 0.359331 -0.0715134 0.930466
    outer loop
      vertex 232.666 19.0222 7.52
      vertex 232.849 20.9826 7.6
      vertex 232.249 17.9678 7.6
    endloop
  endfacet
  facet normal 0.369949 -0.024242 0.928736
    outer loop
      vertex 232.849 20.9826 7.6
      vertex 233.175 22.8927 7.52
      vertex 233.05 24.05 7.6
    endloop
  endfacet
  facet normal 0.370089 -0.0242681 0.928679
    outer loop
      vertex 233.175 22.8927 7.52
      vertex 232.849 20.9826 7.6
      vertex 233.047 20.9407 7.52
    endloop
  endfacet
  facet normal 0.369871 -0.0239237 0.928775
    outer loop
      vertex 233.276 20.9004 7.42824
      vertex 233.395 20.8674 7.38
      vertex 233.319 21.5652 7.42824
    endloop
  endfacet
  facet normal 0.363934 -0.0474376 0.930216
    outer loop
      vertex 233.395 20.8674 7.38
      vertex 233.276 20.9004 7.42824
      vertex 233.274 20.8929 7.42864
    endloop
  endfacet
  facet normal -0.369398 -0.0242113 0.928956
    outer loop
      vertex 0 24 7.38
      vertex 0.280896 21.5652 7.42824
      vertex 0.120592 24.011 7.42824
    endloop
  endfacet
  facet normal -0.369405 -0.0242122 0.928953
    outer loop
      vertex 0.280896 21.5652 7.42824
      vertex 0 24 7.38
      vertex 0.205322 20.8674 7.38
    endloop
  endfacet
  facet normal -0.369383 -0.0242111 0.928962
    outer loop
      vertex 0.549999 24.05 7.6
      vertex 0.35 24.0318 7.52
      vertex 0.424662 22.8927 7.52
    endloop
  endfacet
  facet normal -0.02432 0.369372 0.928963
    outer loop
      vertex 24.0318 153.25 7.52
      vertex 22.8927 153.175 7.52
      vertex 24.05 153.05 7.6
    endloop
  endfacet
  facet normal -0.0240957 0.368333 0.929382
    outer loop
      vertex 24 153.6 7.38
      vertex 21.5652 153.319 7.42824
      vertex 24.011 153.479 7.42824
    endloop
  endfacet
  facet normal -0.0241134 0.368477 0.929324
    outer loop
      vertex 21.5652 153.319 7.42824
      vertex 24 153.6 7.38
      vertex 20.8674 153.395 7.38
    endloop
  endfacet
  facet normal 0.0652929 0.997866 -0
    outer loop
      vertex 212.733 153.395 0.219999
      vertex 209.6 153.6 7.38
      vertex 212.733 153.395 7.38
    endloop
  endfacet
  facet normal 0.0652929 0.997866 0
    outer loop
      vertex 209.6 153.6 7.38
      vertex 212.733 153.395 0.219999
      vertex 209.6 153.6 0.219999
    endloop
  endfacet
  facet normal 0.0243235 0.369392 -0.928955
    outer loop
      vertex 210.707 153.175 0.0799999
      vertex 209.55 153.05 0
      vertex 209.568 153.25 0.0799999
    endloop
  endfacet
  facet normal 0.0241091 0.368458 -0.929332
    outer loop
      vertex 212.035 153.319 0.171759
      vertex 209.6 153.6 0.219999
      vertex 212.733 153.395 0.219999
    endloop
  endfacet
  facet normal 0.0240929 0.368327 -0.929384
    outer loop
      vertex 209.6 153.6 0.219999
      vertex 212.035 153.319 0.171759
      vertex 209.589 153.479 0.17176
    endloop
  endfacet
  facet normal -0.344972 -0.117102 -0.93128
    outer loop
      vertex 1.52388 16.8215 0.0799999
      vertex 1.15693 17.9025 0.0799999
      vertex 1.35073 17.9678 0
    endloop
  endfacet
  facet normal -0.344997 -0.117112 -0.931269
    outer loop
      vertex 0.81778 17.7883 0.219999
      vertex 1.72092 15.5171 0.171039
      vertex 1.82689 14.8156 0.219999
    endloop
  endfacet
  facet normal -0.344937 -0.117088 -0.931294
    outer loop
      vertex 1.72092 15.5171 0.171039
      vertex 0.81778 17.7883 0.219999
      vertex 0.936381 17.8283 0.171042
    endloop
  endfacet
  facet normal -0.0653012 0.997866 0
    outer loop
      vertex 24 153.6 0.219999
      vertex 20.8674 153.395 7.38
      vertex 24 153.6 7.38
    endloop
  endfacet
  facet normal -0.0653012 0.997866 0
    outer loop
      vertex 20.8674 153.395 7.38
      vertex 24 153.6 0.219999
      vertex 20.8674 153.395 0.219999
    endloop
  endfacet
  facet normal -0.300124 -0.200536 -0.932583
    outer loop
      vertex 3.21539 12 0.219999
      vertex 4.67654 10.0428 0.170634
      vertex 4.95952 9.38972 0.219999
    endloop
  endfacet
  facet normal -0.300192 -0.200588 -0.93255
    outer loop
      vertex 4.67654 10.0428 0.170634
      vertex 3.21539 12 0.219999
      vertex 3.32377 12.0673 0.170635
    endloop
  endfacet
  facet normal -0.300164 -0.200562 -0.932565
    outer loop
      vertex 4.15699 11.2417 0.0799999
      vertex 3.52276 12.1909 0.0799999
      vertex 3.69841 12.3 0
    endloop
  endfacet
  facet normal -0.200817 0.300507 -0.932399
    outer loop
      vertex 9.74411 148.194 0
      vertex 11.2417 149.443 0.0799999
      vertex 12.3 149.902 0
    endloop
  endfacet
  facet normal -0.2009 0.300604 -0.93235
    outer loop
      vertex 11.2417 149.443 0.0799999
      vertex 9.74411 148.194 0
      vertex 9.61524 148.356 0.0799999
    endloop
  endfacet
  facet normal -0.200833 0.300829 -0.932292
    outer loop
      vertex 9.4706 148.541 0.170631
      vertex 9.38972 148.64 0.219999
      vertex 10.0428 148.923 0.170631
    endloop
  endfacet
  facet normal -0.190599 0.308938 -0.931788
    outer loop
      vertex 9.38972 148.64 0.219999
      vertex 9.4706 148.541 0.170631
      vertex 9.46938 148.54 0.170549
    endloop
  endfacet
  facet normal -0.997859 -0.0654033 0
    outer loop
      vertex 0.205322 20.8674 0.219999
      vertex 0 24 7.38
      vertex 0 24 0.219999
    endloop
  endfacet
  facet normal -0.997859 -0.0654033 0
    outer loop
      vertex 0 24 7.38
      vertex 0.205322 20.8674 0.219999
      vertex 0.205322 20.8674 7.38
    endloop
  endfacet
  facet normal -0.0242092 -0.369372 -0.928966
    outer loop
      vertex 24 0 0.219999
      vertex 21.5652 0.280896 0.171762
      vertex 24.011 0.120592 0.171763
    endloop
  endfacet
  facet normal -0.0242109 -0.369385 -0.928961
    outer loop
      vertex 21.5652 0.280896 0.171762
      vertex 24 0 0.219999
      vertex 20.8674 0.205322 0.219999
    endloop
  endfacet
  facet normal -0.0242113 -0.369381 -0.928962
    outer loop
      vertex 24.0318 0.349999 0.0799999
      vertex 22.8927 0.424662 0.0799999
      vertex 24.05 0.549999 0
    endloop
  endfacet
  facet normal -0.325607 -0.159255 -0.931997
    outer loop
      vertex 3.21539 12 0.219999
      vertex 3.32198 12.07 0.170799
      vertex 3.32377 12.0673 0.170635
    endloop
  endfacet
  facet normal -0.324971 -0.160257 -0.932047
    outer loop
      vertex 3.21539 12 0.219999
      vertex 2.24546 14.253 0.170796
      vertex 3.32198 12.07 0.170799
    endloop
  endfacet
  facet normal -0.324956 -0.16025 -0.932053
    outer loop
      vertex 2.24546 14.253 0.170796
      vertex 3.21539 12 0.219999
      vertex 1.82689 14.8156 0.219999
    endloop
  endfacet
  facet normal -0.324968 -0.16025 -0.932049
    outer loop
      vertex 3.52276 12.1909 0.0799999
      vertex 3.01785 13.2148 0.0799999
      vertex 3.69841 12.3 0
    endloop
  endfacet
  facet normal -0.555569 -0.83147 0
    outer loop
      vertex 9.38972 4.95952 0.219999
      vertex 12 3.21539 6.55
      vertex 9.38972 4.95952 6.55
    endloop
  endfacet
  facet normal -0.555569 -0.83147 -0
    outer loop
      vertex 12 3.21539 6.55
      vertex 9.38972 4.95952 0.219999
      vertex 12 3.21539 0.219999
    endloop
  endfacet
  facet normal -0.325002 -0.160277 -0.932033
    outer loop
      vertex 3.01785 13.2148 0.0799999
      vertex 2.33883 15.0569 0
      vertex 3.69841 12.3 0
    endloop
  endfacet
  facet normal -0.325018 -0.160282 -0.932026
    outer loop
      vertex 2.33883 15.0569 0
      vertex 3.01785 13.2148 0.0799999
      vertex 2.15267 14.9692 0.0799999
    endloop
  endfacet
  facet normal -0.324955 -0.16025 -0.932054
    outer loop
      vertex 2.24546 14.253 0.170796
      vertex 1.82689 14.8156 0.219999
      vertex 1.94139 14.8696 0.170795
    endloop
  endfacet
  facet normal 0.442168 -0.896932 0
    outer loop
      vertex 218.784 1.82689 7.38
      vertex 219.338 2.1 6.55
      vertex 219.338 2.1 7.38
    endloop
  endfacet
  facet normal 0.442168 -0.896932 0
    outer loop
      vertex 218.784 1.82689 0.219999
      vertex 219.338 2.1 6.55
      vertex 218.784 1.82689 7.38
    endloop
  endfacet
  facet normal 0.442238 -0.896898 -7.6098e-06
    outer loop
      vertex 221.6 3.21539 0.219999
      vertex 219.338 2.1 6.55
      vertex 218.784 1.82689 0.219999
    endloop
  endfacet
  facet normal 0.442255 -0.896889 0
    outer loop
      vertex 219.338 2.1 6.55
      vertex 221.6 3.21539 0.219999
      vertex 221.6 3.21539 6.55
    endloop
  endfacet
  facet normal 0.300829 -0.200833 -0.932292
    outer loop
      vertex 228.64 9.38972 0.219999
      vertex 228.541 9.4706 0.170631
      vertex 228.923 10.0428 0.170631
    endloop
  endfacet
  facet normal 0.308938 -0.190599 -0.931788
    outer loop
      vertex 228.541 9.4706 0.170631
      vertex 228.64 9.38972 0.219999
      vertex 228.54 9.46938 0.170549
    endloop
  endfacet
  facet normal 0.300604 -0.2009 -0.93235
    outer loop
      vertex 228.194 9.74411 0
      vertex 229.443 11.2417 0.0799999
      vertex 228.356 9.61524 0.0799999
    endloop
  endfacet
  facet normal 0.300507 -0.200817 -0.932399
    outer loop
      vertex 229.443 11.2417 0.0799999
      vertex 228.194 9.74411 0
      vertex 229.902 12.3 0
    endloop
  endfacet
  facet normal -0.83147 -0.555569 0
    outer loop
      vertex 4.95952 9.38972 0.219999
      vertex 3.21539 12 6.55
      vertex 3.21539 12 0.219999
    endloop
  endfacet
  facet normal -0.83147 -0.555569 0
    outer loop
      vertex 3.21539 12 6.55
      vertex 4.95952 9.38972 0.219999
      vertex 4.95952 9.38972 6.55
    endloop
  endfacet
  facet normal -0.16021 -0.324945 0.932064
    outer loop
      vertex 14.5479 2.1 7.4292
      vertex 14.8156 1.82689 7.38
      vertex 14.8696 1.94139 7.4292
    endloop
  endfacet
  facet normal -0.160335 -0.325056 0.932004
    outer loop
      vertex 14.8156 1.82689 7.38
      vertex 14.5479 2.1 7.4292
      vertex 14.4485 2.1 7.4121
    endloop
  endfacet
  facet normal -0.369384 -0.024211 0.928961
    outer loop
      vertex 0.424662 22.8927 7.52
      vertex 0.751049 20.9826 7.6
      vertex 0.549999 24.05 7.6
    endloop
  endfacet
  facet normal -0.369383 -0.0242107 0.928962
    outer loop
      vertex 0.751049 20.9826 7.6
      vertex 0.424662 22.8927 7.52
      vertex 0.552603 20.9407 7.52
    endloop
  endfacet
  facet normal -0.369345 -0.0244716 0.92897
    outer loop
      vertex 0.324468 20.9004 7.42824
      vertex 0.205322 20.8674 7.38
      vertex 0.325971 20.8929 7.42864
    endloop
  endfacet
  facet normal -0.369409 -0.0242116 0.928951
    outer loop
      vertex 0.205322 20.8674 7.38
      vertex 0.324468 20.9004 7.42824
      vertex 0.280896 21.5652 7.42824
    endloop
  endfacet
  facet normal -0.442287 -0.896874 -0
    outer loop
      vertex 12 3.21539 6.55
      vertex 12 3.21539 0.219999
      vertex 14.2618 2.1 6.55
    endloop
  endfacet
  facet normal -0.442297 -0.896869 0
    outer loop
      vertex 14.2618 2.1 6.55
      vertex 14.8156 1.82689 7.38
      vertex 14.2618 2.1 7.38
    endloop
  endfacet
  facet normal -0.442289 -0.896873 8.6634e-07
    outer loop
      vertex 14.8156 1.82689 0.219999
      vertex 14.2618 2.1 6.55
      vertex 12 3.21539 0.219999
    endloop
  endfacet
  facet normal -0.442297 -0.896869 0
    outer loop
      vertex 14.2618 2.1 6.55
      vertex 14.8156 1.82689 0.219999
      vertex 14.8156 1.82689 7.38
    endloop
  endfacet
  facet normal -0.200588 -0.300192 -0.93255
    outer loop
      vertex 12 3.21539 0.219999
      vertex 10.0428 4.67654 0.170634
      vertex 12.0673 3.32377 0.170635
    endloop
  endfacet
  facet normal -0.200536 -0.300124 -0.932583
    outer loop
      vertex 10.0428 4.67654 0.170634
      vertex 12 3.21539 0.219999
      vertex 9.38972 4.95952 0.219999
    endloop
  endfacet
  facet normal -0.200562 -0.300164 -0.932565
    outer loop
      vertex 12.1909 3.52276 0.0799999
      vertex 11.2417 4.15699 0.0799999
      vertex 12.3 3.69841 0
    endloop
  endfacet
  facet normal -0.344955 -0.117095 0.931287
    outer loop
      vertex 0.81778 17.7883 7.38
      vertex 1.72092 15.5171 7.42896
      vertex 0.936381 17.8283 7.42896
    endloop
  endfacet
  facet normal -0.344997 -0.117112 0.931269
    outer loop
      vertex 1.72092 15.5171 7.42896
      vertex 0.81778 17.7883 7.38
      vertex 1.82689 14.8156 7.38
    endloop
  endfacet
  facet normal -0.344972 -0.117102 0.931279
    outer loop
      vertex 1.35073 17.9678 7.6
      vertex 1.15693 17.9025 7.52
      vertex 1.52388 16.8215 7.52
    endloop
  endfacet
  facet normal -0.359992 -0.0712214 0.930233
    outer loop
      vertex 0.934361 17.8342 7.42863
      vertex 0.81778 17.7883 7.38
      vertex 0.936381 17.8283 7.42896
    endloop
  endfacet
  facet normal -0.359859 -0.0715833 0.930257
    outer loop
      vertex 0.458549 20.2263 7.42864
      vertex 0.81778 17.7883 7.38
      vertex 0.934361 17.8342 7.42863
    endloop
  endfacet
  facet normal -0.359934 -0.0715938 0.930227
    outer loop
      vertex 0.81778 17.7883 7.38
      vertex 0.458549 20.2263 7.42864
      vertex 0.205322 20.8674 7.38
    endloop
  endfacet
  facet normal -0.359884 -0.0715808 0.930247
    outer loop
      vertex 1.35073 17.9678 7.6
      vertex 0.934222 19.0222 7.52
      vertex 1.15693 17.9025 7.52
    endloop
  endfacet
  facet normal 0.442131 0.896951 0
    outer loop
      vertex 221.6 150.385 6.55
      vertex 221.6 150.385 0.219999
      vertex 219.338 151.5 6.55
    endloop
  endfacet
  facet normal 0.442025 0.897003 -0
    outer loop
      vertex 219.338 151.5 6.55
      vertex 218.784 151.773 7.38
      vertex 219.338 151.5 7.38
    endloop
  endfacet
  facet normal 0.44211 0.896961 -9.2588e-06
    outer loop
      vertex 218.784 151.773 0.219999
      vertex 219.338 151.5 6.55
      vertex 221.6 150.385 0.219999
    endloop
  endfacet
  facet normal 0.442025 0.897003 0
    outer loop
      vertex 219.338 151.5 6.55
      vertex 218.784 151.773 0.219999
      vertex 218.784 151.773 7.38
    endloop
  endfacet
  facet normal -0.200559 -0.300158 -0.932567
    outer loop
      vertex 11.2417 4.15699 0.0799999
      vertex 9.74411 5.4062 0
      vertex 12.3 3.69841 0
    endloop
  endfacet
  facet normal -0.200572 -0.300173 -0.93256
    outer loop
      vertex 9.74411 5.4062 0
      vertex 11.2417 4.15699 0.0799999
      vertex 9.61524 5.24377 0.0799999
    endloop
  endfacet
  facet normal -0.201576 -0.299378 -0.932598
    outer loop
      vertex 9.4706 5.05884 0.170634
      vertex 9.38972 4.95952 0.219999
      vertex 9.46938 5.05992 0.170551
    endloop
  endfacet
  facet normal -0.200561 -0.300185 -0.932558
    outer loop
      vertex 9.38972 4.95952 0.219999
      vertex 9.4706 5.05884 0.170634
      vertex 10.0428 4.67654 0.170634
    endloop
  endfacet
  facet normal 0.0715644 -0.359869 -0.930254
    outer loop
      vertex 212.617 0.751049 0
      vertex 214.578 0.93422 0.0799999
      vertex 212.659 0.552603 0.0799999
    endloop
  endfacet
  facet normal 0.071556 -0.35976 -0.930297
    outer loop
      vertex 214.578 0.93422 0.0799999
      vertex 212.617 0.751049 0
      vertex 215.632 1.35073 0
    endloop
  endfacet
  facet normal 0.0714874 -0.359648 -0.930346
    outer loop
      vertex 212.733 0.205322 0.219999
      vertex 212.707 0.325972 0.171361
      vertex 213.374 0.458552 0.171361
    endloop
  endfacet
  facet normal 0.896967 0.442097 0
    outer loop
      vertex 231.15 140.048 7.38
      vertex 231.773 138.784 7.38
      vertex 231.15 140.048 6.55
    endloop
  endfacet
  facet normal 0.896956 0.442121 0
    outer loop
      vertex 231.15 140.048 6.55
      vertex 230.385 141.6 0.219999
      vertex 230.385 141.6 6.55
    endloop
  endfacet
  facet normal 0.896967 0.442097 -0
    outer loop
      vertex 231.773 138.784 0.219999
      vertex 231.15 140.048 6.55
      vertex 231.773 138.784 7.38
    endloop
  endfacet
  facet normal 0.896961 0.44211 -3.22045e-06
    outer loop
      vertex 231.15 140.048 6.55
      vertex 231.773 138.784 0.219999
      vertex 230.385 141.6 0.219999
    endloop
  endfacet
  facet normal 0.236846 -0.270153 -0.933232
    outer loop
      vertex 224.21 4.95952 0.219999
      vertex 225.96 6.66458 0.17055
      vertex 226.571 7.02943 0.219999
    endloop
  endfacet
  facet normal 0.238355 -0.271678 -0.932405
    outer loop
      vertex 225.96 6.66458 0.17055
      vertex 224.21 4.95952 0.219999
      vertex 224.131 5.05992 0.17055
    endloop
  endfacet
  facet normal 0.237557 -0.27079 -0.932866
    outer loop
      vertex 223.985 5.24377 0.0799999
      vertex 223.856 5.4062 0
      vertex 224.843 5.99647 0.0799999
    endloop
  endfacet
  facet normal 0.751985 -0.65918 0
    outer loop
      vertex 226.571 7.02943 6.55
      vertex 228.64 9.38972 0.219999
      vertex 228.64 9.38972 6.55
    endloop
  endfacet
  facet normal 0.751985 -0.65918 0
    outer loop
      vertex 228.64 9.38972 0.219999
      vertex 226.571 7.02943 6.55
      vertex 226.571 7.02943 0.219999
    endloop
  endfacet
  facet normal -0.117103 -0.344977 0.931277
    outer loop
      vertex 15.7605 2.1 7.6
      vertex 16.8215 1.52388 7.52
      vertex 17.9678 1.35073 7.6
    endloop
  endfacet
  facet normal -0.117105 -0.344981 0.931276
    outer loop
      vertex 16.8215 1.52388 7.52
      vertex 15.7605 2.1 7.6
      vertex 15.1243 2.1 7.52
    endloop
  endfacet
  facet normal -0.117109 -0.344972 0.931279
    outer loop
      vertex 14.8739 1.93927 7.42896
      vertex 14.8156 1.82689 7.38
      vertex 15.5171 1.72092 7.42896
    endloop
  endfacet
  facet normal -0.117905 -0.344579 0.931324
    outer loop
      vertex 14.8156 1.82689 7.38
      vertex 14.8739 1.93927 7.42896
      vertex 14.8696 1.94139 7.4292
    endloop
  endfacet
  facet normal -0.32497 0.160157 0.932064
    outer loop
      vertex 2.24547 139.347 7.4292
      vertex 1.82689 138.784 7.38
      vertex 1.94139 138.73 7.4292
    endloop
  endfacet
  facet normal -0.324566 0.160039 0.932225
    outer loop
      vertex 2.15267 138.631 7.52
      vertex 2.45 138.768 7.6
      vertex 2.45 139.234 7.52
    endloop
  endfacet
  facet normal -0.324718 0.16044 0.932104
    outer loop
      vertex 2.45 138.768 7.6
      vertex 2.15267 138.631 7.52
      vertex 2.33883 138.543 7.6
    endloop
  endfacet
  facet normal 0.160923 -0.325748 0.931661
    outer loop
      vertex 219.052 2.1 7.4292
      vertex 218.784 1.82689 7.38
      vertex 219.151 2.1 7.4121
    endloop
  endfacet
  facet normal 0.160089 -0.325003 0.932065
    outer loop
      vertex 218.784 1.82689 7.38
      vertex 219.052 2.1 7.4292
      vertex 218.73 1.94139 7.4292
    endloop
  endfacet
  facet normal 0.125015 -0.34134 0.931589
    outer loop
      vertex 218.726 1.93927 7.42896
      vertex 218.784 1.82689 7.38
      vertex 218.73 1.94139 7.4292
    endloop
  endfacet
  facet normal 0.117219 -0.345187 0.931185
    outer loop
      vertex 218.784 1.82689 7.38
      vertex 218.726 1.93927 7.42896
      vertex 218.083 1.72092 7.42896
    endloop
  endfacet
  facet normal 0.116971 -0.344748 0.931379
    outer loop
      vertex 217.839 2.1 7.6
      vertex 216.778 1.52388 7.52
      vertex 218.476 2.1 7.52
    endloop
  endfacet
  facet normal 0.117142 -0.345045 0.931248
    outer loop
      vertex 216.778 1.52388 7.52
      vertex 217.839 2.1 7.6
      vertex 215.632 1.35073 7.6
    endloop
  endfacet
  facet normal 0 1 -0
    outer loop
      vertex 209.6 153.6 0.219999
      vertex 24 153.6 7.38
      vertex 209.6 153.6 7.38
    endloop
  endfacet
  facet normal 0 1 0
    outer loop
      vertex 24 153.6 7.38
      vertex 209.6 153.6 0.219999
      vertex 24 153.6 0.219999
    endloop
  endfacet
  facet normal 0.0241091 0.368458 0.929332
    outer loop
      vertex 209.6 153.6 7.38
      vertex 212.035 153.319 7.42824
      vertex 212.733 153.395 7.38
    endloop
  endfacet
  facet normal 0.0240938 0.368333 0.929382
    outer loop
      vertex 212.035 153.319 7.42824
      vertex 209.6 153.6 7.38
      vertex 209.589 153.479 7.42824
    endloop
  endfacet
  facet normal 0.0243235 0.369393 0.928955
    outer loop
      vertex 209.568 153.25 7.52
      vertex 209.55 153.05 7.6
      vertex 210.707 153.175 7.52
    endloop
  endfacet
  facet normal -0.11704 0.344828 -0.93134
    outer loop
      vertex 15.0569 151.261 0
      vertex 16.8215 152.076 0.0799999
      vertex 17.9678 152.249 0
    endloop
  endfacet
  facet normal -0.117231 0.345227 -0.931169
    outer loop
      vertex 16.8215 152.076 0.0799999
      vertex 15.0569 151.261 0
      vertex 14.9692 151.447 0.0799999
    endloop
  endfacet
  facet normal -0.117246 0.345925 -0.930908
    outer loop
      vertex 14.8739 151.661 0.171037
      vertex 14.8156 151.773 0.219999
      vertex 15.5171 151.879 0.171036
    endloop
  endfacet
  facet normal -0.109805 0.349596 -0.930444
    outer loop
      vertex 14.8156 151.773 0.219999
      vertex 14.8739 151.661 0.171037
      vertex 14.8696 151.659 0.170793
    endloop
  endfacet
  facet normal -0.321412 0.946939 0
    outer loop
      vertex 17.7883 152.782 0.219999
      vertex 14.8156 151.773 7.38
      vertex 17.7883 152.782 7.38
    endloop
  endfacet
  facet normal -0.321412 0.946939 0
    outer loop
      vertex 14.8156 151.773 7.38
      vertex 17.7883 152.782 0.219999
      vertex 14.8156 151.773 0.219999
    endloop
  endfacet
  facet normal -0.160352 0.325227 -0.931941
    outer loop
      vertex 15.0569 151.261 0
      vertex 13.2148 150.582 0.0799999
      vertex 14.9692 151.447 0.0799999
    endloop
  endfacet
  facet normal -0.160433 0.325459 -0.931846
    outer loop
      vertex 13.2148 150.582 0.0799999
      vertex 15.0569 151.261 0
      vertex 12.3 149.902 0
    endloop
  endfacet
  facet normal -0.160698 0.325994 -0.931614
    outer loop
      vertex 14.8696 151.659 0.170793
      vertex 14.2529 151.355 0.170793
      vertex 14.8156 151.773 0.219999
    endloop
  endfacet
  facet normal -0.159922 0.324132 -0.932396
    outer loop
      vertex 12 150.385 0.219999
      vertex 14.2529 151.355 0.170793
      vertex 12.07 150.278 0.170796
    endloop
  endfacet
  facet normal -0.160716 0.326018 -0.931602
    outer loop
      vertex 14.2529 151.355 0.170793
      vertex 12 150.385 0.219999
      vertex 14.8156 151.773 0.219999
    endloop
  endfacet
  facet normal -0.176127 0.313812 -0.933007
    outer loop
      vertex 12 150.385 0.219999
      vertex 12.07 150.278 0.170796
      vertex 12.0673 150.276 0.170633
    endloop
  endfacet
  facet normal -0.160667 0.325756 -0.931702
    outer loop
      vertex 12.3 149.902 0
      vertex 12.1909 150.077 0.0799999
      vertex 13.2148 150.582 0.0799999
    endloop
  endfacet
  facet normal -0.946906 0.321511 0
    outer loop
      vertex 0.81778 135.812 0.219999
      vertex 1.82689 138.784 7.38
      vertex 1.82689 138.784 0.219999
    endloop
  endfacet
  facet normal -0.946906 0.321511 0
    outer loop
      vertex 1.82689 138.784 7.38
      vertex 0.81778 135.812 0.219999
      vertex 0.81778 135.812 7.38
    endloop
  endfacet
  facet normal -0.997859 0.065395 0
    outer loop
      vertex 0 129.6 0.219999
      vertex 0.205322 132.733 7.38
      vertex 0.205322 132.733 0.219999
    endloop
  endfacet
  facet normal -0.997859 0.065395 0
    outer loop
      vertex 0.205322 132.733 7.38
      vertex 0 129.6 0.219999
      vertex 0 129.6 7.38
    endloop
  endfacet
  facet normal -0.65918 0.751985 0
    outer loop
      vertex 9.38972 148.64 0.219999
      vertex 7.02943 146.571 6.55
      vertex 9.38972 148.64 6.55
    endloop
  endfacet
  facet normal -0.65918 0.751985 0
    outer loop
      vertex 7.02943 146.571 6.55
      vertex 9.38972 148.64 0.219999
      vertex 7.02943 146.571 0.219999
    endloop
  endfacet
  facet normal -0.108746 0.350102 0.930378
    outer loop
      vertex 14.8739 151.661 7.42896
      vertex 14.8156 151.773 7.38
      vertex 14.8696 151.659 7.42921
    endloop
  endfacet
  facet normal -0.117241 0.345914 0.930913
    outer loop
      vertex 14.8156 151.773 7.38
      vertex 14.8739 151.661 7.42896
      vertex 15.5171 151.879 7.42896
    endloop
  endfacet
  facet normal -0.117057 0.344965 0.931288
    outer loop
      vertex 16.8215 152.076 7.52
      vertex 15.7605 151.5 7.6
      vertex 17.9678 152.249 7.6
    endloop
  endfacet
  facet normal -0.117102 0.345044 0.931253
    outer loop
      vertex 15.7605 151.5 7.6
      vertex 16.8215 152.076 7.52
      vertex 15.1243 151.5 7.52
    endloop
  endfacet
  facet normal 0.160222 -0.324822 -0.932105
    outer loop
      vertex 218.543 2.33883 0
      vertex 220.385 3.01785 0.0799999
      vertex 218.631 2.15267 0.0799999
    endloop
  endfacet
  facet normal 0.160321 -0.325104 -0.93199
    outer loop
      vertex 220.385 3.01785 0.0799999
      vertex 218.543 2.33883 0
      vertex 221.3 3.69841 0
    endloop
  endfacet
  facet normal 0.160172 -0.324998 -0.932052
    outer loop
      vertex 218.784 1.82689 0.219999
      vertex 218.73 1.94139 0.170794
      vertex 219.347 2.24547 0.170795
    endloop
  endfacet
  facet normal -0.751841 -0.659344 0
    outer loop
      vertex 7.02943 7.02943 0.219999
      vertex 4.95952 9.38972 6.55
      vertex 4.95952 9.38972 0.219999
    endloop
  endfacet
  facet normal -0.751841 -0.659344 0
    outer loop
      vertex 4.95952 9.38972 6.55
      vertex 7.02943 7.02943 0.219999
      vertex 7.02943 7.02943 6.55
    endloop
  endfacet
  facet normal -0.270691 0.237148 -0.932999
    outer loop
      vertex 7.02943 146.571 0.219999
      vertex 7.12014 146.48 0.170551
      vertex 6.66458 145.96 0.17055
    endloop
  endfacet
  facet normal -0.270771 0.237413 -0.932909
    outer loop
      vertex 7.43299 146.167 0
      vertex 5.99647 144.843 0.0799999
      vertex 7.28625 146.314 0.0799999
    endloop
  endfacet
  facet normal -0.271009 0.23768 -0.932771
    outer loop
      vertex 5.99647 144.843 0.0799999
      vertex 7.43299 146.167 0
      vertex 5.4062 143.856 0
    endloop
  endfacet
  facet normal -0.442153 0.89694 0
    outer loop
      vertex 14.8156 151.773 7.38
      vertex 14.2618 151.5 6.55
      vertex 14.2618 151.5 7.38
    endloop
  endfacet
  facet normal -0.442153 0.89694 0
    outer loop
      vertex 14.8156 151.773 0.219999
      vertex 14.2618 151.5 6.55
      vertex 14.8156 151.773 7.38
    endloop
  endfacet
  facet normal -0.44216 0.896936 -7.85075e-07
    outer loop
      vertex 12 150.385 0.219999
      vertex 14.2618 151.5 6.55
      vertex 14.8156 151.773 0.219999
    endloop
  endfacet
  facet normal -0.442162 0.896935 0
    outer loop
      vertex 14.2618 151.5 6.55
      vertex 12 150.385 0.219999
      vertex 12 150.385 6.55
    endloop
  endfacet
  facet normal -0.344897 0.117036 -0.931316
    outer loop
      vertex 2.33883 138.543 0
      vertex 1.52388 136.778 0.0799999
      vertex 2.15267 138.631 0.0799999
    endloop
  endfacet
  facet normal -0.345141 0.117153 -0.93121
    outer loop
      vertex 1.52388 136.778 0.0799999
      vertex 2.33883 138.543 0
      vertex 1.35073 135.632 0
    endloop
  endfacet
  facet normal -0.34171 0.124282 -0.931552
    outer loop
      vertex 1.93927 138.726 0.171038
      vertex 1.82689 138.784 0.219999
      vertex 1.94139 138.73 0.170794
    endloop
  endfacet
  facet normal -0.345193 0.117221 -0.931183
    outer loop
      vertex 1.82689 138.784 0.219999
      vertex 1.93927 138.726 0.171038
      vertex 1.72092 138.083 0.171038
    endloop
  endfacet
  facet normal -0.325037 -0.160278 0.93202
    outer loop
      vertex 2.24546 14.253 7.4292
      vertex 2.45 13.5521 7.38
      vertex 2.45 13.8382 7.4292
    endloop
  endfacet
  facet normal -0.324957 -0.160256 0.932052
    outer loop
      vertex 2.45 13.5521 7.38
      vertex 2.24546 14.253 7.4292
      vertex 1.82689 14.8156 7.38
    endloop
  endfacet
  facet normal -0.896867 -0.442301 0
    outer loop
      vertex 1.82689 14.8156 0.219999
      vertex 2.45 13.5521 6.55
      vertex 1.82689 14.8156 7.38
    endloop
  endfacet
  facet normal -0.896873 -0.442289 2.95721e-06
    outer loop
      vertex 3.21539 12 0.219999
      vertex 2.45 13.5521 6.55
      vertex 1.82689 14.8156 0.219999
    endloop
  endfacet
  facet normal -0.896878 -0.442279 0
    outer loop
      vertex 2.45 13.5521 6.55
      vertex 3.21539 12 0.219999
      vertex 3.21539 12 6.55
    endloop
  endfacet
  facet normal -0.896867 -0.442301 0
    outer loop
      vertex 1.82689 14.8156 7.38
      vertex 2.45 13.5521 6.55
      vertex 2.45 13.5521 7.38
    endloop
  endfacet
  facet normal 0 0 1
    outer loop
      vertex 231.15 138.768 7.6
      vertex 233.05 129.55 7.6
      vertex 232.849 132.617 7.6
    endloop
  endfacet
  facet normal 0 0 1
    outer loop
      vertex 233.05 129.55 7.6
      vertex 231.15 138.768 7.6
      vertex 233.05 24.05 7.6
    endloop
  endfacet
  facet normal 0 0 1
    outer loop
      vertex 231.15 138.768 7.6
      vertex 232.849 132.617 7.6
      vertex 232.249 135.632 7.6
    endloop
  endfacet
  facet normal 0 0 1
    outer loop
      vertex 231.15 14.8315 7.6
      vertex 233.05 24.05 7.6
      vertex 231.15 138.768 7.6
    endloop
  endfacet
  facet normal 0 0 1
    outer loop
      vertex 231.15 138.768 7.6
      vertex 232.249 135.632 7.6
      vertex 231.261 138.543 7.6
    endloop
  endfacet
  facet normal 0 0 1
    outer loop
      vertex 233.05 24.05 7.6
      vertex 231.15 14.8315 7.6
      vertex 232.849 20.9826 7.6
    endloop
  endfacet
  facet normal 0 0 1
    outer loop
      vertex 232.849 20.9826 7.6
      vertex 231.15 14.8315 7.6
      vertex 232.249 17.9678 7.6
    endloop
  endfacet
  facet normal 0 0 1
    outer loop
      vertex 232.249 17.9678 7.6
      vertex 231.15 14.8315 7.6
      vertex 231.261 15.0569 7.6
    endloop
  endfacet
  facet normal 0 0 1
    outer loop
      vertex 217.839 2.1 7.6
      vertex 212.617 0.751049 7.6
      vertex 215.632 1.35073 7.6
    endloop
  endfacet
  facet normal 0 0 1
    outer loop
      vertex 217.839 2.1 7.6
      vertex 209.55 0.549999 7.6
      vertex 212.617 0.751049 7.6
    endloop
  endfacet
  facet normal 0 0 1
    outer loop
      vertex 217.839 2.1 7.6
      vertex 24.05 0.549999 7.6
      vertex 209.55 0.549999 7.6
    endloop
  endfacet
  facet normal -0 0 1
    outer loop
      vertex 15.7605 2.1 7.6
      vertex 24.05 0.549999 7.6
      vertex 217.839 2.1 7.6
    endloop
  endfacet
  facet normal 0 0 1
    outer loop
      vertex 24.05 0.549999 7.6
      vertex 15.7605 2.1 7.6
      vertex 20.9826 0.751049 7.6
    endloop
  endfacet
  facet normal 0 0 1
    outer loop
      vertex 20.9826 0.751049 7.6
      vertex 15.7605 2.1 7.6
      vertex 17.9678 1.35073 7.6
    endloop
  endfacet
  facet normal 0 0 1
    outer loop
      vertex 1.35073 135.632 7.6
      vertex 2.45 138.768 7.6
      vertex 2.33883 138.543 7.6
    endloop
  endfacet
  facet normal 0 0 1
    outer loop
      vertex 2.45 138.768 7.6
      vertex 0.549999 129.55 7.6
      vertex 2.45 14.8315 7.6
    endloop
  endfacet
  facet normal 0 0 1
    outer loop
      vertex 2.45 138.768 7.6
      vertex 1.35073 135.632 7.6
      vertex 0.549999 129.55 7.6
    endloop
  endfacet
  facet normal -0 0 1
    outer loop
      vertex 0.549999 24.05 7.6
      vertex 2.45 14.8315 7.6
      vertex 0.549999 129.55 7.6
    endloop
  endfacet
  facet normal 0 0 1
    outer loop
      vertex 0.549999 129.55 7.6
      vertex 1.35073 135.632 7.6
      vertex 0.751049 132.617 7.6
    endloop
  endfacet
  facet normal -0 -0 1
    outer loop
      vertex 1.35073 17.9678 7.6
      vertex 2.45 14.8315 7.6
      vertex 0.549999 24.05 7.6
    endloop
  endfacet
  facet normal 0 0 1
    outer loop
      vertex 2.45 14.8315 7.6
      vertex 1.35073 17.9678 7.6
      vertex 2.33883 15.0569 7.6
    endloop
  endfacet
  facet normal 0 0 1
    outer loop
      vertex 1.35073 17.9678 7.6
      vertex 0.549999 24.05 7.6
      vertex 0.751049 20.9826 7.6
    endloop
  endfacet
  facet normal 0 0 1
    outer loop
      vertex 209.55 153.05 7.6
      vertex 117.898 152.572 7.6
      vertex 117.9 152.5 7.6
    endloop
  endfacet
  facet normal 0 0 1
    outer loop
      vertex 209.55 153.05 7.6
      vertex 117.891 152.644 7.6
      vertex 117.898 152.572 7.6
    endloop
  endfacet
  facet normal 0 0 1
    outer loop
      vertex 209.55 153.05 7.6
      vertex 117.879 152.715 7.6
      vertex 117.891 152.644 7.6
    endloop
  endfacet
  facet normal 0 0 1
    outer loop
      vertex 209.55 153.05 7.6
      vertex 117.863 152.785 7.6
      vertex 117.879 152.715 7.6
    endloop
  endfacet
  facet normal 0 0 1
    outer loop
      vertex 209.55 153.05 7.6
      vertex 117.842 152.854 7.6
      vertex 117.863 152.785 7.6
    endloop
  endfacet
  facet normal 0 0 1
    outer loop
      vertex 209.55 153.05 7.6
      vertex 117.816 152.921 7.6
      vertex 117.842 152.854 7.6
    endloop
  endfacet
  facet normal 0 0 1
    outer loop
      vertex 209.55 153.05 7.6
      vertex 117.787 152.987 7.6
      vertex 117.816 152.921 7.6
    endloop
  endfacet
  facet normal 0 -0 1
    outer loop
      vertex 117.787 152.987 7.6
      vertex 209.55 153.05 7.6
      vertex 117.753 153.05 7.6
    endloop
  endfacet
  facet normal 0 0 1
    outer loop
      vertex 212.617 152.849 7.6
      vertex 217.839 151.5 7.6
      vertex 215.632 152.249 7.6
    endloop
  endfacet
  facet normal 0 0 1
    outer loop
      vertex 209.55 153.05 7.6
      vertex 217.839 151.5 7.6
      vertex 212.617 152.849 7.6
    endloop
  endfacet
  facet normal 0 0 1
    outer loop
      vertex 117.898 152.428 7.6
      vertex 209.55 153.05 7.6
      vertex 117.9 152.5 7.6
    endloop
  endfacet
  facet normal 0 0 1
    outer loop
      vertex 117.891 152.356 7.6
      vertex 209.55 153.05 7.6
      vertex 117.898 152.428 7.6
    endloop
  endfacet
  facet normal 0 0 1
    outer loop
      vertex 117.879 152.285 7.6
      vertex 209.55 153.05 7.6
      vertex 117.891 152.356 7.6
    endloop
  endfacet
  facet normal 0 0 1
    outer loop
      vertex 117.863 152.215 7.6
      vertex 209.55 153.05 7.6
      vertex 117.879 152.285 7.6
    endloop
  endfacet
  facet normal 0 0 1
    outer loop
      vertex 117.842 152.146 7.6
      vertex 209.55 153.05 7.6
      vertex 117.863 152.215 7.6
    endloop
  endfacet
  facet normal 0 0 1
    outer loop
      vertex 117.816 152.079 7.6
      vertex 209.55 153.05 7.6
      vertex 117.842 152.146 7.6
    endloop
  endfacet
  facet normal 0 0 1
    outer loop
      vertex 117.787 152.013 7.6
      vertex 209.55 153.05 7.6
      vertex 117.816 152.079 7.6
    endloop
  endfacet
  facet normal 0 0 1
    outer loop
      vertex 117.753 151.95 7.6
      vertex 209.55 153.05 7.6
      vertex 117.787 152.013 7.6
    endloop
  endfacet
  facet normal 0 0 1
    outer loop
      vertex 117.715 151.889 7.6
      vertex 209.55 153.05 7.6
      vertex 117.753 151.95 7.6
    endloop
  endfacet
  facet normal 0 0 1
    outer loop
      vertex 117.673 151.83 7.6
      vertex 209.55 153.05 7.6
      vertex 117.715 151.889 7.6
    endloop
  endfacet
  facet normal 0 0 1
    outer loop
      vertex 117.627 151.775 7.6
      vertex 209.55 153.05 7.6
      vertex 117.673 151.83 7.6
    endloop
  endfacet
  facet normal 0 0 1
    outer loop
      vertex 117.578 151.722 7.6
      vertex 209.55 153.05 7.6
      vertex 117.627 151.775 7.6
    endloop
  endfacet
  facet normal 0 0 1
    outer loop
      vertex 117.525 151.673 7.6
      vertex 209.55 153.05 7.6
      vertex 117.578 151.722 7.6
    endloop
  endfacet
  facet normal 0 0 1
    outer loop
      vertex 117.47 151.627 7.6
      vertex 209.55 153.05 7.6
      vertex 117.525 151.673 7.6
    endloop
  endfacet
  facet normal 0 0 1
    outer loop
      vertex 117.411 151.585 7.6
      vertex 209.55 153.05 7.6
      vertex 117.47 151.627 7.6
    endloop
  endfacet
  facet normal 0 0 1
    outer loop
      vertex 117.35 151.547 7.6
      vertex 209.55 153.05 7.6
      vertex 117.411 151.585 7.6
    endloop
  endfacet
  facet normal 0 0 1
    outer loop
      vertex 117.287 151.513 7.6
      vertex 209.55 153.05 7.6
      vertex 117.35 151.547 7.6
    endloop
  endfacet
  facet normal 0 0 1
    outer loop
      vertex 117.257 151.5 7.6
      vertex 209.55 153.05 7.6
      vertex 117.287 151.513 7.6
    endloop
  endfacet
  facet normal 0 0 1
    outer loop
      vertex 209.55 153.05 7.6
      vertex 117.257 151.5 7.6
      vertex 217.839 151.5 7.6
    endloop
  endfacet
  facet normal 0 0 1
    outer loop
      vertex 115.702 152.572 7.6
      vertex 24.05 153.05 7.6
      vertex 115.7 152.5 7.6
    endloop
  endfacet
  facet normal 0 0 1
    outer loop
      vertex 115.709 152.644 7.6
      vertex 24.05 153.05 7.6
      vertex 115.702 152.572 7.6
    endloop
  endfacet
  facet normal 0 0 1
    outer loop
      vertex 115.721 152.715 7.6
      vertex 24.05 153.05 7.6
      vertex 115.709 152.644 7.6
    endloop
  endfacet
  facet normal 0 0 1
    outer loop
      vertex 115.737 152.785 7.6
      vertex 24.05 153.05 7.6
      vertex 115.721 152.715 7.6
    endloop
  endfacet
  facet normal 0 0 1
    outer loop
      vertex 115.758 152.854 7.6
      vertex 24.05 153.05 7.6
      vertex 115.737 152.785 7.6
    endloop
  endfacet
  facet normal 0 0 1
    outer loop
      vertex 115.784 152.921 7.6
      vertex 24.05 153.05 7.6
      vertex 115.758 152.854 7.6
    endloop
  endfacet
  facet normal 0 0 1
    outer loop
      vertex 115.813 152.987 7.6
      vertex 24.05 153.05 7.6
      vertex 115.784 152.921 7.6
    endloop
  endfacet
  facet normal -0 0 1
    outer loop
      vertex 24.05 153.05 7.6
      vertex 115.813 152.987 7.6
      vertex 115.847 153.05 7.6
    endloop
  endfacet
  facet normal 0 0 1
    outer loop
      vertex 24.05 153.05 7.6
      vertex 115.702 152.428 7.6
      vertex 115.7 152.5 7.6
    endloop
  endfacet
  facet normal 0 0 1
    outer loop
      vertex 24.05 153.05 7.6
      vertex 115.709 152.356 7.6
      vertex 115.702 152.428 7.6
    endloop
  endfacet
  facet normal 0 0 1
    outer loop
      vertex 24.05 153.05 7.6
      vertex 115.721 152.285 7.6
      vertex 115.709 152.356 7.6
    endloop
  endfacet
  facet normal 0 0 1
    outer loop
      vertex 24.05 153.05 7.6
      vertex 115.737 152.215 7.6
      vertex 115.721 152.285 7.6
    endloop
  endfacet
  facet normal 0 0 1
    outer loop
      vertex 24.05 153.05 7.6
      vertex 115.758 152.146 7.6
      vertex 115.737 152.215 7.6
    endloop
  endfacet
  facet normal 0 0 1
    outer loop
      vertex 24.05 153.05 7.6
      vertex 115.784 152.079 7.6
      vertex 115.758 152.146 7.6
    endloop
  endfacet
  facet normal 0 0 1
    outer loop
      vertex 24.05 153.05 7.6
      vertex 115.813 152.013 7.6
      vertex 115.784 152.079 7.6
    endloop
  endfacet
  facet normal 0 0 1
    outer loop
      vertex 24.05 153.05 7.6
      vertex 115.847 151.95 7.6
      vertex 115.813 152.013 7.6
    endloop
  endfacet
  facet normal 0 0 1
    outer loop
      vertex 24.05 153.05 7.6
      vertex 115.885 151.889 7.6
      vertex 115.847 151.95 7.6
    endloop
  endfacet
  facet normal 0 0 1
    outer loop
      vertex 24.05 153.05 7.6
      vertex 115.927 151.83 7.6
      vertex 115.885 151.889 7.6
    endloop
  endfacet
  facet normal 0 0 1
    outer loop
      vertex 24.05 153.05 7.6
      vertex 115.973 151.775 7.6
      vertex 115.927 151.83 7.6
    endloop
  endfacet
  facet normal 0 0 1
    outer loop
      vertex 24.05 153.05 7.6
      vertex 116.022 151.722 7.6
      vertex 115.973 151.775 7.6
    endloop
  endfacet
  facet normal 0 0 1
    outer loop
      vertex 24.05 153.05 7.6
      vertex 116.075 151.673 7.6
      vertex 116.022 151.722 7.6
    endloop
  endfacet
  facet normal 0 0 1
    outer loop
      vertex 24.05 153.05 7.6
      vertex 116.13 151.627 7.6
      vertex 116.075 151.673 7.6
    endloop
  endfacet
  facet normal 0 0 1
    outer loop
      vertex 24.05 153.05 7.6
      vertex 116.189 151.585 7.6
      vertex 116.13 151.627 7.6
    endloop
  endfacet
  facet normal 0 0 1
    outer loop
      vertex 24.05 153.05 7.6
      vertex 116.25 151.547 7.6
      vertex 116.189 151.585 7.6
    endloop
  endfacet
  facet normal 0 0 1
    outer loop
      vertex 24.05 153.05 7.6
      vertex 116.313 151.513 7.6
      vertex 116.25 151.547 7.6
    endloop
  endfacet
  facet normal 0 0 1
    outer loop
      vertex 24.05 153.05 7.6
      vertex 116.343 151.5 7.6
      vertex 116.313 151.513 7.6
    endloop
  endfacet
  facet normal 0 0 1
    outer loop
      vertex 15.7605 151.5 7.6
      vertex 24.05 153.05 7.6
      vertex 20.9826 152.849 7.6
    endloop
  endfacet
  facet normal 0 0 1
    outer loop
      vertex 15.7605 151.5 7.6
      vertex 20.9826 152.849 7.6
      vertex 17.9678 152.249 7.6
    endloop
  endfacet
  facet normal 0 0 1
    outer loop
      vertex 24.05 153.05 7.6
      vertex 15.7605 151.5 7.6
      vertex 116.343 151.5 7.6
    endloop
  endfacet
  facet normal -0.35996 0.0716414 -0.930213
    outer loop
      vertex 1.35073 135.632 0
      vertex 0.93422 134.578 0.0799999
      vertex 1.15693 135.697 0.0799999
    endloop
  endfacet
  facet normal -0.360014 0.071092 -0.930234
    outer loop
      vertex 0.934361 135.766 0.171365
      vertex 0.81778 135.812 0.219999
      vertex 0.936383 135.772 0.171041
    endloop
  endfacet
  facet normal -0.359835 0.0715788 -0.930266
    outer loop
      vertex 0.458552 133.374 0.171361
      vertex 0.81778 135.812 0.219999
      vertex 0.934361 135.766 0.171365
    endloop
  endfacet
  facet normal -0.359875 0.0715843 -0.93025
    outer loop
      vertex 0.81778 135.812 0.219999
      vertex 0.458552 133.374 0.171361
      vertex 0.205322 132.733 0.219999
    endloop
  endfacet
  facet normal 0.271457 -0.238112 -0.932531
    outer loop
      vertex 228.64 9.38972 0.219999
      vertex 226.935 7.63961 0.17055
      vertex 228.54 9.46938 0.170549
    endloop
  endfacet
  facet normal 0.270077 -0.236746 -0.933279
    outer loop
      vertex 226.935 7.63961 0.17055
      vertex 228.64 9.38972 0.219999
      vertex 226.571 7.02943 0.219999
    endloop
  endfacet
  facet normal 0.271398 -0.237789 -0.93263
    outer loop
      vertex 228.356 9.61524 0.0799999
      vertex 227.604 8.75695 0.0799999
      vertex 228.194 9.74411 0
    endloop
  endfacet
  facet normal 0.0242148 -0.369402 -0.928954
    outer loop
      vertex 209.568 0.349999 0.0799999
      vertex 209.55 0.549999 0
      vertex 210.707 0.424662 0.0799999
    endloop
  endfacet
  facet normal 0.0242065 -0.369366 -0.928969
    outer loop
      vertex 209.6 0 0.219999
      vertex 212.035 0.280896 0.171762
      vertex 212.733 0.205322 0.219999
    endloop
  endfacet
  facet normal 0.0242081 -0.369379 -0.928964
    outer loop
      vertex 212.035 0.280896 0.171762
      vertex 209.6 0 0.219999
      vertex 209.589 0.120592 0.171762
    endloop
  endfacet
  facet normal 0 -0.37139 -0.928477
    outer loop
      vertex 209.568 0.349999 0.0799999
      vertex 24.05 0.549999 0
      vertex 209.55 0.549999 0
    endloop
  endfacet
  facet normal 0 -0.37139 -0.928477
    outer loop
      vertex 24.05 0.549999 0
      vertex 209.568 0.349999 0.0799999
      vertex 24.0318 0.349999 0.0799999
    endloop
  endfacet
  facet normal -2.0409e-05 -0.371394 -0.928476
    outer loop
      vertex 209.6 0 0.219999
      vertex 209.58 0.12 0.171999
      vertex 209.589 0.120592 0.171762
    endloop
  endfacet
  facet normal 0 -0.371391 -0.928477
    outer loop
      vertex 209.6 0 0.219999
      vertex 24.02 0.12 0.171999
      vertex 209.58 0.12 0.171999
    endloop
  endfacet
  facet normal -8.16367e-05 -0.371379 -0.928481
    outer loop
      vertex 24.02 0.12 0.171999
      vertex 24 0 0.219999
      vertex 24.011 0.120592 0.171763
    endloop
  endfacet
  facet normal 0 -0.371391 -0.928477
    outer loop
      vertex 24 0 0.219999
      vertex 24.02 0.12 0.171999
      vertex 209.6 0 0.219999
    endloop
  endfacet
  facet normal 0 0 -1
    outer loop
      vertex 209.55 0.549999 0
      vertex 233.05 24.05 0
      vertex 232.849 20.9826 0
    endloop
  endfacet
  facet normal 0 0 -1
    outer loop
      vertex 233.05 24.05 0
      vertex 192.183 114.505 0
      vertex 233.05 129.55 0
    endloop
  endfacet
  facet normal 0 0 -1
    outer loop
      vertex 209.55 0.549999 0
      vertex 232.849 20.9826 0
      vertex 232.249 17.9678 0
    endloop
  endfacet
  facet normal 0 -0 -1
    outer loop
      vertex 192.83 115.242 0
      vertex 233.05 129.55 0
      vertex 192.519 114.863 0
    endloop
  endfacet
  facet normal 0 0 -1
    outer loop
      vertex 209.55 0.549999 0
      vertex 232.249 17.9678 0
      vertex 231.261 15.0569 0
    endloop
  endfacet
  facet normal 0 -0 -1
    outer loop
      vertex 193.116 115.641 0
      vertex 233.05 129.55 0
      vertex 192.83 115.242 0
    endloop
  endfacet
  facet normal 0 0 -1
    outer loop
      vertex 209.55 0.549999 0
      vertex 231.261 15.0569 0
      vertex 229.902 12.3 0
    endloop
  endfacet
  facet normal 0 -0 -1
    outer loop
      vertex 193.607 116.491 0
      vertex 233.05 129.55 0
      vertex 193.375 116.058 0
    endloop
  endfacet
  facet normal 0 0 -1
    outer loop
      vertex 209.55 0.549999 0
      vertex 229.902 12.3 0
      vertex 228.194 9.74411 0
    endloop
  endfacet
  facet normal 0 -0 -1
    outer loop
      vertex 193.982 117.397 0
      vertex 233.05 129.55 0
      vertex 193.809 116.938 0
    endloop
  endfacet
  facet normal 0 0 -1
    outer loop
      vertex 209.55 0.549999 0
      vertex 228.194 9.74411 0
      vertex 226.167 7.43299 0
    endloop
  endfacet
  facet normal 0 -0 -1
    outer loop
      vertex 194.124 117.867 0
      vertex 233.05 129.55 0
      vertex 193.982 117.397 0
    endloop
  endfacet
  facet normal 0 0 -1
    outer loop
      vertex 209.55 0.549999 0
      vertex 226.167 7.43299 0
      vertex 223.856 5.4062 0
    endloop
  endfacet
  facet normal 0 -0 -1
    outer loop
      vertex 194.316 118.829 0
      vertex 233.05 129.55 0
      vertex 194.236 118.345 0
    endloop
  endfacet
  facet normal 0 0 -1
    outer loop
      vertex 209.55 0.549999 0
      vertex 223.856 5.4062 0
      vertex 221.3 3.69841 0
    endloop
  endfacet
  facet normal 0 -0 -1
    outer loop
      vertex 194.38 119.808 0
      vertex 233.05 129.55 0
      vertex 194.364 119.317 0
    endloop
  endfacet
  facet normal 0 0 -1
    outer loop
      vertex 209.55 0.549999 0
      vertex 221.3 3.69841 0
      vertex 218.543 2.33883 0
    endloop
  endfacet
  facet normal 0 0 -1
    outer loop
      vertex 194.364 120.299 0
      vertex 233.05 129.55 0
      vertex 194.38 119.808 0
    endloop
  endfacet
  facet normal 0 0 -1
    outer loop
      vertex 209.55 0.549999 0
      vertex 218.543 2.33883 0
      vertex 215.632 1.35073 0
    endloop
  endfacet
  facet normal 0 0 -1
    outer loop
      vertex 194.236 121.271 0
      vertex 233.05 129.55 0
      vertex 194.316 120.787 0
    endloop
  endfacet
  facet normal 0 0 -1
    outer loop
      vertex 209.55 0.549999 0
      vertex 215.632 1.35073 0
      vertex 212.617 0.751049 0
    endloop
  endfacet
  facet normal 0 0 -1
    outer loop
      vertex 194.124 121.749 0
      vertex 233.05 129.55 0
      vertex 194.236 121.271 0
    endloop
  endfacet
  facet normal -0 0 -1
    outer loop
      vertex 233.05 24.05 0
      vertex 209.55 0.549999 0
      vertex 186.389 112.324 0
    endloop
  endfacet
  facet normal -0 0 -1
    outer loop
      vertex 233.05 129.55 0
      vertex 193.982 122.219 0
      vertex 232.849 132.617 0
    endloop
  endfacet
  facet normal -0 0 -1
    outer loop
      vertex 232.849 132.617 0
      vertex 193.809 122.678 0
      vertex 232.249 135.632 0
    endloop
  endfacet
  facet normal 0 0 -1
    outer loop
      vertex 193.607 123.125 0
      vertex 228.194 143.856 0
      vertex 193.809 122.678 0
    endloop
  endfacet
  facet normal -0 0 -1
    outer loop
      vertex 229.902 141.3 0
      vertex 193.809 122.678 0
      vertex 228.194 143.856 0
    endloop
  endfacet
  facet normal -0 0 -1
    outer loop
      vertex 231.261 138.543 0
      vertex 193.809 122.678 0
      vertex 229.902 141.3 0
    endloop
  endfacet
  facet normal -0 0 -1
    outer loop
      vertex 232.249 135.632 0
      vertex 193.809 122.678 0
      vertex 231.261 138.543 0
    endloop
  endfacet
  facet normal 0 0 -1
    outer loop
      vertex 193.809 122.678 0
      vertex 232.849 132.617 0
      vertex 193.982 122.219 0
    endloop
  endfacet
  facet normal 0 0 -1
    outer loop
      vertex 193.982 122.219 0
      vertex 233.05 129.55 0
      vertex 194.124 121.749 0
    endloop
  endfacet
  facet normal 0 0 -1
    outer loop
      vertex 194.316 120.787 0
      vertex 233.05 129.55 0
      vertex 194.364 120.299 0
    endloop
  endfacet
  facet normal 0 -0 -1
    outer loop
      vertex 194.364 119.317 0
      vertex 233.05 129.55 0
      vertex 194.316 118.829 0
    endloop
  endfacet
  facet normal 0 -0 -1
    outer loop
      vertex 194.236 118.345 0
      vertex 233.05 129.55 0
      vertex 194.124 117.867 0
    endloop
  endfacet
  facet normal 0 -0 -1
    outer loop
      vertex 193.809 116.938 0
      vertex 233.05 129.55 0
      vertex 193.607 116.491 0
    endloop
  endfacet
  facet normal 0 -0 -1
    outer loop
      vertex 193.375 116.058 0
      vertex 233.05 129.55 0
      vertex 193.116 115.641 0
    endloop
  endfacet
  facet normal 0 0 -1
    outer loop
      vertex 233.05 129.55 0
      vertex 192.183 114.505 0
      vertex 192.519 114.863 0
    endloop
  endfacet
  facet normal 0 0 -1
    outer loop
      vertex 233.05 24.05 0
      vertex 191.825 114.169 0
      vertex 192.183 114.505 0
    endloop
  endfacet
  facet normal 0 0 -1
    outer loop
      vertex 233.05 24.05 0
      vertex 191.446 113.858 0
      vertex 191.825 114.169 0
    endloop
  endfacet
  facet normal 0 0 -1
    outer loop
      vertex 233.05 24.05 0
      vertex 191.047 113.572 0
      vertex 191.446 113.858 0
    endloop
  endfacet
  facet normal 0 0 -1
    outer loop
      vertex 233.05 24.05 0
      vertex 190.63 113.313 0
      vertex 191.047 113.572 0
    endloop
  endfacet
  facet normal 0 0 -1
    outer loop
      vertex 233.05 24.05 0
      vertex 190.197 113.081 0
      vertex 190.63 113.313 0
    endloop
  endfacet
  facet normal 0 0 -1
    outer loop
      vertex 233.05 24.05 0
      vertex 189.75 112.879 0
      vertex 190.197 113.081 0
    endloop
  endfacet
  facet normal 0 0 -1
    outer loop
      vertex 233.05 24.05 0
      vertex 189.291 112.706 0
      vertex 189.75 112.879 0
    endloop
  endfacet
  facet normal 0 0 -1
    outer loop
      vertex 233.05 24.05 0
      vertex 188.821 112.564 0
      vertex 189.291 112.706 0
    endloop
  endfacet
  facet normal 0 0 -1
    outer loop
      vertex 233.05 24.05 0
      vertex 188.343 112.452 0
      vertex 188.821 112.564 0
    endloop
  endfacet
  facet normal 0 0 -1
    outer loop
      vertex 233.05 24.05 0
      vertex 187.859 112.372 0
      vertex 188.343 112.452 0
    endloop
  endfacet
  facet normal 0 0 -1
    outer loop
      vertex 233.05 24.05 0
      vertex 187.371 112.324 0
      vertex 187.859 112.372 0
    endloop
  endfacet
  facet normal 0 0 -1
    outer loop
      vertex 233.05 24.05 0
      vertex 186.88 112.308 0
      vertex 187.371 112.324 0
    endloop
  endfacet
  facet normal 0 0 -1
    outer loop
      vertex 233.05 24.05 0
      vertex 186.389 112.324 0
      vertex 186.88 112.308 0
    endloop
  endfacet
  facet normal 0 0 -1
    outer loop
      vertex 209.55 0.549999 0
      vertex 185.901 112.372 0
      vertex 186.389 112.324 0
    endloop
  endfacet
  facet normal 0 0 -1
    outer loop
      vertex 209.55 0.549999 0
      vertex 185.417 112.452 0
      vertex 185.901 112.372 0
    endloop
  endfacet
  facet normal 0 0 -1
    outer loop
      vertex 209.55 0.549999 0
      vertex 184.939 112.564 0
      vertex 185.417 112.452 0
    endloop
  endfacet
  facet normal 0 0 -1
    outer loop
      vertex 209.55 0.549999 0
      vertex 184.469 112.706 0
      vertex 184.939 112.564 0
    endloop
  endfacet
  facet normal 0 0 -1
    outer loop
      vertex 209.55 0.549999 0
      vertex 184.01 112.879 0
      vertex 184.469 112.706 0
    endloop
  endfacet
  facet normal 0 0 -1
    outer loop
      vertex 209.55 0.549999 0
      vertex 183.563 113.081 0
      vertex 184.01 112.879 0
    endloop
  endfacet
  facet normal 0 0 -1
    outer loop
      vertex 209.55 0.549999 0
      vertex 183.13 113.313 0
      vertex 183.563 113.081 0
    endloop
  endfacet
  facet normal 0 0 -1
    outer loop
      vertex 209.55 0.549999 0
      vertex 182.713 113.572 0
      vertex 183.13 113.313 0
    endloop
  endfacet
  facet normal 0 0 -1
    outer loop
      vertex 209.55 0.549999 0
      vertex 182.314 113.858 0
      vertex 182.713 113.572 0
    endloop
  endfacet
  facet normal 0 0 -1
    outer loop
      vertex 209.55 0.549999 0
      vertex 181.935 114.169 0
      vertex 182.314 113.858 0
    endloop
  endfacet
  facet normal 0 0 -1
    outer loop
      vertex 24.05 0.549999 0
      vertex 181.935 114.169 0
      vertex 209.55 0.549999 0
    endloop
  endfacet
  facet normal -0 0 -1
    outer loop
      vertex 181.935 114.169 0
      vertex 24.05 0.549999 0
      vertex 181.577 114.505 0
    endloop
  endfacet
  facet normal -0 0 -1
    outer loop
      vertex 181.577 114.505 0
      vertex 24.05 0.549999 0
      vertex 181.241 114.863 0
    endloop
  endfacet
  facet normal -0 0 -1
    outer loop
      vertex 181.241 114.863 0
      vertex 24.05 0.549999 0
      vertex 180.93 115.242 0
    endloop
  endfacet
  facet normal -0 0 -1
    outer loop
      vertex 180.93 115.242 0
      vertex 24.05 0.549999 0
      vertex 180.644 115.641 0
    endloop
  endfacet
  facet normal -0 0 -1
    outer loop
      vertex 180.644 115.641 0
      vertex 24.05 0.549999 0
      vertex 180.385 116.058 0
    endloop
  endfacet
  facet normal -0 0 -1
    outer loop
      vertex 180.385 116.058 0
      vertex 24.05 0.549999 0
      vertex 180.153 116.491 0
    endloop
  endfacet
  facet normal -0 0 -1
    outer loop
      vertex 180.153 116.491 0
      vertex 24.05 0.549999 0
      vertex 179.951 116.938 0
    endloop
  endfacet
  facet normal 0 0 -1
    outer loop
      vertex 24.05 153.05 0
      vertex 179.951 116.938 0
      vertex 24.05 0.549999 0
    endloop
  endfacet
  facet normal 0 0 -1
    outer loop
      vertex 179.444 118.829 0
      vertex 24.05 153.05 0
      vertex 179.396 119.317 0
    endloop
  endfacet
  facet normal 0 0 -1
    outer loop
      vertex 179.524 118.345 0
      vertex 24.05 153.05 0
      vertex 179.444 118.829 0
    endloop
  endfacet
  facet normal 0 0 -1
    outer loop
      vertex 179.636 117.867 0
      vertex 24.05 153.05 0
      vertex 179.524 118.345 0
    endloop
  endfacet
  facet normal 0 0 -1
    outer loop
      vertex 179.778 117.397 0
      vertex 24.05 153.05 0
      vertex 179.636 117.867 0
    endloop
  endfacet
  facet normal 0 0 -1
    outer loop
      vertex 179.951 116.938 0
      vertex 24.05 153.05 0
      vertex 179.778 117.397 0
    endloop
  endfacet
  facet normal -0 0 -1
    outer loop
      vertex 228.194 143.856 0
      vertex 193.607 123.125 0
      vertex 226.167 146.167 0
    endloop
  endfacet
  facet normal -0 0 -1
    outer loop
      vertex 226.167 146.167 0
      vertex 193.607 123.125 0
      vertex 223.856 148.194 0
    endloop
  endfacet
  facet normal -0 0 -1
    outer loop
      vertex 223.856 148.194 0
      vertex 193.607 123.125 0
      vertex 221.3 149.902 0
    endloop
  endfacet
  facet normal -0 0 -1
    outer loop
      vertex 221.3 149.902 0
      vertex 193.607 123.125 0
      vertex 218.543 151.261 0
    endloop
  endfacet
  facet normal 0 0 -1
    outer loop
      vertex 193.375 123.558 0
      vertex 218.543 151.261 0
      vertex 193.607 123.125 0
    endloop
  endfacet
  facet normal -0 0 -1
    outer loop
      vertex 218.543 151.261 0
      vertex 193.375 123.558 0
      vertex 215.632 152.249 0
    endloop
  endfacet
  facet normal -0 0 -1
    outer loop
      vertex 215.632 152.249 0
      vertex 193.375 123.558 0
      vertex 212.617 152.849 0
    endloop
  endfacet
  facet normal -0 0 -1
    outer loop
      vertex 212.617 152.849 0
      vertex 193.375 123.558 0
      vertex 209.55 153.05 0
    endloop
  endfacet
  facet normal 0 0 -1
    outer loop
      vertex 193.116 123.975 0
      vertex 209.55 153.05 0
      vertex 193.375 123.558 0
    endloop
  endfacet
  facet normal 0 0 -1
    outer loop
      vertex 192.83 124.374 0
      vertex 209.55 153.05 0
      vertex 193.116 123.975 0
    endloop
  endfacet
  facet normal 0 0 -1
    outer loop
      vertex 192.519 124.753 0
      vertex 209.55 153.05 0
      vertex 192.83 124.374 0
    endloop
  endfacet
  facet normal 0 0 -1
    outer loop
      vertex 192.183 125.111 0
      vertex 209.55 153.05 0
      vertex 192.519 124.753 0
    endloop
  endfacet
  facet normal 0 0 -1
    outer loop
      vertex 191.825 125.447 0
      vertex 209.55 153.05 0
      vertex 192.183 125.111 0
    endloop
  endfacet
  facet normal 0 0 -1
    outer loop
      vertex 191.446 125.758 0
      vertex 209.55 153.05 0
      vertex 191.825 125.447 0
    endloop
  endfacet
  facet normal 0 0 -1
    outer loop
      vertex 191.047 126.044 0
      vertex 209.55 153.05 0
      vertex 191.446 125.758 0
    endloop
  endfacet
  facet normal 0 0 -1
    outer loop
      vertex 190.63 126.303 0
      vertex 209.55 153.05 0
      vertex 191.047 126.044 0
    endloop
  endfacet
  facet normal 0 0 -1
    outer loop
      vertex 190.197 126.535 0
      vertex 209.55 153.05 0
      vertex 190.63 126.303 0
    endloop
  endfacet
  facet normal 0 0 -1
    outer loop
      vertex 189.75 126.737 0
      vertex 209.55 153.05 0
      vertex 190.197 126.535 0
    endloop
  endfacet
  facet normal 0 0 -1
    outer loop
      vertex 189.291 126.91 0
      vertex 209.55 153.05 0
      vertex 189.75 126.737 0
    endloop
  endfacet
  facet normal 0 0 -1
    outer loop
      vertex 188.821 127.052 0
      vertex 209.55 153.05 0
      vertex 189.291 126.91 0
    endloop
  endfacet
  facet normal 0 0 -1
    outer loop
      vertex 188.343 127.164 0
      vertex 209.55 153.05 0
      vertex 188.821 127.052 0
    endloop
  endfacet
  facet normal 0 0 -1
    outer loop
      vertex 187.859 127.244 0
      vertex 209.55 153.05 0
      vertex 188.343 127.164 0
    endloop
  endfacet
  facet normal 0 0 -1
    outer loop
      vertex 187.371 127.292 0
      vertex 209.55 153.05 0
      vertex 187.859 127.244 0
    endloop
  endfacet
  facet normal 0 0 -1
    outer loop
      vertex 186.88 127.308 0
      vertex 209.55 153.05 0
      vertex 187.371 127.292 0
    endloop
  endfacet
  facet normal 0 0 -1
    outer loop
      vertex 186.389 127.292 0
      vertex 209.55 153.05 0
      vertex 186.88 127.308 0
    endloop
  endfacet
  facet normal 0 0 -1
    outer loop
      vertex 185.901 127.244 0
      vertex 209.55 153.05 0
      vertex 186.389 127.292 0
    endloop
  endfacet
  facet normal 0 0 -1
    outer loop
      vertex 185.417 127.164 0
      vertex 209.55 153.05 0
      vertex 185.901 127.244 0
    endloop
  endfacet
  facet normal 0 0 -1
    outer loop
      vertex 184.939 127.052 0
      vertex 209.55 153.05 0
      vertex 185.417 127.164 0
    endloop
  endfacet
  facet normal 0 0 -1
    outer loop
      vertex 184.469 126.91 0
      vertex 209.55 153.05 0
      vertex 184.939 127.052 0
    endloop
  endfacet
  facet normal 0 0 -1
    outer loop
      vertex 184.01 126.737 0
      vertex 209.55 153.05 0
      vertex 184.469 126.91 0
    endloop
  endfacet
  facet normal 0 0 -1
    outer loop
      vertex 183.563 126.535 0
      vertex 209.55 153.05 0
      vertex 184.01 126.737 0
    endloop
  endfacet
  facet normal 0 0 -1
    outer loop
      vertex 183.13 126.303 0
      vertex 209.55 153.05 0
      vertex 183.563 126.535 0
    endloop
  endfacet
  facet normal 0 0 -1
    outer loop
      vertex 182.713 126.044 0
      vertex 209.55 153.05 0
      vertex 183.13 126.303 0
    endloop
  endfacet
  facet normal 0 0 -1
    outer loop
      vertex 182.314 125.758 0
      vertex 209.55 153.05 0
      vertex 182.713 126.044 0
    endloop
  endfacet
  facet normal 0 0 -1
    outer loop
      vertex 24.05 153.05 0
      vertex 182.314 125.758 0
      vertex 181.935 125.447 0
    endloop
  endfacet
  facet normal 0 0 -1
    outer loop
      vertex 24.05 153.05 0
      vertex 181.935 125.447 0
      vertex 181.577 125.111 0
    endloop
  endfacet
  facet normal 0 0 -1
    outer loop
      vertex 179.396 119.317 0
      vertex 24.05 153.05 0
      vertex 179.38 119.808 0
    endloop
  endfacet
  facet normal 0 0 -1
    outer loop
      vertex 179.38 119.808 0
      vertex 24.05 153.05 0
      vertex 179.396 120.299 0
    endloop
  endfacet
  facet normal 0 0 -1
    outer loop
      vertex 179.396 120.299 0
      vertex 24.05 153.05 0
      vertex 179.444 120.787 0
    endloop
  endfacet
  facet normal 0 0 -1
    outer loop
      vertex 179.444 120.787 0
      vertex 24.05 153.05 0
      vertex 179.524 121.271 0
    endloop
  endfacet
  facet normal 0 0 -1
    outer loop
      vertex 179.524 121.271 0
      vertex 24.05 153.05 0
      vertex 179.636 121.749 0
    endloop
  endfacet
  facet normal 0 0 -1
    outer loop
      vertex 179.636 121.749 0
      vertex 24.05 153.05 0
      vertex 179.778 122.219 0
    endloop
  endfacet
  facet normal 0 0 -1
    outer loop
      vertex 179.778 122.219 0
      vertex 24.05 153.05 0
      vertex 179.951 122.678 0
    endloop
  endfacet
  facet normal 0 0 -1
    outer loop
      vertex 179.951 122.678 0
      vertex 24.05 153.05 0
      vertex 180.153 123.125 0
    endloop
  endfacet
  facet normal 0 0 -1
    outer loop
      vertex 180.153 123.125 0
      vertex 24.05 153.05 0
      vertex 180.385 123.558 0
    endloop
  endfacet
  facet normal 0 0 -1
    outer loop
      vertex 180.385 123.558 0
      vertex 24.05 153.05 0
      vertex 180.644 123.975 0
    endloop
  endfacet
  facet normal 0 0 -1
    outer loop
      vertex 180.644 123.975 0
      vertex 24.05 153.05 0
      vertex 180.93 124.374 0
    endloop
  endfacet
  facet normal 0 0 -1
    outer loop
      vertex 180.93 124.374 0
      vertex 24.05 153.05 0
      vertex 181.241 124.753 0
    endloop
  endfacet
  facet normal 0 0 -1
    outer loop
      vertex 181.241 124.753 0
      vertex 24.05 153.05 0
      vertex 181.577 125.111 0
    endloop
  endfacet
  facet normal 0 0 -1
    outer loop
      vertex 182.314 125.758 0
      vertex 24.05 153.05 0
      vertex 209.55 153.05 0
    endloop
  endfacet
  facet normal 0 0 -1
    outer loop
      vertex 0.549999 24.05 0
      vertex 24.05 0.549999 0
      vertex 20.9826 0.751049 0
    endloop
  endfacet
  facet normal 0 0 -1
    outer loop
      vertex 24.05 0.549999 0
      vertex 0.549999 24.05 0
      vertex 24.05 153.05 0
    endloop
  endfacet
  facet normal 0 0 -1
    outer loop
      vertex 0.549999 24.05 0
      vertex 20.9826 0.751049 0
      vertex 17.9678 1.35073 0
    endloop
  endfacet
  facet normal 0 0 -1
    outer loop
      vertex 0.549999 129.55 0
      vertex 24.05 153.05 0
      vertex 0.549999 24.05 0
    endloop
  endfacet
  facet normal 0 0 -1
    outer loop
      vertex 0.549999 24.05 0
      vertex 17.9678 1.35073 0
      vertex 15.0569 2.33883 0
    endloop
  endfacet
  facet normal 0 0 -1
    outer loop
      vertex 24.05 153.05 0
      vertex 0.549999 129.55 0
      vertex 20.9826 152.849 0
    endloop
  endfacet
  facet normal 0 0 -1
    outer loop
      vertex 0.549999 24.05 0
      vertex 15.0569 2.33883 0
      vertex 12.3 3.69841 0
    endloop
  endfacet
  facet normal 0 0 -1
    outer loop
      vertex 20.9826 152.849 0
      vertex 0.549999 129.55 0
      vertex 17.9678 152.249 0
    endloop
  endfacet
  facet normal 0 0 -1
    outer loop
      vertex 0.549999 24.05 0
      vertex 12.3 3.69841 0
      vertex 9.74411 5.4062 0
    endloop
  endfacet
  facet normal 0 0 -1
    outer loop
      vertex 17.9678 152.249 0
      vertex 0.549999 129.55 0
      vertex 15.0569 151.261 0
    endloop
  endfacet
  facet normal 0 0 -1
    outer loop
      vertex 0.549999 24.05 0
      vertex 9.74411 5.4062 0
      vertex 7.43299 7.43299 0
    endloop
  endfacet
  facet normal 0 0 -1
    outer loop
      vertex 15.0569 151.261 0
      vertex 0.549999 129.55 0
      vertex 12.3 149.902 0
    endloop
  endfacet
  facet normal 0 0 -1
    outer loop
      vertex 0.549999 24.05 0
      vertex 7.43299 7.43299 0
      vertex 5.4062 9.74411 0
    endloop
  endfacet
  facet normal 0 0 -1
    outer loop
      vertex 12.3 149.902 0
      vertex 0.549999 129.55 0
      vertex 9.74411 148.194 0
    endloop
  endfacet
  facet normal 0 0 -1
    outer loop
      vertex 0.549999 24.05 0
      vertex 5.4062 9.74411 0
      vertex 3.69841 12.3 0
    endloop
  endfacet
  facet normal 0 0 -1
    outer loop
      vertex 9.74411 148.194 0
      vertex 0.549999 129.55 0
      vertex 7.43299 146.167 0
    endloop
  endfacet
  facet normal 0 0 -1
    outer loop
      vertex 0.549999 24.05 0
      vertex 3.69841 12.3 0
      vertex 2.33883 15.0569 0
    endloop
  endfacet
  facet normal 0 0 -1
    outer loop
      vertex 7.43299 146.167 0
      vertex 0.549999 129.55 0
      vertex 5.4062 143.856 0
    endloop
  endfacet
  facet normal 0 0 -1
    outer loop
      vertex 0.549999 24.05 0
      vertex 2.33883 15.0569 0
      vertex 1.35073 17.9678 0
    endloop
  endfacet
  facet normal 0 0 -1
    outer loop
      vertex 5.4062 143.856 0
      vertex 0.549999 129.55 0
      vertex 3.69841 141.3 0
    endloop
  endfacet
  facet normal 0 0 -1
    outer loop
      vertex 0.549999 24.05 0
      vertex 1.35073 17.9678 0
      vertex 0.751049 20.9826 0
    endloop
  endfacet
  facet normal 0 0 -1
    outer loop
      vertex 3.69841 141.3 0
      vertex 0.549999 129.55 0
      vertex 2.33883 138.543 0
    endloop
  endfacet
  facet normal 0 0 -1
    outer loop
      vertex 2.33883 138.543 0
      vertex 0.549999 129.55 0
      vertex 1.35073 135.632 0
    endloop
  endfacet
  facet normal 0 0 -1
    outer loop
      vertex 1.35073 135.632 0
      vertex 0.549999 129.55 0
      vertex 0.751049 132.617 0
    endloop
  endfacet
  facet normal 0.148515 -0.332383 -0.931378
    outer loop
      vertex 221.6 3.21539 0.219999
      vertex 221.53 3.32198 0.170798
      vertex 221.533 3.32378 0.170634
    endloop
  endfacet
  facet normal 0.160259 -0.324978 -0.932044
    outer loop
      vertex 221.6 3.21539 0.219999
      vertex 219.347 2.24547 0.170795
      vertex 221.53 3.32198 0.170798
    endloop
  endfacet
  facet normal 0.160377 -0.325258 -0.931926
    outer loop
      vertex 219.347 2.24547 0.170795
      vertex 221.6 3.21539 0.219999
      vertex 218.784 1.82689 0.219999
    endloop
  endfacet
  facet normal 0.160267 -0.325036 -0.932023
    outer loop
      vertex 221.409 3.52276 0.0799999
      vertex 220.385 3.01785 0.0799999
      vertex 221.3 3.69841 0
    endloop
  endfacet
  facet normal 0.117227 -0.345253 0.93116
    outer loop
      vertex 218.083 1.72092 7.42896
      vertex 215.812 0.81778 7.38
      vertex 218.784 1.82689 7.38
    endloop
  endfacet
  facet normal 0.117103 -0.344947 0.931289
    outer loop
      vertex 215.812 0.81778 7.38
      vertex 218.083 1.72092 7.42896
      vertex 215.772 0.936383 7.42896
    endloop
  endfacet
  facet normal 0.11715 -0.345113 0.931221
    outer loop
      vertex 216.778 1.52388 7.52
      vertex 215.632 1.35073 7.6
      vertex 215.697 1.15693 7.52
    endloop
  endfacet
  facet normal 0.117229 -0.345259 -0.931157
    outer loop
      vertex 215.812 0.81778 0.219999
      vertex 218.083 1.72092 0.171038
      vertex 218.784 1.82689 0.219999
    endloop
  endfacet
  facet normal 0.117097 -0.344935 -0.931294
    outer loop
      vertex 218.083 1.72092 0.171038
      vertex 215.812 0.81778 0.219999
      vertex 215.772 0.936383 0.171041
    endloop
  endfacet
  facet normal 0.11715 -0.345113 -0.931221
    outer loop
      vertex 215.697 1.15693 0.0799999
      vertex 215.632 1.35073 0
      vertex 216.778 1.52388 0.0799999
    endloop
  endfacet
  facet normal -0.195252 0.980753 0
    outer loop
      vertex 20.8674 153.395 0.219999
      vertex 17.7883 152.782 7.38
      vertex 20.8674 153.395 7.38
    endloop
  endfacet
  facet normal -0.195252 0.980753 0
    outer loop
      vertex 17.7883 152.782 7.38
      vertex 20.8674 153.395 0.219999
      vertex 17.7883 152.782 0.219999
    endloop
  endfacet
  facet normal -0.02432 0.369372 -0.928963
    outer loop
      vertex 24.05 153.05 0
      vertex 22.8927 153.175 0.0799999
      vertex 24.0318 153.25 0.0799999
    endloop
  endfacet
  facet normal -0.0240953 0.368327 -0.929384
    outer loop
      vertex 21.5652 153.319 0.17176
      vertex 24 153.6 0.219999
      vertex 24.011 153.479 0.17176
    endloop
  endfacet
  facet normal -0.024113 0.36847 -0.929327
    outer loop
      vertex 24 153.6 0.219999
      vertex 21.5652 153.319 0.17176
      vertex 20.8674 153.395 0.219999
    endloop
  endfacet
  facet normal -0.831443 0.555611 0
    outer loop
      vertex 3.21539 141.6 0.219999
      vertex 4.95952 144.21 6.55
      vertex 4.95952 144.21 0.219999
    endloop
  endfacet
  facet normal -0.831443 0.555611 0
    outer loop
      vertex 4.95952 144.21 6.55
      vertex 3.21539 141.6 0.219999
      vertex 3.21539 141.6 6.55
    endloop
  endfacet
  facet normal -0.160245 0.325068 0.932015
    outer loop
      vertex 14.8156 151.773 7.38
      vertex 14.2618 151.5 7.38
      vertex 14.4485 151.5 7.4121
    endloop
  endfacet
  facet normal -0.980785 0.195092 0
    outer loop
      vertex 0.205322 132.733 0.219999
      vertex 0.81778 135.812 7.38
      vertex 0.81778 135.812 0.219999
    endloop
  endfacet
  facet normal -0.980785 0.195092 0
    outer loop
      vertex 0.81778 135.812 7.38
      vertex 0.205322 132.733 0.219999
      vertex 0.205322 132.733 7.38
    endloop
  endfacet
  facet normal -0.024242 0.369949 0.928736
    outer loop
      vertex 22.8927 153.175 7.52
      vertex 20.9826 152.849 7.6
      vertex 24.05 153.05 7.6
    endloop
  endfacet
  facet normal -0.0242681 0.370089 0.928679
    outer loop
      vertex 20.9826 152.849 7.6
      vertex 22.8927 153.175 7.52
      vertex 20.9407 153.047 7.52
    endloop
  endfacet
  facet normal -0.0474376 0.363934 0.930216
    outer loop
      vertex 20.9004 153.276 7.42824
      vertex 20.8674 153.395 7.38
      vertex 20.8929 153.274 7.42864
    endloop
  endfacet
  facet normal -0.0239237 0.369871 0.928775
    outer loop
      vertex 20.8674 153.395 7.38
      vertex 20.9004 153.276 7.42824
      vertex 21.5652 153.319 7.42824
    endloop
  endfacet
  facet normal -0.0716109 0.360592 0.929971
    outer loop
      vertex 19.0222 152.666 7.52
      vertex 20.9826 152.849 7.6
      vertex 20.9407 153.047 7.52
    endloop
  endfacet
  facet normal -0.0715134 0.359331 0.930466
    outer loop
      vertex 20.9826 152.849 7.6
      vertex 19.0222 152.666 7.52
      vertex 17.9678 152.249 7.6
    endloop
  endfacet
  facet normal -0.0716251 0.358987 0.93059
    outer loop
      vertex 20.8674 153.395 7.38
      vertex 20.2263 153.141 7.42864
      vertex 20.8929 153.274 7.42864
    endloop
  endfacet
  facet normal -0.300216 0.200638 -0.932531
    outer loop
      vertex 3.69841 141.3 0
      vertex 3.52276 141.409 0.0799999
      vertex 4.15699 142.358 0.0799999
    endloop
  endfacet
  facet normal -0.300502 0.200841 -0.932396
    outer loop
      vertex 3.21539 141.6 0.219999
      vertex 4.67653 143.557 0.170632
      vertex 3.32378 141.533 0.170634
    endloop
  endfacet
  facet normal -0.300161 0.200583 -0.932561
    outer loop
      vertex 4.67653 143.557 0.170632
      vertex 3.21539 141.6 0.219999
      vertex 4.95952 144.21 0.219999
    endloop
  endfacet
  facet normal -0.270925 -0.237595 -0.932817
    outer loop
      vertex 5.99647 8.75695 0.0799999
      vertex 5.24377 9.61524 0.0799999
      vertex 5.4062 9.74411 0
    endloop
  endfacet
  facet normal -0.270918 -0.237588 -0.932821
    outer loop
      vertex 4.95952 9.38972 0.219999
      vertex 6.6646 7.63958 0.170552
      vertex 7.02943 7.02943 0.219999
    endloop
  endfacet
  facet normal -0.270917 -0.237586 -0.932822
    outer loop
      vertex 6.6646 7.63958 0.170552
      vertex 4.95952 9.38972 0.219999
      vertex 5.05992 9.46938 0.170551
    endloop
  endfacet
  facet normal -0.0716251 0.358987 -0.93059
    outer loop
      vertex 20.8929 153.274 0.171359
      vertex 20.2263 153.141 0.171359
      vertex 20.8674 153.395 0.219999
    endloop
  endfacet
  facet normal -0.0716108 0.360591 -0.929971
    outer loop
      vertex 20.9826 152.849 0
      vertex 19.0222 152.666 0.0799999
      vertex 20.9407 153.047 0.0799999
    endloop
  endfacet
  facet normal -0.0715133 0.359331 -0.930466
    outer loop
      vertex 19.0222 152.666 0.0799999
      vertex 20.9826 152.849 0
      vertex 17.9678 152.249 0
    endloop
  endfacet
  facet normal 0.195092 -0.980785 0
    outer loop
      vertex 212.733 0.205322 0.219999
      vertex 215.812 0.81778 7.38
      vertex 212.733 0.205322 7.38
    endloop
  endfacet
  facet normal 0.195092 -0.980785 0
    outer loop
      vertex 215.812 0.81778 7.38
      vertex 212.733 0.205322 0.219999
      vertex 215.812 0.81778 0.219999
    endloop
  endfacet
  facet normal -0.0713326 0.358304 0.930876
    outer loop
      vertex 17.7883 152.782 7.38
      vertex 20.2263 153.141 7.42864
      vertex 20.8674 153.395 7.38
    endloop
  endfacet
  facet normal -0.072054 0.361305 0.92966
    outer loop
      vertex 17.8342 152.666 7.42864
      vertex 17.7883 152.782 7.38
      vertex 17.8283 152.664 7.42896
    endloop
  endfacet
  facet normal -0.0717655 0.361411 0.929641
    outer loop
      vertex 20.2263 153.141 7.42864
      vertex 17.7883 152.782 7.38
      vertex 17.8342 152.666 7.42864
    endloop
  endfacet
  facet normal -0.0716092 0.359555 0.930372
    outer loop
      vertex 19.0222 152.666 7.52
      vertex 17.9025 152.443 7.52
      vertex 17.9678 152.249 7.6
    endloop
  endfacet
  facet normal -0.555761 0.831342 0
    outer loop
      vertex 12 150.385 0.219999
      vertex 9.38972 148.64 6.55
      vertex 12 150.385 6.55
    endloop
  endfacet
  facet normal -0.555761 0.831342 0
    outer loop
      vertex 9.38972 148.64 6.55
      vertex 12 150.385 0.219999
      vertex 9.38972 148.64 0.219999
    endloop
  endfacet
  facet normal -0.325036 0.160267 -0.932023
    outer loop
      vertex 3.69841 141.3 0
      vertex 3.01785 140.385 0.0799999
      vertex 3.52276 141.409 0.0799999
    endloop
  endfacet
  facet normal -0.332383 0.148515 -0.931378
    outer loop
      vertex 3.32198 141.53 0.170798
      vertex 3.21539 141.6 0.219999
      vertex 3.32378 141.533 0.170634
    endloop
  endfacet
  facet normal -0.324978 0.160259 -0.932044
    outer loop
      vertex 2.24547 139.347 0.170795
      vertex 3.21539 141.6 0.219999
      vertex 3.32198 141.53 0.170798
    endloop
  endfacet
  facet normal -0.325258 0.160377 -0.931926
    outer loop
      vertex 3.21539 141.6 0.219999
      vertex 2.24547 139.347 0.170795
      vertex 1.82689 138.784 0.219999
    endloop
  endfacet
  facet normal -0.34134 0.125015 0.931589
    outer loop
      vertex 1.82689 138.784 7.38
      vertex 1.93927 138.726 7.42896
      vertex 1.94139 138.73 7.4292
    endloop
  endfacet
  facet normal -0.345187 0.117219 0.931185
    outer loop
      vertex 1.93927 138.726 7.42896
      vertex 1.82689 138.784 7.38
      vertex 1.72092 138.083 7.42896
    endloop
  endfacet
  facet normal -0.344897 0.117036 0.931315
    outer loop
      vertex 1.52388 136.778 7.52
      vertex 2.33883 138.543 7.6
      vertex 2.15267 138.631 7.52
    endloop
  endfacet
  facet normal -0.345141 0.117154 0.93121
    outer loop
      vertex 2.33883 138.543 7.6
      vertex 1.52388 136.778 7.52
      vertex 1.35073 135.632 7.6
    endloop
  endfacet
  facet normal -0.896866 0.442302 0
    outer loop
      vertex 3.21539 141.6 0.219999
      vertex 2.45 140.048 6.55
      vertex 3.21539 141.6 6.55
    endloop
  endfacet
  facet normal -0.896898 0.442238 -1.94341e-05
    outer loop
      vertex 1.82689 138.784 0.219999
      vertex 2.45 140.048 6.55
      vertex 3.21539 141.6 0.219999
    endloop
  endfacet
  facet normal -0.896936 0.44216 0
    outer loop
      vertex 1.82689 138.784 7.38
      vertex 2.45 140.048 6.55
      vertex 1.82689 138.784 0.219999
    endloop
  endfacet
  facet normal -0.896936 0.44216 0
    outer loop
      vertex 2.45 140.048 6.55
      vertex 1.82689 138.784 7.38
      vertex 2.45 140.048 7.38
    endloop
  endfacet
  facet normal 0 0 1
    outer loop
      vertex 12 150.385 6.55
      vertex 14.3452 151.4 6.55
      vertex 14.2618 151.5 6.55
    endloop
  endfacet
  facet normal -0 0 1
    outer loop
      vertex 14.2618 151.5 6.55
      vertex 14.3452 151.4 6.55
      vertex 14.548 151.5 6.55
    endloop
  endfacet
  facet normal 0 0 1
    outer loop
      vertex 231.15 15.2792 6.55
      vertex 219.255 2.2 6.55
      vertex 231.05 15.0443 6.55
    endloop
  endfacet
  facet normal 0 -0 1
    outer loop
      vertex 219.255 151.4 6.55
      vertex 219.338 151.5 6.55
      vertex 219.052 151.5 6.55
    endloop
  endfacet
  facet normal 0 0 1
    outer loop
      vertex 231.15 138.321 6.55
      vertex 217.29 151.5 6.55
      vertex 231.15 15.2792 6.55
    endloop
  endfacet
  facet normal 0 0 1
    outer loop
      vertex 231.15 15.2792 6.55
      vertex 217.584 2.2 6.55
      vertex 219.255 2.2 6.55
    endloop
  endfacet
  facet normal 0 0 1
    outer loop
      vertex 217.29 2.1 6.55
      vertex 231.15 15.2792 6.55
      vertex 217.29 151.5 6.55
    endloop
  endfacet
  facet normal 0 0 1
    outer loop
      vertex 231.15 15.2792 6.55
      vertex 217.29 2.1 6.55
      vertex 217.584 2.2 6.55
    endloop
  endfacet
  facet normal 0 0 1
    outer loop
      vertex 217.29 151.5 6.55
      vertex 16.3103 2.1 6.55
      vertex 217.29 2.1 6.55
    endloop
  endfacet
  facet normal -0 0 1
    outer loop
      vertex 16.3103 151.5 6.55
      vertex 16.3103 2.1 6.55
      vertex 217.29 151.5 6.55
    endloop
  endfacet
  facet normal -0 0 1
    outer loop
      vertex 16.0157 151.4 6.55
      vertex 16.3103 2.1 6.55
      vertex 16.3103 151.5 6.55
    endloop
  endfacet
  facet normal 0 0 1
    outer loop
      vertex 16.0157 151.4 6.55
      vertex 16.0157 2.2 6.55
      vertex 16.3103 2.1 6.55
    endloop
  endfacet
  facet normal -0 0 1
    outer loop
      vertex 14.3452 151.4 6.55
      vertex 16.0157 2.2 6.55
      vertex 16.0157 151.4 6.55
    endloop
  endfacet
  facet normal 0 0 1
    outer loop
      vertex 16.0157 2.2 6.55
      vertex 14.3452 151.4 6.55
      vertex 14.3452 2.2 6.55
    endloop
  endfacet
  facet normal 0 0 1
    outer loop
      vertex 231.15 140.048 6.55
      vertex 231.05 139.965 6.55
      vertex 231.15 139.762 6.55
    endloop
  endfacet
  facet normal 0 0 1
    outer loop
      vertex 230.385 141.6 6.55
      vertex 231.05 138.556 6.55
      vertex 231.05 139.965 6.55
    endloop
  endfacet
  facet normal 0 0 1
    outer loop
      vertex 221.6 150.385 6.55
      vertex 217.584 151.4 6.55
      vertex 224.21 148.64 6.55
    endloop
  endfacet
  facet normal 0 0 1
    outer loop
      vertex 231.05 138.556 6.55
      vertex 230.385 141.6 6.55
      vertex 228.64 144.21 6.55
    endloop
  endfacet
  facet normal 0 0 1
    outer loop
      vertex 230.385 141.6 6.55
      vertex 231.05 139.965 6.55
      vertex 231.15 140.048 6.55
    endloop
  endfacet
  facet normal 0 0 1
    outer loop
      vertex 231.05 138.556 6.55
      vertex 231.15 138.321 6.55
      vertex 231.115 138.424 6.55
    endloop
  endfacet
  facet normal 0 0 1
    outer loop
      vertex 226.571 146.571 6.55
      vertex 217.584 151.4 6.55
      vertex 231.05 138.556 6.55
    endloop
  endfacet
  facet normal 0 0 1
    outer loop
      vertex 217.29 151.5 6.55
      vertex 231.05 138.556 6.55
      vertex 217.584 151.4 6.55
    endloop
  endfacet
  facet normal 0 0 1
    outer loop
      vertex 231.15 15.2792 6.55
      vertex 231.05 15.0443 6.55
      vertex 231.115 15.1761 6.55
    endloop
  endfacet
  facet normal -0 0 1
    outer loop
      vertex 231.05 13.6355 6.55
      vertex 231.15 13.5521 6.55
      vertex 231.15 13.8382 6.55
    endloop
  endfacet
  facet normal 0 0 1
    outer loop
      vertex 231.05 13.6355 6.55
      vertex 230.385 12 6.55
      vertex 231.15 13.5521 6.55
    endloop
  endfacet
  facet normal 0 0 1
    outer loop
      vertex 231.05 138.556 6.55
      vertex 217.29 151.5 6.55
      vertex 231.15 138.321 6.55
    endloop
  endfacet
  facet normal 0 0 1
    outer loop
      vertex 231.05 138.556 6.55
      vertex 228.64 144.21 6.55
      vertex 226.571 146.571 6.55
    endloop
  endfacet
  facet normal 0 -0 1
    outer loop
      vertex 224.21 4.95952 6.55
      vertex 231.05 15.0443 6.55
      vertex 219.255 2.2 6.55
    endloop
  endfacet
  facet normal 0 0 1
    outer loop
      vertex 217.584 151.4 6.55
      vertex 226.571 146.571 6.55
      vertex 224.21 148.64 6.55
    endloop
  endfacet
  facet normal 0 -0 1
    outer loop
      vertex 228.64 9.38972 6.55
      vertex 231.05 15.0443 6.55
      vertex 226.571 7.02943 6.55
    endloop
  endfacet
  facet normal -0 0 1
    outer loop
      vertex 217.584 151.4 6.55
      vertex 221.6 150.385 6.55
      vertex 219.255 151.4 6.55
    endloop
  endfacet
  facet normal 0 0 1
    outer loop
      vertex 231.05 15.0443 6.55
      vertex 230.385 12 6.55
      vertex 231.05 13.6355 6.55
    endloop
  endfacet
  facet normal -0 0 1
    outer loop
      vertex 219.255 151.4 6.55
      vertex 221.6 150.385 6.55
      vertex 219.338 151.5 6.55
    endloop
  endfacet
  facet normal 0 -0 1
    outer loop
      vertex 230.385 12 6.55
      vertex 231.05 15.0443 6.55
      vertex 228.64 9.38972 6.55
    endloop
  endfacet
  facet normal 0 0 1
    outer loop
      vertex 224.21 4.95952 6.55
      vertex 219.255 2.2 6.55
      vertex 221.6 3.21539 6.55
    endloop
  endfacet
  facet normal 0 0 1
    outer loop
      vertex 231.05 15.0443 6.55
      vertex 224.21 4.95952 6.55
      vertex 226.571 7.02943 6.55
    endloop
  endfacet
  facet normal 0 0 1
    outer loop
      vertex 221.6 3.21539 6.55
      vertex 219.255 2.2 6.55
      vertex 219.338 2.1 6.55
    endloop
  endfacet
  facet normal 0 0 1
    outer loop
      vertex 219.338 2.1 6.55
      vertex 219.255 2.2 6.55
      vertex 219.052 2.1 6.55
    endloop
  endfacet
  facet normal 0 0 1
    outer loop
      vertex 14.3452 2.2 6.55
      vertex 14.2618 2.1 6.55
      vertex 14.5479 2.1 6.55
    endloop
  endfacet
  facet normal 0 0 1
    outer loop
      vertex 14.3452 151.4 6.55
      vertex 2.45 138.321 6.55
      vertex 14.3452 2.2 6.55
    endloop
  endfacet
  facet normal 0 0 1
    outer loop
      vertex 9.38972 148.64 6.55
      vertex 14.3452 151.4 6.55
      vertex 12 150.385 6.55
    endloop
  endfacet
  facet normal -0 0 1
    outer loop
      vertex 2.45 15.2792 6.55
      vertex 14.3452 2.2 6.55
      vertex 2.45 138.321 6.55
    endloop
  endfacet
  facet normal 0 0 1
    outer loop
      vertex 14.3452 151.4 6.55
      vertex 9.38972 148.64 6.55
      vertex 2.55 138.556 6.55
    endloop
  endfacet
  facet normal -0 -0 1
    outer loop
      vertex 2.55 15.0443 6.55
      vertex 14.3452 2.2 6.55
      vertex 2.45 15.2792 6.55
    endloop
  endfacet
  facet normal 0 0 1
    outer loop
      vertex 2.55 138.556 6.55
      vertex 9.38972 148.64 6.55
      vertex 7.02943 146.571 6.55
    endloop
  endfacet
  facet normal -0 -0 1
    outer loop
      vertex 9.38972 4.95952 6.55
      vertex 14.3452 2.2 6.55
      vertex 2.55 15.0443 6.55
    endloop
  endfacet
  facet normal 0 0 1
    outer loop
      vertex 2.55 138.556 6.55
      vertex 7.02943 146.571 6.55
      vertex 4.95952 144.21 6.55
    endloop
  endfacet
  facet normal 0 0 1
    outer loop
      vertex 14.3452 151.4 6.55
      vertex 2.55 138.556 6.55
      vertex 2.45 138.321 6.55
    endloop
  endfacet
  facet normal 0 0 1
    outer loop
      vertex 2.55 138.556 6.55
      vertex 4.95952 144.21 6.55
      vertex 3.21539 141.6 6.55
    endloop
  endfacet
  facet normal 0 0 1
    outer loop
      vertex 14.3452 2.2 6.55
      vertex 12 3.21539 6.55
      vertex 14.2618 2.1 6.55
    endloop
  endfacet
  facet normal 0 0 1
    outer loop
      vertex 2.55 138.556 6.55
      vertex 3.21539 141.6 6.55
      vertex 2.55 139.965 6.55
    endloop
  endfacet
  facet normal -0 0 1
    outer loop
      vertex 2.45 140.048 6.55
      vertex 2.55 139.965 6.55
      vertex 3.21539 141.6 6.55
    endloop
  endfacet
  facet normal 0 0 1
    outer loop
      vertex 2.55 139.965 6.55
      vertex 2.45 140.048 6.55
      vertex 2.45 139.762 6.55
    endloop
  endfacet
  facet normal 0 0 1
    outer loop
      vertex 2.45 138.321 6.55
      vertex 2.55 138.556 6.55
      vertex 2.48502 138.424 6.55
    endloop
  endfacet
  facet normal 0 0 1
    outer loop
      vertex 14.3452 2.2 6.55
      vertex 9.38972 4.95952 6.55
      vertex 12 3.21539 6.55
    endloop
  endfacet
  facet normal 0 0 1
    outer loop
      vertex 9.38972 4.95952 6.55
      vertex 2.55 15.0443 6.55
      vertex 7.02943 7.02943 6.55
    endloop
  endfacet
  facet normal 0 0 1
    outer loop
      vertex 2.55 15.0443 6.55
      vertex 2.45 15.2792 6.55
      vertex 2.48502 15.1761 6.55
    endloop
  endfacet
  facet normal 0 0 1
    outer loop
      vertex 7.02943 7.02943 6.55
      vertex 2.55 15.0443 6.55
      vertex 4.95952 9.38972 6.55
    endloop
  endfacet
  facet normal 0 0 1
    outer loop
      vertex 4.95952 9.38972 6.55
      vertex 2.55 15.0443 6.55
      vertex 3.21539 12 6.55
    endloop
  endfacet
  facet normal -0 0 1
    outer loop
      vertex 2.55 13.6354 6.55
      vertex 3.21539 12 6.55
      vertex 2.55 15.0443 6.55
    endloop
  endfacet
  facet normal 0 0 1
    outer loop
      vertex 2.45 13.5521 6.55
      vertex 2.55 13.6354 6.55
      vertex 2.45 13.8382 6.55
    endloop
  endfacet
  facet normal 0 0 1
    outer loop
      vertex 2.55 13.6354 6.55
      vertex 2.45 13.5521 6.55
      vertex 3.21539 12 6.55
    endloop
  endfacet
  facet normal 0 1 -0
    outer loop
      vertex 14.5479 2.1 6.55
      vertex 14.4485 2.1 7.4121
      vertex 14.5479 2.1 7.4292
    endloop
  endfacet
  facet normal 0 1 0
    outer loop
      vertex 14.5479 2.1 6.55
      vertex 14.2618 2.1 7.38
      vertex 14.4485 2.1 7.4121
    endloop
  endfacet
  facet normal 0 1 0
    outer loop
      vertex 14.2618 2.1 7.38
      vertex 14.5479 2.1 6.55
      vertex 14.2618 2.1 6.55
    endloop
  endfacet
  facet normal 0 1 -0
    outer loop
      vertex 217.29 2.1 6.55
      vertex 16.3103 2.1 7.52
      vertex 217.29 2.1 7.52
    endloop
  endfacet
  facet normal 0 1 0
    outer loop
      vertex 16.3103 2.1 7.52
      vertex 217.29 2.1 6.55
      vertex 16.3103 2.1 6.55
    endloop
  endfacet
  facet normal 0 1 0
    outer loop
      vertex 217.29 2.1 7.52
      vertex 217.839 2.1 7.6
      vertex 218.476 2.1 7.52
    endloop
  endfacet
  facet normal 0 1 0
    outer loop
      vertex 217.839 2.1 7.6
      vertex 217.29 2.1 7.52
      vertex 15.7605 2.1 7.6
    endloop
  endfacet
  facet normal 0 1 -0
    outer loop
      vertex 16.3103 2.1 7.52
      vertex 15.7605 2.1 7.6
      vertex 217.29 2.1 7.52
    endloop
  endfacet
  facet normal 0 1 0
    outer loop
      vertex 15.7605 2.1 7.6
      vertex 16.3103 2.1 7.52
      vertex 15.1243 2.1 7.52
    endloop
  endfacet
  facet normal 0 1 0
    outer loop
      vertex 219.052 2.1 6.55
      vertex 219.338 2.1 7.38
      vertex 219.338 2.1 6.55
    endloop
  endfacet
  facet normal 0 1 0
    outer loop
      vertex 219.338 2.1 7.38
      vertex 219.052 2.1 6.55
      vertex 219.151 2.1 7.4121
    endloop
  endfacet
  facet normal 0 1 0
    outer loop
      vertex 219.151 2.1 7.4121
      vertex 219.052 2.1 6.55
      vertex 219.052 2.1 7.4292
    endloop
  endfacet
  facet normal -1 0 0
    outer loop
      vertex 231.15 138.321 6.55
      vertex 231.15 15.2792 6.55
      vertex 231.15 138.321 7.52
    endloop
  endfacet
  facet normal -1 0 0
    outer loop
      vertex 231.15 138.321 7.52
      vertex 231.15 138.768 7.6
      vertex 231.15 139.234 7.52
    endloop
  endfacet
  facet normal -1 0 0
    outer loop
      vertex 231.15 15.2792 7.52
      vertex 231.15 138.321 7.52
      vertex 231.15 15.2792 6.55
    endloop
  endfacet
  facet normal -1 0 0
    outer loop
      vertex 231.15 138.321 7.52
      vertex 231.15 15.2792 7.52
      vertex 231.15 138.768 7.6
    endloop
  endfacet
  facet normal -1 0 0
    outer loop
      vertex 231.15 15.2792 7.52
      vertex 231.15 14.8315 7.6
      vertex 231.15 138.768 7.6
    endloop
  endfacet
  facet normal -1 0 -0
    outer loop
      vertex 231.15 14.8315 7.6
      vertex 231.15 15.2792 7.52
      vertex 231.15 14.3663 7.52
    endloop
  endfacet
  facet normal -1 0 0
    outer loop
      vertex 231.15 13.5521 7.38
      vertex 231.15 13.8382 6.55
      vertex 231.15 13.5521 6.55
    endloop
  endfacet
  facet normal -1 0 0
    outer loop
      vertex 231.15 13.8382 6.55
      vertex 231.15 13.5521 7.38
      vertex 231.15 13.8382 7.4292
    endloop
  endfacet
  facet normal -1 0 0
    outer loop
      vertex 231.15 139.762 6.55
      vertex 231.15 140.048 7.38
      vertex 231.15 140.048 6.55
    endloop
  endfacet
  facet normal -1 -0 0
    outer loop
      vertex 231.15 140.048 7.38
      vertex 231.15 139.762 6.55
      vertex 231.15 139.762 7.42921
    endloop
  endfacet
  facet normal 1 -0 0
    outer loop
      vertex 2.45 13.5521 7.38
      vertex 2.45 13.8382 6.55
      vertex 2.45 13.8382 7.4292
    endloop
  endfacet
  facet normal 1 0 0
    outer loop
      vertex 2.45 13.8382 6.55
      vertex 2.45 13.5521 7.38
      vertex 2.45 13.5521 6.55
    endloop
  endfacet
  facet normal 1 0 0
    outer loop
      vertex 2.45 139.762 6.55
      vertex 2.45 140.048 7.38
      vertex 2.45 139.762 7.4292
    endloop
  endfacet
  facet normal 1 0 0
    outer loop
      vertex 2.45 140.048 7.38
      vertex 2.45 139.762 6.55
      vertex 2.45 140.048 6.55
    endloop
  endfacet
  facet normal 1 0 0
    outer loop
      vertex 2.45 138.768 7.6
      vertex 2.45 138.321 7.52
      vertex 2.45 139.234 7.52
    endloop
  endfacet
  facet normal 1 0 0
    outer loop
      vertex 2.45 138.321 7.52
      vertex 2.45 15.2792 7.52
      vertex 2.45 138.321 6.55
    endloop
  endfacet
  facet normal 1 0 0
    outer loop
      vertex 2.45 138.768 7.6
      vertex 2.45 15.2792 7.52
      vertex 2.45 138.321 7.52
    endloop
  endfacet
  facet normal 1 -0 0
    outer loop
      vertex 2.45 14.8315 7.6
      vertex 2.45 15.2792 7.52
      vertex 2.45 138.768 7.6
    endloop
  endfacet
  facet normal 1 0 0
    outer loop
      vertex 2.45 15.2792 7.52
      vertex 2.45 14.8315 7.6
      vertex 2.45 14.3663 7.52
    endloop
  endfacet
  facet normal 1 0 0
    outer loop
      vertex 2.45 138.321 6.55
      vertex 2.45 15.2792 7.52
      vertex 2.45 15.2792 6.55
    endloop
  endfacet
  facet normal 0 -1 0
    outer loop
      vertex 14.548 151.5 6.55
      vertex 14.2618 151.5 7.38
      vertex 14.2618 151.5 6.55
    endloop
  endfacet
  facet normal 0 -1 0
    outer loop
      vertex 14.2618 151.5 7.38
      vertex 14.548 151.5 6.55
      vertex 14.4485 151.5 7.4121
    endloop
  endfacet
  facet normal 0 -1 0
    outer loop
      vertex 14.4485 151.5 7.4121
      vertex 14.548 151.5 6.55
      vertex 14.548 151.5 7.42921
    endloop
  endfacet
  facet normal 0 -1 0
    outer loop
      vertex 16.3103 151.5 7.52
      vertex 15.7605 151.5 7.6
      vertex 15.1243 151.5 7.52
    endloop
  endfacet
  facet normal 0 -1 0
    outer loop
      vertex 15.7605 151.5 7.6
      vertex 16.3103 151.5 7.52
      vertex 116.343 151.5 7.6
    endloop
  endfacet
  facet normal 0 -1 0
    outer loop
      vertex 16.3103 151.5 7.52
      vertex 116.343 151.5 7.42
      vertex 116.343 151.5 7.6
    endloop
  endfacet
  facet normal 0 -1 -0
    outer loop
      vertex 116.343 151.5 7.42
      vertex 16.3103 151.5 6.55
      vertex 117.257 151.5 7.42
    endloop
  endfacet
  facet normal 0 -1 0
    outer loop
      vertex 16.3103 151.5 6.55
      vertex 116.343 151.5 7.42
      vertex 16.3103 151.5 7.52
    endloop
  endfacet
  facet normal 0 -1 0
    outer loop
      vertex 117.257 151.5 7.6
      vertex 217.29 151.5 7.52
      vertex 217.839 151.5 7.6
    endloop
  endfacet
  facet normal 0 -1 0
    outer loop
      vertex 117.257 151.5 7.42
      vertex 217.29 151.5 7.52
      vertex 117.257 151.5 7.6
    endloop
  endfacet
  facet normal 0 -1 0
    outer loop
      vertex 217.29 151.5 6.55
      vertex 117.257 151.5 7.42
      vertex 16.3103 151.5 6.55
    endloop
  endfacet
  facet normal 0 -1 0
    outer loop
      vertex 117.257 151.5 7.42
      vertex 217.29 151.5 6.55
      vertex 217.29 151.5 7.52
    endloop
  endfacet
  facet normal 0 -1 -0
    outer loop
      vertex 217.839 151.5 7.6
      vertex 217.29 151.5 7.52
      vertex 218.476 151.5 7.52
    endloop
  endfacet
  facet normal 0 -1 0
    outer loop
      vertex 219.052 151.5 6.55
      vertex 219.151 151.5 7.4121
      vertex 219.052 151.5 7.42921
    endloop
  endfacet
  facet normal 0 -1 0
    outer loop
      vertex 219.052 151.5 6.55
      vertex 219.338 151.5 7.38
      vertex 219.151 151.5 7.4121
    endloop
  endfacet
  facet normal 0 -1 -0
    outer loop
      vertex 219.338 151.5 7.38
      vertex 219.052 151.5 6.55
      vertex 219.338 151.5 6.55
    endloop
  endfacet
  facet normal -1 0 0
    outer loop
      vertex 120.8 0.7 3.192
      vertex 120.8 2.3 5.592
      vertex 120.8 2.3 3.192
    endloop
  endfacet
  facet normal -1 -0 0
    outer loop
      vertex 120.8 2.3 5.592
      vertex 120.8 0.7 3.192
      vertex 120.8 0.7 5.592
    endloop
  endfacet
  facet normal -1 0 0
    outer loop
      vertex 120.8 0 3.192
      vertex 120.8 0.12 5.592
      vertex 120.8 0.12 3.192
    endloop
  endfacet
  facet normal -1 -0 0
    outer loop
      vertex 120.8 0.12 5.592
      vertex 120.8 0 3.192
      vertex 120.8 0 5.592
    endloop
  endfacet
  facet normal 0 0 -1
    outer loop
      vertex 112.8 0.7 5.592
      vertex 120.8 2.3 5.592
      vertex 120.8 0.7 5.592
    endloop
  endfacet
  facet normal -0 0 -1
    outer loop
      vertex 120.8 2.3 5.592
      vertex 112.8 0.7 5.592
      vertex 112.8 2.3 5.592
    endloop
  endfacet
  facet normal 0 0 -1
    outer loop
      vertex 112.8 0 5.592
      vertex 120.8 0.12 5.592
      vertex 120.8 0 5.592
    endloop
  endfacet
  facet normal -0 0 -1
    outer loop
      vertex 120.8 0.12 5.592
      vertex 112.8 0 5.592
      vertex 112.8 0.12 5.592
    endloop
  endfacet
  facet normal -0 0 1
    outer loop
      vertex 112.8 2.3 3.192
      vertex 120.8 0.7 3.192
      vertex 120.8 2.3 3.192
    endloop
  endfacet
  facet normal 0 0 1
    outer loop
      vertex 120.8 0.7 3.192
      vertex 112.8 2.3 3.192
      vertex 112.8 0.7 3.192
    endloop
  endfacet
  facet normal -0 0 1
    outer loop
      vertex 112.8 0.12 3.192
      vertex 120.8 0 3.192
      vertex 120.8 0.12 3.192
    endloop
  endfacet
  facet normal 0 0 1
    outer loop
      vertex 120.8 0 3.192
      vertex 112.8 0.12 3.192
      vertex 112.8 0 3.192
    endloop
  endfacet
  facet normal 1 -0 0
    outer loop
      vertex 112.8 0.7 5.592
      vertex 112.8 2.3 3.192
      vertex 112.8 2.3 5.592
    endloop
  endfacet
  facet normal 1 0 0
    outer loop
      vertex 112.8 2.3 3.192
      vertex 112.8 0.7 5.592
      vertex 112.8 0.7 3.192
    endloop
  endfacet
  facet normal 1 -0 0
    outer loop
      vertex 112.8 0 5.592
      vertex 112.8 0.12 3.192
      vertex 112.8 0.12 5.592
    endloop
  endfacet
  facet normal 1 0 0
    outer loop
      vertex 112.8 0.12 3.192
      vertex 112.8 0 5.592
      vertex 112.8 0 3.192
    endloop
  endfacet
  facet normal 0 -1 0
    outer loop
      vertex 112.8 2.3 3.192
      vertex 120.8 2.3 5.592
      vertex 112.8 2.3 5.592
    endloop
  endfacet
  facet normal 0 -1 -0
    outer loop
      vertex 120.8 2.3 5.592
      vertex 112.8 2.3 3.192
      vertex 120.8 2.3 3.192
    endloop
  endfacet
  facet normal -0.994834 -0.101514 0
    outer loop
      vertex 189.874 120.004 0.27
      vertex 189.854 120.2 0.5
      vertex 189.854 120.2 0.27
    endloop
  endfacet
  facet normal -0.994834 -0.101514 0
    outer loop
      vertex 189.854 120.2 0.5
      vertex 189.874 120.004 0.27
      vertex 189.874 120.004 0.5
    endloop
  endfacet
  facet normal -0.999532 -0.0305979 0
    outer loop
      vertex 189.88 119.808 0.27
      vertex 189.874 120.004 0.5
      vertex 189.874 120.004 0.27
    endloop
  endfacet
  facet normal -0.999532 -0.0305979 0
    outer loop
      vertex 189.874 120.004 0.5
      vertex 189.88 119.808 0.27
      vertex 189.88 119.808 0.5
    endloop
  endfacet
  facet normal -0.986532 -0.16357 0
    outer loop
      vertex 189.854 120.2 0.27
      vertex 189.822 120.393 0.5
      vertex 189.822 120.393 0.27
    endloop
  endfacet
  facet normal -0.986532 -0.16357 0
    outer loop
      vertex 189.822 120.393 0.5
      vertex 189.854 120.2 0.27
      vertex 189.854 120.2 0.5
    endloop
  endfacet
  facet normal -0.974477 -0.224487 0
    outer loop
      vertex 189.822 120.393 0.27
      vertex 189.778 120.584 0.5
      vertex 189.778 120.584 0.27
    endloop
  endfacet
  facet normal -0.974477 -0.224487 0
    outer loop
      vertex 189.778 120.584 0.5
      vertex 189.822 120.393 0.27
      vertex 189.822 120.393 0.5
    endloop
  endfacet
  facet normal -0.727154 0.686474 0
    outer loop
      vertex 189.001 117.687 0.27
      vertex 189.136 117.83 0.5
      vertex 189.136 117.83 0.27
    endloop
  endfacet
  facet normal -0.727154 0.686474 0
    outer loop
      vertex 189.136 117.83 0.5
      vertex 189.001 117.687 0.27
      vertex 189.001 117.687 0.5
    endloop
  endfacet
  facet normal 0.224487 -0.974477 0
    outer loop
      vertex 186.104 122.706 0.27
      vertex 186.295 122.75 0.5
      vertex 186.104 122.706 0.5
    endloop
  endfacet
  facet normal 0.224487 -0.974477 0
    outer loop
      vertex 186.295 122.75 0.5
      vertex 186.104 122.706 0.27
      vertex 186.295 122.75 0.27
    endloop
  endfacet
  facet normal -0.986532 0.16357 0
    outer loop
      vertex 189.822 119.223 0.27
      vertex 189.854 119.416 0.5
      vertex 189.854 119.416 0.27
    endloop
  endfacet
  facet normal -0.986532 0.16357 0
    outer loop
      vertex 189.854 119.416 0.5
      vertex 189.822 119.223 0.27
      vertex 189.822 119.223 0.5
    endloop
  endfacet
  facet normal 0.880798 -0.473492 0
    outer loop
      vertex 184.189 121.135 0.5
      vertex 184.282 121.308 0.27
      vertex 184.282 121.308 0.5
    endloop
  endfacet
  facet normal 0.880798 -0.473492 0
    outer loop
      vertex 184.282 121.308 0.27
      vertex 184.189 121.135 0.5
      vertex 184.189 121.135 0.27
    endloop
  endfacet
  facet normal 0.936329 -0.351123 0
    outer loop
      vertex 184.039 120.772 0.5
      vertex 184.108 120.956 0.27
      vertex 184.108 120.956 0.5
    endloop
  endfacet
  facet normal 0.936329 -0.351123 0
    outer loop
      vertex 184.108 120.956 0.27
      vertex 184.039 120.772 0.5
      vertex 184.039 120.772 0.27
    endloop
  endfacet
  facet normal -0.528628 -0.848854 0
    outer loop
      vertex 188.38 122.406 0.27
      vertex 188.547 122.302 0.5
      vertex 188.38 122.406 0.5
    endloop
  endfacet
  facet normal -0.528628 -0.848854 -0
    outer loop
      vertex 188.547 122.302 0.5
      vertex 188.38 122.406 0.27
      vertex 188.547 122.302 0.27
    endloop
  endfacet
  facet normal 0.848854 0.528628 0
    outer loop
      vertex 184.386 118.141 0.5
      vertex 184.282 118.308 0.27
      vertex 184.282 118.308 0.5
    endloop
  endfacet
  facet normal 0.848854 0.528628 0
    outer loop
      vertex 184.282 118.308 0.27
      vertex 184.386 118.141 0.5
      vertex 184.386 118.141 0.27
    endloop
  endfacet
  facet normal 0.956982 -0.290149 0
    outer loop
      vertex 183.982 120.584 0.5
      vertex 184.039 120.772 0.27
      vertex 184.039 120.772 0.5
    endloop
  endfacet
  facet normal 0.956982 -0.290149 0
    outer loop
      vertex 184.039 120.772 0.27
      vertex 183.982 120.584 0.5
      vertex 183.982 120.584 0.27
    endloop
  endfacet
  facet normal -0.412268 -0.911062 0
    outer loop
      vertex 188.028 122.58 0.27
      vertex 188.207 122.499 0.5
      vertex 188.028 122.58 0.5
    endloop
  endfacet
  facet normal -0.412268 -0.911062 -0
    outer loop
      vertex 188.207 122.499 0.5
      vertex 188.028 122.58 0.27
      vertex 188.207 122.499 0.27
    endloop
  endfacet
  facet normal 0.974477 -0.224487 0
    outer loop
      vertex 183.938 120.393 0.5
      vertex 183.982 120.584 0.27
      vertex 183.982 120.584 0.5
    endloop
  endfacet
  facet normal 0.974477 -0.224487 0
    outer loop
      vertex 183.982 120.584 0.27
      vertex 183.938 120.393 0.5
      vertex 183.938 120.393 0.27
    endloop
  endfacet
  facet normal -0.880798 -0.473492 0
    outer loop
      vertex 189.571 121.135 0.27
      vertex 189.478 121.308 0.5
      vertex 189.478 121.308 0.27
    endloop
  endfacet
  facet normal -0.880798 -0.473492 0
    outer loop
      vertex 189.478 121.308 0.5
      vertex 189.571 121.135 0.27
      vertex 189.571 121.135 0.5
    endloop
  endfacet
  facet normal -0.528628 0.848854 0
    outer loop
      vertex 188.547 117.314 0.27
      vertex 188.38 117.21 0.5
      vertex 188.547 117.314 0.5
    endloop
  endfacet
  facet normal -0.528628 0.848854 0
    outer loop
      vertex 188.38 117.21 0.5
      vertex 188.547 117.314 0.27
      vertex 188.38 117.21 0.27
    endloop
  endfacet
  facet normal 0.974477 0.224487 0
    outer loop
      vertex 183.982 119.032 0.5
      vertex 183.938 119.223 0.27
      vertex 183.938 119.223 0.5
    endloop
  endfacet
  facet normal 0.974477 0.224487 0
    outer loop
      vertex 183.938 119.223 0.27
      vertex 183.982 119.032 0.5
      vertex 183.982 119.032 0.27
    endloop
  endfacet
  facet normal -0.812696 -0.582688 0
    outer loop
      vertex 189.374 121.475 0.27
      vertex 189.26 121.634 0.5
      vertex 189.26 121.634 0.27
    endloop
  endfacet
  facet normal -0.812696 -0.582688 0
    outer loop
      vertex 189.26 121.634 0.5
      vertex 189.374 121.475 0.27
      vertex 189.374 121.475 0.5
    endloop
  endfacet
  facet normal 0.16357 0.986532 -0
    outer loop
      vertex 186.488 116.834 0.27
      vertex 186.295 116.866 0.5
      vertex 186.488 116.834 0.5
    endloop
  endfacet
  facet normal 0.16357 0.986532 0
    outer loop
      vertex 186.295 116.866 0.5
      vertex 186.488 116.834 0.27
      vertex 186.295 116.866 0.27
    endloop
  endfacet
  facet normal -0.473492 -0.880798 0
    outer loop
      vertex 188.207 122.499 0.27
      vertex 188.38 122.406 0.5
      vertex 188.207 122.499 0.5
    endloop
  endfacet
  facet normal -0.473492 -0.880798 -0
    outer loop
      vertex 188.38 122.406 0.5
      vertex 188.207 122.499 0.27
      vertex 188.38 122.406 0.27
    endloop
  endfacet
  facet normal 0.774865 0.632127 0
    outer loop
      vertex 184.624 117.83 0.5
      vertex 184.5 117.982 0.27
      vertex 184.5 117.982 0.5
    endloop
  endfacet
  facet normal 0.774865 0.632127 0
    outer loop
      vertex 184.5 117.982 0.27
      vertex 184.624 117.83 0.5
      vertex 184.624 117.83 0.27
    endloop
  endfacet
  facet normal -0.999532 0.0305979 0
    outer loop
      vertex 189.874 119.612 0.27
      vertex 189.88 119.808 0.5
      vertex 189.88 119.808 0.27
    endloop
  endfacet
  facet normal -0.999532 0.0305979 0
    outer loop
      vertex 189.88 119.808 0.5
      vertex 189.874 119.612 0.27
      vertex 189.874 119.612 0.5
    endloop
  endfacet
  facet normal -0.101514 0.994834 0
    outer loop
      vertex 187.272 116.834 0.27
      vertex 187.076 116.814 0.5
      vertex 187.272 116.834 0.5
    endloop
  endfacet
  facet normal -0.101514 0.994834 0
    outer loop
      vertex 187.076 116.814 0.5
      vertex 187.272 116.834 0.27
      vertex 187.076 116.814 0.27
    endloop
  endfacet
  facet normal 0.727154 -0.686474 0
    outer loop
      vertex 184.624 121.786 0.5
      vertex 184.759 121.929 0.27
      vertex 184.759 121.929 0.5
    endloop
  endfacet
  facet normal 0.727154 -0.686474 0
    outer loop
      vertex 184.759 121.929 0.27
      vertex 184.624 121.786 0.5
      vertex 184.624 121.786 0.27
    endloop
  endfacet
  facet normal 0.16357 -0.986532 0
    outer loop
      vertex 186.295 122.75 0.27
      vertex 186.488 122.782 0.5
      vertex 186.295 122.75 0.5
    endloop
  endfacet
  facet normal 0.16357 -0.986532 0
    outer loop
      vertex 186.488 122.782 0.5
      vertex 186.295 122.75 0.27
      vertex 186.488 122.782 0.27
    endloop
  endfacet
  facet normal -0.911062 0.412268 0
    outer loop
      vertex 189.571 118.481 0.27
      vertex 189.652 118.66 0.5
      vertex 189.652 118.66 0.27
    endloop
  endfacet
  facet normal -0.911062 0.412268 0
    outer loop
      vertex 189.652 118.66 0.5
      vertex 189.571 118.481 0.27
      vertex 189.571 118.481 0.5
    endloop
  endfacet
  facet normal -0.974477 0.224487 0
    outer loop
      vertex 189.778 119.032 0.27
      vertex 189.822 119.223 0.5
      vertex 189.822 119.223 0.27
    endloop
  endfacet
  facet normal -0.974477 0.224487 0
    outer loop
      vertex 189.822 119.223 0.5
      vertex 189.778 119.032 0.27
      vertex 189.778 119.032 0.5
    endloop
  endfacet
  facet normal -0.0305979 0.999532 0
    outer loop
      vertex 187.076 116.814 0.27
      vertex 186.88 116.808 0.5
      vertex 187.076 116.814 0.5
    endloop
  endfacet
  facet normal -0.0305979 0.999532 0
    outer loop
      vertex 186.88 116.808 0.5
      vertex 187.076 116.814 0.27
      vertex 186.88 116.808 0.27
    endloop
  endfacet
  facet normal 0.528628 -0.848854 0
    outer loop
      vertex 185.213 122.302 0.27
      vertex 185.38 122.406 0.5
      vertex 185.213 122.302 0.5
    endloop
  endfacet
  facet normal 0.528628 -0.848854 0
    outer loop
      vertex 185.38 122.406 0.5
      vertex 185.213 122.302 0.27
      vertex 185.38 122.406 0.27
    endloop
  endfacet
  facet normal -0.473492 0.880798 0
    outer loop
      vertex 188.38 117.21 0.27
      vertex 188.207 117.117 0.5
      vertex 188.38 117.21 0.5
    endloop
  endfacet
  facet normal -0.473492 0.880798 0
    outer loop
      vertex 188.207 117.117 0.5
      vertex 188.38 117.21 0.27
      vertex 188.207 117.117 0.27
    endloop
  endfacet
  facet normal -0.582688 0.812696 0
    outer loop
      vertex 188.706 117.428 0.27
      vertex 188.547 117.314 0.5
      vertex 188.706 117.428 0.5
    endloop
  endfacet
  facet normal -0.582688 0.812696 0
    outer loop
      vertex 188.547 117.314 0.5
      vertex 188.706 117.428 0.27
      vertex 188.547 117.314 0.27
    endloop
  endfacet
  facet normal -0.686474 -0.727154 0
    outer loop
      vertex 188.858 122.064 0.27
      vertex 189.001 121.929 0.5
      vertex 188.858 122.064 0.5
    endloop
  endfacet
  facet normal -0.686474 -0.727154 -0
    outer loop
      vertex 189.001 121.929 0.5
      vertex 188.858 122.064 0.27
      vertex 189.001 121.929 0.27
    endloop
  endfacet
  facet normal 0.632127 -0.774865 0
    outer loop
      vertex 184.902 122.064 0.27
      vertex 185.054 122.188 0.5
      vertex 184.902 122.064 0.5
    endloop
  endfacet
  facet normal 0.632127 -0.774865 0
    outer loop
      vertex 185.054 122.188 0.5
      vertex 184.902 122.064 0.27
      vertex 185.054 122.188 0.27
    endloop
  endfacet
  facet normal -0.224487 0.974477 0
    outer loop
      vertex 187.656 116.91 0.27
      vertex 187.465 116.866 0.5
      vertex 187.656 116.91 0.5
    endloop
  endfacet
  facet normal -0.224487 0.974477 0
    outer loop
      vertex 187.465 116.866 0.5
      vertex 187.656 116.91 0.27
      vertex 187.465 116.866 0.27
    endloop
  endfacet
  facet normal -0.936329 -0.351123 0
    outer loop
      vertex 189.721 120.772 0.27
      vertex 189.652 120.956 0.5
      vertex 189.652 120.956 0.27
    endloop
  endfacet
  facet normal -0.936329 -0.351123 0
    outer loop
      vertex 189.652 120.956 0.5
      vertex 189.721 120.772 0.27
      vertex 189.721 120.772 0.5
    endloop
  endfacet
  facet normal -0.848854 -0.528628 0
    outer loop
      vertex 189.478 121.308 0.27
      vertex 189.374 121.475 0.5
      vertex 189.374 121.475 0.27
    endloop
  endfacet
  facet normal -0.848854 -0.528628 0
    outer loop
      vertex 189.374 121.475 0.5
      vertex 189.478 121.308 0.27
      vertex 189.478 121.308 0.5
    endloop
  endfacet
  facet normal -0.0305979 -0.999532 0
    outer loop
      vertex 186.88 122.808 0.27
      vertex 187.076 122.802 0.5
      vertex 186.88 122.808 0.5
    endloop
  endfacet
  facet normal -0.0305979 -0.999532 -0
    outer loop
      vertex 187.076 122.802 0.5
      vertex 186.88 122.808 0.27
      vertex 187.076 122.802 0.27
    endloop
  endfacet
  facet normal 0.351123 -0.936329 0
    outer loop
      vertex 185.732 122.58 0.27
      vertex 185.916 122.649 0.5
      vertex 185.732 122.58 0.5
    endloop
  endfacet
  facet normal 0.351123 -0.936329 0
    outer loop
      vertex 185.916 122.649 0.5
      vertex 185.732 122.58 0.27
      vertex 185.916 122.649 0.27
    endloop
  endfacet
  facet normal 0.848854 -0.528628 0
    outer loop
      vertex 184.282 121.308 0.5
      vertex 184.386 121.475 0.27
      vertex 184.386 121.475 0.5
    endloop
  endfacet
  facet normal 0.848854 -0.528628 0
    outer loop
      vertex 184.386 121.475 0.27
      vertex 184.282 121.308 0.5
      vertex 184.282 121.308 0.27
    endloop
  endfacet
  facet normal -0.582688 -0.812696 0
    outer loop
      vertex 188.547 122.302 0.27
      vertex 188.706 122.188 0.5
      vertex 188.547 122.302 0.5
    endloop
  endfacet
  facet normal -0.582688 -0.812696 -0
    outer loop
      vertex 188.706 122.188 0.5
      vertex 188.547 122.302 0.27
      vertex 188.706 122.188 0.27
    endloop
  endfacet
  facet normal -0.956982 -0.290149 0
    outer loop
      vertex 189.778 120.584 0.27
      vertex 189.721 120.772 0.5
      vertex 189.721 120.772 0.27
    endloop
  endfacet
  facet normal -0.956982 -0.290149 0
    outer loop
      vertex 189.721 120.772 0.5
      vertex 189.778 120.584 0.27
      vertex 189.778 120.584 0.5
    endloop
  endfacet
  facet normal 0.994834 0.101514 0
    outer loop
      vertex 183.906 119.416 0.5
      vertex 183.886 119.612 0.27
      vertex 183.886 119.612 0.5
    endloop
  endfacet
  facet normal 0.994834 0.101514 0
    outer loop
      vertex 183.886 119.612 0.27
      vertex 183.906 119.416 0.5
      vertex 183.906 119.416 0.27
    endloop
  endfacet
  facet normal -0.936329 0.351123 0
    outer loop
      vertex 189.652 118.66 0.27
      vertex 189.721 118.844 0.5
      vertex 189.721 118.844 0.27
    endloop
  endfacet
  facet normal -0.936329 0.351123 0
    outer loop
      vertex 189.721 118.844 0.5
      vertex 189.652 118.66 0.27
      vertex 189.652 118.66 0.5
    endloop
  endfacet
  facet normal -0.351123 0.936329 0
    outer loop
      vertex 188.028 117.036 0.27
      vertex 187.844 116.967 0.5
      vertex 188.028 117.036 0.5
    endloop
  endfacet
  facet normal -0.351123 0.936329 0
    outer loop
      vertex 187.844 116.967 0.5
      vertex 188.028 117.036 0.27
      vertex 187.844 116.967 0.27
    endloop
  endfacet
  facet normal 0.473492 -0.880798 0
    outer loop
      vertex 185.38 122.406 0.27
      vertex 185.553 122.499 0.5
      vertex 185.38 122.406 0.5
    endloop
  endfacet
  facet normal 0.473492 -0.880798 0
    outer loop
      vertex 185.553 122.499 0.5
      vertex 185.38 122.406 0.27
      vertex 185.553 122.499 0.27
    endloop
  endfacet
  facet normal 0.290149 -0.956982 0
    outer loop
      vertex 185.916 122.649 0.27
      vertex 186.104 122.706 0.5
      vertex 185.916 122.649 0.5
    endloop
  endfacet
  facet normal 0.290149 -0.956982 0
    outer loop
      vertex 186.104 122.706 0.5
      vertex 185.916 122.649 0.27
      vertex 186.104 122.706 0.27
    endloop
  endfacet
  facet normal -0.994834 0.101514 0
    outer loop
      vertex 189.854 119.416 0.27
      vertex 189.874 119.612 0.5
      vertex 189.874 119.612 0.27
    endloop
  endfacet
  facet normal -0.994834 0.101514 0
    outer loop
      vertex 189.874 119.612 0.5
      vertex 189.854 119.416 0.27
      vertex 189.854 119.416 0.5
    endloop
  endfacet
  facet normal -0.16357 0.986532 0
    outer loop
      vertex 187.465 116.866 0.27
      vertex 187.272 116.834 0.5
      vertex 187.465 116.866 0.5
    endloop
  endfacet
  facet normal -0.16357 0.986532 0
    outer loop
      vertex 187.272 116.834 0.5
      vertex 187.465 116.866 0.27
      vertex 187.272 116.834 0.27
    endloop
  endfacet
  facet normal -0.632127 -0.774865 0
    outer loop
      vertex 188.706 122.188 0.27
      vertex 188.858 122.064 0.5
      vertex 188.706 122.188 0.5
    endloop
  endfacet
  facet normal -0.632127 -0.774865 -0
    outer loop
      vertex 188.858 122.064 0.5
      vertex 188.706 122.188 0.27
      vertex 188.858 122.064 0.27
    endloop
  endfacet
  facet normal 0.412268 -0.911062 0
    outer loop
      vertex 185.553 122.499 0.27
      vertex 185.732 122.58 0.5
      vertex 185.553 122.499 0.5
    endloop
  endfacet
  facet normal 0.412268 -0.911062 0
    outer loop
      vertex 185.732 122.58 0.5
      vertex 185.553 122.499 0.27
      vertex 185.732 122.58 0.27
    endloop
  endfacet
  facet normal 0.473492 0.880798 -0
    outer loop
      vertex 185.553 117.117 0.27
      vertex 185.38 117.21 0.5
      vertex 185.553 117.117 0.5
    endloop
  endfacet
  facet normal 0.473492 0.880798 0
    outer loop
      vertex 185.38 117.21 0.5
      vertex 185.553 117.117 0.27
      vertex 185.38 117.21 0.27
    endloop
  endfacet
  facet normal 0.727154 0.686474 0
    outer loop
      vertex 184.759 117.687 0.5
      vertex 184.624 117.83 0.27
      vertex 184.624 117.83 0.5
    endloop
  endfacet
  facet normal 0.727154 0.686474 0
    outer loop
      vertex 184.624 117.83 0.27
      vertex 184.759 117.687 0.5
      vertex 184.759 117.687 0.27
    endloop
  endfacet
  facet normal 0.999532 0.0305979 0
    outer loop
      vertex 183.886 119.612 0.5
      vertex 183.88 119.808 0.27
      vertex 183.88 119.808 0.5
    endloop
  endfacet
  facet normal 0.999532 0.0305979 0
    outer loop
      vertex 183.88 119.808 0.27
      vertex 183.886 119.612 0.5
      vertex 183.886 119.612 0.27
    endloop
  endfacet
  facet normal 0.686474 0.727154 -0
    outer loop
      vertex 184.902 117.552 0.27
      vertex 184.759 117.687 0.5
      vertex 184.902 117.552 0.5
    endloop
  endfacet
  facet normal 0.686474 0.727154 0
    outer loop
      vertex 184.759 117.687 0.5
      vertex 184.902 117.552 0.27
      vertex 184.759 117.687 0.27
    endloop
  endfacet
  facet normal 0.911062 -0.412268 0
    outer loop
      vertex 184.108 120.956 0.5
      vertex 184.189 121.135 0.27
      vertex 184.189 121.135 0.5
    endloop
  endfacet
  facet normal 0.911062 -0.412268 0
    outer loop
      vertex 184.189 121.135 0.27
      vertex 184.108 120.956 0.5
      vertex 184.108 120.956 0.27
    endloop
  endfacet
  facet normal -0.848854 0.528628 0
    outer loop
      vertex 189.374 118.141 0.27
      vertex 189.478 118.308 0.5
      vertex 189.478 118.308 0.27
    endloop
  endfacet
  facet normal -0.848854 0.528628 0
    outer loop
      vertex 189.478 118.308 0.5
      vertex 189.374 118.141 0.27
      vertex 189.374 118.141 0.5
    endloop
  endfacet
  facet normal 0.812696 0.582688 0
    outer loop
      vertex 184.5 117.982 0.5
      vertex 184.386 118.141 0.27
      vertex 184.386 118.141 0.5
    endloop
  endfacet
  facet normal 0.812696 0.582688 0
    outer loop
      vertex 184.386 118.141 0.27
      vertex 184.5 117.982 0.5
      vertex 184.5 117.982 0.27
    endloop
  endfacet
  facet normal 0.101514 0.994834 -0
    outer loop
      vertex 186.684 116.814 0.27
      vertex 186.488 116.834 0.5
      vertex 186.684 116.814 0.5
    endloop
  endfacet
  facet normal 0.101514 0.994834 0
    outer loop
      vertex 186.488 116.834 0.5
      vertex 186.684 116.814 0.27
      vertex 186.488 116.834 0.27
    endloop
  endfacet
  facet normal -0.686474 0.727154 0
    outer loop
      vertex 189.001 117.687 0.27
      vertex 188.858 117.552 0.5
      vertex 189.001 117.687 0.5
    endloop
  endfacet
  facet normal -0.686474 0.727154 0
    outer loop
      vertex 188.858 117.552 0.5
      vertex 189.001 117.687 0.27
      vertex 188.858 117.552 0.27
    endloop
  endfacet
  facet normal -0.351123 -0.936329 0
    outer loop
      vertex 187.844 122.649 0.27
      vertex 188.028 122.58 0.5
      vertex 187.844 122.649 0.5
    endloop
  endfacet
  facet normal -0.351123 -0.936329 -0
    outer loop
      vertex 188.028 122.58 0.5
      vertex 187.844 122.649 0.27
      vertex 188.028 122.58 0.27
    endloop
  endfacet
  facet normal -0.16357 -0.986532 0
    outer loop
      vertex 187.272 122.782 0.27
      vertex 187.465 122.75 0.5
      vertex 187.272 122.782 0.5
    endloop
  endfacet
  facet normal -0.16357 -0.986532 -0
    outer loop
      vertex 187.465 122.75 0.5
      vertex 187.272 122.782 0.27
      vertex 187.465 122.75 0.27
    endloop
  endfacet
  facet normal -0.224487 -0.974477 0
    outer loop
      vertex 187.465 122.75 0.27
      vertex 187.656 122.706 0.5
      vertex 187.465 122.75 0.5
    endloop
  endfacet
  facet normal -0.224487 -0.974477 -0
    outer loop
      vertex 187.656 122.706 0.5
      vertex 187.465 122.75 0.27
      vertex 187.656 122.706 0.27
    endloop
  endfacet
  facet normal -0.412268 0.911062 0
    outer loop
      vertex 188.207 117.117 0.27
      vertex 188.028 117.036 0.5
      vertex 188.207 117.117 0.5
    endloop
  endfacet
  facet normal -0.412268 0.911062 0
    outer loop
      vertex 188.028 117.036 0.5
      vertex 188.207 117.117 0.27
      vertex 188.028 117.036 0.27
    endloop
  endfacet
  facet normal -0.290149 0.956982 0
    outer loop
      vertex 187.844 116.967 0.27
      vertex 187.656 116.91 0.5
      vertex 187.844 116.967 0.5
    endloop
  endfacet
  facet normal -0.290149 0.956982 0
    outer loop
      vertex 187.656 116.91 0.5
      vertex 187.844 116.967 0.27
      vertex 187.656 116.91 0.27
    endloop
  endfacet
  facet normal 0.412268 0.911062 -0
    outer loop
      vertex 185.732 117.036 0.27
      vertex 185.553 117.117 0.5
      vertex 185.732 117.036 0.5
    endloop
  endfacet
  facet normal 0.412268 0.911062 0
    outer loop
      vertex 185.553 117.117 0.5
      vertex 185.732 117.036 0.27
      vertex 185.553 117.117 0.27
    endloop
  endfacet
  facet normal -0.101514 -0.994834 0
    outer loop
      vertex 187.076 122.802 0.27
      vertex 187.272 122.782 0.5
      vertex 187.076 122.802 0.5
    endloop
  endfacet
  facet normal -0.101514 -0.994834 -0
    outer loop
      vertex 187.272 122.782 0.5
      vertex 187.076 122.802 0.27
      vertex 187.272 122.782 0.27
    endloop
  endfacet
  facet normal 0.774865 -0.632127 0
    outer loop
      vertex 184.5 121.634 0.5
      vertex 184.624 121.786 0.27
      vertex 184.624 121.786 0.5
    endloop
  endfacet
  facet normal 0.774865 -0.632127 0
    outer loop
      vertex 184.624 121.786 0.27
      vertex 184.5 121.634 0.5
      vertex 184.5 121.634 0.27
    endloop
  endfacet
  facet normal 0.582688 -0.812696 0
    outer loop
      vertex 185.054 122.188 0.27
      vertex 185.213 122.302 0.5
      vertex 185.054 122.188 0.5
    endloop
  endfacet
  facet normal 0.582688 -0.812696 0
    outer loop
      vertex 185.213 122.302 0.5
      vertex 185.054 122.188 0.27
      vertex 185.213 122.302 0.27
    endloop
  endfacet
  facet normal 0.0305979 0.999532 -0
    outer loop
      vertex 186.88 116.808 0.27
      vertex 186.684 116.814 0.5
      vertex 186.88 116.808 0.5
    endloop
  endfacet
  facet normal 0.0305979 0.999532 0
    outer loop
      vertex 186.684 116.814 0.5
      vertex 186.88 116.808 0.27
      vertex 186.684 116.814 0.27
    endloop
  endfacet
  facet normal 0.351123 0.936329 -0
    outer loop
      vertex 185.916 116.967 0.27
      vertex 185.732 117.036 0.5
      vertex 185.916 116.967 0.5
    endloop
  endfacet
  facet normal 0.351123 0.936329 0
    outer loop
      vertex 185.732 117.036 0.5
      vertex 185.916 116.967 0.27
      vertex 185.732 117.036 0.27
    endloop
  endfacet
  facet normal 0.290149 0.956982 -0
    outer loop
      vertex 186.104 116.91 0.27
      vertex 185.916 116.967 0.5
      vertex 186.104 116.91 0.5
    endloop
  endfacet
  facet normal 0.290149 0.956982 0
    outer loop
      vertex 185.916 116.967 0.5
      vertex 186.104 116.91 0.27
      vertex 185.916 116.967 0.27
    endloop
  endfacet
  facet normal -0.880798 0.473492 0
    outer loop
      vertex 189.478 118.308 0.27
      vertex 189.571 118.481 0.5
      vertex 189.571 118.481 0.27
    endloop
  endfacet
  facet normal -0.880798 0.473492 0
    outer loop
      vertex 189.571 118.481 0.5
      vertex 189.478 118.308 0.27
      vertex 189.478 118.308 0.5
    endloop
  endfacet
  facet normal -0.911062 -0.412268 0
    outer loop
      vertex 189.652 120.956 0.27
      vertex 189.571 121.135 0.5
      vertex 189.571 121.135 0.27
    endloop
  endfacet
  facet normal -0.911062 -0.412268 0
    outer loop
      vertex 189.571 121.135 0.5
      vertex 189.652 120.956 0.27
      vertex 189.652 120.956 0.5
    endloop
  endfacet
  facet normal 0.936329 0.351123 0
    outer loop
      vertex 184.108 118.66 0.5
      vertex 184.039 118.844 0.27
      vertex 184.039 118.844 0.5
    endloop
  endfacet
  facet normal 0.936329 0.351123 0
    outer loop
      vertex 184.039 118.844 0.27
      vertex 184.108 118.66 0.5
      vertex 184.108 118.66 0.27
    endloop
  endfacet
  facet normal -0.727154 -0.686474 0
    outer loop
      vertex 189.136 121.786 0.27
      vertex 189.001 121.929 0.5
      vertex 189.001 121.929 0.27
    endloop
  endfacet
  facet normal -0.727154 -0.686474 0
    outer loop
      vertex 189.001 121.929 0.5
      vertex 189.136 121.786 0.27
      vertex 189.136 121.786 0.5
    endloop
  endfacet
  facet normal 0.101514 -0.994834 0
    outer loop
      vertex 186.488 122.782 0.27
      vertex 186.684 122.802 0.5
      vertex 186.488 122.782 0.5
    endloop
  endfacet
  facet normal 0.101514 -0.994834 0
    outer loop
      vertex 186.684 122.802 0.5
      vertex 186.488 122.782 0.27
      vertex 186.684 122.802 0.27
    endloop
  endfacet
  facet normal 0.986532 -0.16357 0
    outer loop
      vertex 183.906 120.2 0.5
      vertex 183.938 120.393 0.27
      vertex 183.938 120.393 0.5
    endloop
  endfacet
  facet normal 0.986532 -0.16357 0
    outer loop
      vertex 183.938 120.393 0.27
      vertex 183.906 120.2 0.5
      vertex 183.906 120.2 0.27
    endloop
  endfacet
  facet normal -0.956982 0.290149 0
    outer loop
      vertex 189.721 118.844 0.27
      vertex 189.778 119.032 0.5
      vertex 189.778 119.032 0.27
    endloop
  endfacet
  facet normal -0.956982 0.290149 0
    outer loop
      vertex 189.778 119.032 0.5
      vertex 189.721 118.844 0.27
      vertex 189.721 118.844 0.5
    endloop
  endfacet
  facet normal -0.632127 0.774865 0
    outer loop
      vertex 188.858 117.552 0.27
      vertex 188.706 117.428 0.5
      vertex 188.858 117.552 0.5
    endloop
  endfacet
  facet normal -0.632127 0.774865 0
    outer loop
      vertex 188.706 117.428 0.5
      vertex 188.858 117.552 0.27
      vertex 188.706 117.428 0.27
    endloop
  endfacet
  facet normal -0.774865 -0.632127 0
    outer loop
      vertex 189.26 121.634 0.27
      vertex 189.136 121.786 0.5
      vertex 189.136 121.786 0.27
    endloop
  endfacet
  facet normal -0.774865 -0.632127 0
    outer loop
      vertex 189.136 121.786 0.5
      vertex 189.26 121.634 0.27
      vertex 189.26 121.634 0.5
    endloop
  endfacet
  facet normal 0.994834 -0.101514 0
    outer loop
      vertex 183.886 120.004 0.5
      vertex 183.906 120.2 0.27
      vertex 183.906 120.2 0.5
    endloop
  endfacet
  facet normal 0.994834 -0.101514 0
    outer loop
      vertex 183.906 120.2 0.27
      vertex 183.886 120.004 0.5
      vertex 183.886 120.004 0.27
    endloop
  endfacet
  facet normal 0.582688 0.812696 -0
    outer loop
      vertex 185.213 117.314 0.27
      vertex 185.054 117.428 0.5
      vertex 185.213 117.314 0.5
    endloop
  endfacet
  facet normal 0.582688 0.812696 0
    outer loop
      vertex 185.054 117.428 0.5
      vertex 185.213 117.314 0.27
      vertex 185.054 117.428 0.27
    endloop
  endfacet
  facet normal 0.0305979 -0.999532 0
    outer loop
      vertex 186.684 122.802 0.27
      vertex 186.88 122.808 0.5
      vertex 186.684 122.802 0.5
    endloop
  endfacet
  facet normal 0.0305979 -0.999532 0
    outer loop
      vertex 186.88 122.808 0.5
      vertex 186.684 122.802 0.27
      vertex 186.88 122.808 0.27
    endloop
  endfacet
  facet normal 0.880798 0.473492 0
    outer loop
      vertex 184.282 118.308 0.5
      vertex 184.189 118.481 0.27
      vertex 184.189 118.481 0.5
    endloop
  endfacet
  facet normal 0.880798 0.473492 0
    outer loop
      vertex 184.189 118.481 0.27
      vertex 184.282 118.308 0.5
      vertex 184.282 118.308 0.27
    endloop
  endfacet
  facet normal 0.812696 -0.582688 0
    outer loop
      vertex 184.386 121.475 0.5
      vertex 184.5 121.634 0.27
      vertex 184.5 121.634 0.5
    endloop
  endfacet
  facet normal 0.812696 -0.582688 0
    outer loop
      vertex 184.5 121.634 0.27
      vertex 184.386 121.475 0.5
      vertex 184.386 121.475 0.27
    endloop
  endfacet
  facet normal 0.999532 -0.0305979 0
    outer loop
      vertex 183.88 119.808 0.5
      vertex 183.886 120.004 0.27
      vertex 183.886 120.004 0.5
    endloop
  endfacet
  facet normal 0.999532 -0.0305979 0
    outer loop
      vertex 183.886 120.004 0.27
      vertex 183.88 119.808 0.5
      vertex 183.88 119.808 0.27
    endloop
  endfacet
  facet normal 0.986532 0.16357 0
    outer loop
      vertex 183.938 119.223 0.5
      vertex 183.906 119.416 0.27
      vertex 183.906 119.416 0.5
    endloop
  endfacet
  facet normal 0.986532 0.16357 0
    outer loop
      vertex 183.906 119.416 0.27
      vertex 183.938 119.223 0.5
      vertex 183.938 119.223 0.27
    endloop
  endfacet
  facet normal 0.956982 0.290149 0
    outer loop
      vertex 184.039 118.844 0.5
      vertex 183.982 119.032 0.27
      vertex 183.982 119.032 0.5
    endloop
  endfacet
  facet normal 0.956982 0.290149 0
    outer loop
      vertex 183.982 119.032 0.27
      vertex 184.039 118.844 0.5
      vertex 184.039 118.844 0.27
    endloop
  endfacet
  facet normal 0.686474 -0.727154 0
    outer loop
      vertex 184.759 121.929 0.27
      vertex 184.902 122.064 0.5
      vertex 184.759 121.929 0.5
    endloop
  endfacet
  facet normal 0.686474 -0.727154 0
    outer loop
      vertex 184.902 122.064 0.5
      vertex 184.759 121.929 0.27
      vertex 184.902 122.064 0.27
    endloop
  endfacet
  facet normal 0.528628 0.848854 -0
    outer loop
      vertex 185.38 117.21 0.27
      vertex 185.213 117.314 0.5
      vertex 185.38 117.21 0.5
    endloop
  endfacet
  facet normal 0.528628 0.848854 0
    outer loop
      vertex 185.213 117.314 0.5
      vertex 185.38 117.21 0.27
      vertex 185.213 117.314 0.27
    endloop
  endfacet
  facet normal -0.774865 0.632127 0
    outer loop
      vertex 189.136 117.83 0.27
      vertex 189.26 117.982 0.5
      vertex 189.26 117.982 0.27
    endloop
  endfacet
  facet normal -0.774865 0.632127 0
    outer loop
      vertex 189.26 117.982 0.5
      vertex 189.136 117.83 0.27
      vertex 189.136 117.83 0.5
    endloop
  endfacet
  facet normal -0.812696 0.582688 0
    outer loop
      vertex 189.26 117.982 0.27
      vertex 189.374 118.141 0.5
      vertex 189.374 118.141 0.27
    endloop
  endfacet
  facet normal -0.812696 0.582688 0
    outer loop
      vertex 189.374 118.141 0.5
      vertex 189.26 117.982 0.27
      vertex 189.26 117.982 0.5
    endloop
  endfacet
  facet normal 0.224487 0.974477 -0
    outer loop
      vertex 186.295 116.866 0.27
      vertex 186.104 116.91 0.5
      vertex 186.295 116.866 0.5
    endloop
  endfacet
  facet normal 0.224487 0.974477 0
    outer loop
      vertex 186.104 116.91 0.5
      vertex 186.295 116.866 0.27
      vertex 186.104 116.91 0.27
    endloop
  endfacet
  facet normal -0.290149 -0.956982 0
    outer loop
      vertex 187.656 122.706 0.27
      vertex 187.844 122.649 0.5
      vertex 187.656 122.706 0.5
    endloop
  endfacet
  facet normal -0.290149 -0.956982 -0
    outer loop
      vertex 187.844 122.649 0.5
      vertex 187.656 122.706 0.27
      vertex 187.844 122.649 0.27
    endloop
  endfacet
  facet normal 0.632127 0.774865 -0
    outer loop
      vertex 185.054 117.428 0.27
      vertex 184.902 117.552 0.5
      vertex 185.054 117.428 0.5
    endloop
  endfacet
  facet normal 0.632127 0.774865 0
    outer loop
      vertex 184.902 117.552 0.5
      vertex 185.054 117.428 0.27
      vertex 184.902 117.552 0.27
    endloop
  endfacet
  facet normal 0.911062 0.412268 0
    outer loop
      vertex 184.189 118.481 0.5
      vertex 184.108 118.66 0.27
      vertex 184.108 118.66 0.5
    endloop
  endfacet
  facet normal 0.911062 0.412268 0
    outer loop
      vertex 184.108 118.66 0.27
      vertex 184.189 118.481 0.5
      vertex 184.189 118.481 0.27
    endloop
  endfacet
  facet normal 0 0 -1
    outer loop
      vertex 189.874 119.612 0.5
      vertex 189.874 120.004 0.5
      vertex 189.88 119.808 0.5
    endloop
  endfacet
  facet normal 0 0 -1
    outer loop
      vertex 189.854 119.416 0.5
      vertex 189.874 120.004 0.5
      vertex 189.874 119.612 0.5
    endloop
  endfacet
  facet normal 0 0 -1
    outer loop
      vertex 189.854 119.416 0.5
      vertex 189.854 120.2 0.5
      vertex 189.874 120.004 0.5
    endloop
  endfacet
  facet normal 0 0 -1
    outer loop
      vertex 189.822 119.223 0.5
      vertex 189.854 120.2 0.5
      vertex 189.854 119.416 0.5
    endloop
  endfacet
  facet normal 0 0 -1
    outer loop
      vertex 189.822 119.223 0.5
      vertex 189.822 120.393 0.5
      vertex 189.854 120.2 0.5
    endloop
  endfacet
  facet normal 0 0 -1
    outer loop
      vertex 189.778 119.032 0.5
      vertex 189.822 120.393 0.5
      vertex 189.822 119.223 0.5
    endloop
  endfacet
  facet normal 0 0 -1
    outer loop
      vertex 189.778 119.032 0.5
      vertex 189.778 120.584 0.5
      vertex 189.822 120.393 0.5
    endloop
  endfacet
  facet normal 0 0 -1
    outer loop
      vertex 189.721 118.844 0.5
      vertex 189.778 120.584 0.5
      vertex 189.778 119.032 0.5
    endloop
  endfacet
  facet normal 0 0 -1
    outer loop
      vertex 189.721 118.844 0.5
      vertex 189.721 120.772 0.5
      vertex 189.778 120.584 0.5
    endloop
  endfacet
  facet normal 0 0 -1
    outer loop
      vertex 189.652 118.66 0.5
      vertex 189.721 120.772 0.5
      vertex 189.721 118.844 0.5
    endloop
  endfacet
  facet normal 0 0 -1
    outer loop
      vertex 189.652 118.66 0.5
      vertex 189.652 120.956 0.5
      vertex 189.721 120.772 0.5
    endloop
  endfacet
  facet normal 0 0 -1
    outer loop
      vertex 189.571 118.481 0.5
      vertex 189.652 120.956 0.5
      vertex 189.652 118.66 0.5
    endloop
  endfacet
  facet normal 0 0 -1
    outer loop
      vertex 189.571 118.481 0.5
      vertex 189.571 121.135 0.5
      vertex 189.652 120.956 0.5
    endloop
  endfacet
  facet normal 0 0 -1
    outer loop
      vertex 189.478 118.308 0.5
      vertex 189.571 121.135 0.5
      vertex 189.571 118.481 0.5
    endloop
  endfacet
  facet normal 0 0 -1
    outer loop
      vertex 189.478 118.308 0.5
      vertex 189.478 121.308 0.5
      vertex 189.571 121.135 0.5
    endloop
  endfacet
  facet normal 0 0 -1
    outer loop
      vertex 189.374 118.141 0.5
      vertex 189.478 121.308 0.5
      vertex 189.478 118.308 0.5
    endloop
  endfacet
  facet normal 0 0 -1
    outer loop
      vertex 189.374 118.141 0.5
      vertex 189.374 121.475 0.5
      vertex 189.478 121.308 0.5
    endloop
  endfacet
  facet normal 0 0 -1
    outer loop
      vertex 189.26 117.982 0.5
      vertex 189.374 121.475 0.5
      vertex 189.374 118.141 0.5
    endloop
  endfacet
  facet normal 0 0 -1
    outer loop
      vertex 189.26 117.982 0.5
      vertex 189.26 121.634 0.5
      vertex 189.374 121.475 0.5
    endloop
  endfacet
  facet normal 0 0 -1
    outer loop
      vertex 189.136 117.83 0.5
      vertex 189.26 121.634 0.5
      vertex 189.26 117.982 0.5
    endloop
  endfacet
  facet normal 0 0 -1
    outer loop
      vertex 189.136 117.83 0.5
      vertex 189.136 121.786 0.5
      vertex 189.26 121.634 0.5
    endloop
  endfacet
  facet normal 0 0 -1
    outer loop
      vertex 189.001 117.687 0.5
      vertex 189.136 121.786 0.5
      vertex 189.136 117.83 0.5
    endloop
  endfacet
  facet normal 0 0 -1
    outer loop
      vertex 189.001 117.687 0.5
      vertex 189.001 121.929 0.5
      vertex 189.136 121.786 0.5
    endloop
  endfacet
  facet normal 0 0 -1
    outer loop
      vertex 188.858 117.552 0.5
      vertex 189.001 121.929 0.5
      vertex 189.001 117.687 0.5
    endloop
  endfacet
  facet normal 0 0 -1
    outer loop
      vertex 188.858 117.552 0.5
      vertex 188.858 122.064 0.5
      vertex 189.001 121.929 0.5
    endloop
  endfacet
  facet normal 0 0 -1
    outer loop
      vertex 188.706 117.428 0.5
      vertex 188.858 122.064 0.5
      vertex 188.858 117.552 0.5
    endloop
  endfacet
  facet normal 0 0 -1
    outer loop
      vertex 188.706 117.428 0.5
      vertex 188.706 122.188 0.5
      vertex 188.858 122.064 0.5
    endloop
  endfacet
  facet normal 0 0 -1
    outer loop
      vertex 188.547 117.314 0.5
      vertex 188.706 122.188 0.5
      vertex 188.706 117.428 0.5
    endloop
  endfacet
  facet normal 0 0 -1
    outer loop
      vertex 188.547 117.314 0.5
      vertex 188.547 122.302 0.5
      vertex 188.706 122.188 0.5
    endloop
  endfacet
  facet normal 0 0 -1
    outer loop
      vertex 188.38 117.21 0.5
      vertex 188.547 122.302 0.5
      vertex 188.547 117.314 0.5
    endloop
  endfacet
  facet normal 0 0 -1
    outer loop
      vertex 188.38 117.21 0.5
      vertex 188.38 122.406 0.5
      vertex 188.547 122.302 0.5
    endloop
  endfacet
  facet normal 0 0 -1
    outer loop
      vertex 188.207 117.117 0.5
      vertex 188.38 122.406 0.5
      vertex 188.38 117.21 0.5
    endloop
  endfacet
  facet normal 0 0 -1
    outer loop
      vertex 188.207 117.117 0.5
      vertex 188.207 122.499 0.5
      vertex 188.38 122.406 0.5
    endloop
  endfacet
  facet normal 0 0 -1
    outer loop
      vertex 188.028 117.036 0.5
      vertex 188.207 122.499 0.5
      vertex 188.207 117.117 0.5
    endloop
  endfacet
  facet normal 0 0 -1
    outer loop
      vertex 188.028 117.036 0.5
      vertex 188.028 122.58 0.5
      vertex 188.207 122.499 0.5
    endloop
  endfacet
  facet normal 0 0 -1
    outer loop
      vertex 187.844 116.967 0.5
      vertex 188.028 122.58 0.5
      vertex 188.028 117.036 0.5
    endloop
  endfacet
  facet normal 0 0 -1
    outer loop
      vertex 187.844 116.967 0.5
      vertex 187.844 122.649 0.5
      vertex 188.028 122.58 0.5
    endloop
  endfacet
  facet normal 0 0 -1
    outer loop
      vertex 187.656 116.91 0.5
      vertex 187.844 122.649 0.5
      vertex 187.844 116.967 0.5
    endloop
  endfacet
  facet normal 0 0 -1
    outer loop
      vertex 187.656 116.91 0.5
      vertex 187.656 122.706 0.5
      vertex 187.844 122.649 0.5
    endloop
  endfacet
  facet normal 0 0 -1
    outer loop
      vertex 187.465 116.866 0.5
      vertex 187.656 122.706 0.5
      vertex 187.656 116.91 0.5
    endloop
  endfacet
  facet normal 0 0 -1
    outer loop
      vertex 187.465 116.866 0.5
      vertex 187.465 122.75 0.5
      vertex 187.656 122.706 0.5
    endloop
  endfacet
  facet normal 0 0 -1
    outer loop
      vertex 187.272 116.834 0.5
      vertex 187.465 122.75 0.5
      vertex 187.465 116.866 0.5
    endloop
  endfacet
  facet normal 0 0 -1
    outer loop
      vertex 187.272 116.834 0.5
      vertex 187.272 122.782 0.5
      vertex 187.465 122.75 0.5
    endloop
  endfacet
  facet normal 0 0 -1
    outer loop
      vertex 187.076 116.814 0.5
      vertex 187.272 122.782 0.5
      vertex 187.272 116.834 0.5
    endloop
  endfacet
  facet normal 0 0 -1
    outer loop
      vertex 187.076 116.814 0.5
      vertex 187.076 122.802 0.5
      vertex 187.272 122.782 0.5
    endloop
  endfacet
  facet normal 0 0 -1
    outer loop
      vertex 186.88 116.808 0.5
      vertex 187.076 122.802 0.5
      vertex 187.076 116.814 0.5
    endloop
  endfacet
  facet normal 0 0 -1
    outer loop
      vertex 186.88 116.808 0.5
      vertex 186.88 122.808 0.5
      vertex 187.076 122.802 0.5
    endloop
  endfacet
  facet normal 0 0 -1
    outer loop
      vertex 186.684 116.814 0.5
      vertex 186.88 122.808 0.5
      vertex 186.88 116.808 0.5
    endloop
  endfacet
  facet normal 0 0 -1
    outer loop
      vertex 186.684 116.814 0.5
      vertex 186.684 122.802 0.5
      vertex 186.88 122.808 0.5
    endloop
  endfacet
  facet normal 0 0 -1
    outer loop
      vertex 186.488 116.834 0.5
      vertex 186.684 122.802 0.5
      vertex 186.684 116.814 0.5
    endloop
  endfacet
  facet normal 0 0 -1
    outer loop
      vertex 186.488 116.834 0.5
      vertex 186.488 122.782 0.5
      vertex 186.684 122.802 0.5
    endloop
  endfacet
  facet normal 0 0 -1
    outer loop
      vertex 186.295 116.866 0.5
      vertex 186.488 122.782 0.5
      vertex 186.488 116.834 0.5
    endloop
  endfacet
  facet normal 0 0 -1
    outer loop
      vertex 186.295 116.866 0.5
      vertex 186.295 122.75 0.5
      vertex 186.488 122.782 0.5
    endloop
  endfacet
  facet normal 0 0 -1
    outer loop
      vertex 186.104 116.91 0.5
      vertex 186.295 122.75 0.5
      vertex 186.295 116.866 0.5
    endloop
  endfacet
  facet normal 0 0 -1
    outer loop
      vertex 186.104 116.91 0.5
      vertex 186.104 122.706 0.5
      vertex 186.295 122.75 0.5
    endloop
  endfacet
  facet normal 0 0 -1
    outer loop
      vertex 185.916 116.967 0.5
      vertex 186.104 122.706 0.5
      vertex 186.104 116.91 0.5
    endloop
  endfacet
  facet normal 0 0 -1
    outer loop
      vertex 185.916 116.967 0.5
      vertex 185.916 122.649 0.5
      vertex 186.104 122.706 0.5
    endloop
  endfacet
  facet normal 0 0 -1
    outer loop
      vertex 185.732 117.036 0.5
      vertex 185.916 122.649 0.5
      vertex 185.916 116.967 0.5
    endloop
  endfacet
  facet normal 0 0 -1
    outer loop
      vertex 185.732 117.036 0.5
      vertex 185.732 122.58 0.5
      vertex 185.916 122.649 0.5
    endloop
  endfacet
  facet normal 0 0 -1
    outer loop
      vertex 185.553 117.117 0.5
      vertex 185.732 122.58 0.5
      vertex 185.732 117.036 0.5
    endloop
  endfacet
  facet normal 0 0 -1
    outer loop
      vertex 185.553 117.117 0.5
      vertex 185.553 122.499 0.5
      vertex 185.732 122.58 0.5
    endloop
  endfacet
  facet normal 0 0 -1
    outer loop
      vertex 185.38 117.21 0.5
      vertex 185.553 122.499 0.5
      vertex 185.553 117.117 0.5
    endloop
  endfacet
  facet normal 0 0 -1
    outer loop
      vertex 185.38 117.21 0.5
      vertex 185.38 122.406 0.5
      vertex 185.553 122.499 0.5
    endloop
  endfacet
  facet normal 0 0 -1
    outer loop
      vertex 185.213 117.314 0.5
      vertex 185.38 122.406 0.5
      vertex 185.38 117.21 0.5
    endloop
  endfacet
  facet normal 0 0 -1
    outer loop
      vertex 185.213 117.314 0.5
      vertex 185.213 122.302 0.5
      vertex 185.38 122.406 0.5
    endloop
  endfacet
  facet normal 0 0 -1
    outer loop
      vertex 185.054 117.428 0.5
      vertex 185.213 122.302 0.5
      vertex 185.213 117.314 0.5
    endloop
  endfacet
  facet normal 0 0 -1
    outer loop
      vertex 185.054 117.428 0.5
      vertex 185.054 122.188 0.5
      vertex 185.213 122.302 0.5
    endloop
  endfacet
  facet normal 0 0 -1
    outer loop
      vertex 184.902 117.552 0.5
      vertex 185.054 122.188 0.5
      vertex 185.054 117.428 0.5
    endloop
  endfacet
  facet normal 0 0 -1
    outer loop
      vertex 184.902 117.552 0.5
      vertex 184.902 122.064 0.5
      vertex 185.054 122.188 0.5
    endloop
  endfacet
  facet normal 0 0 -1
    outer loop
      vertex 184.759 117.687 0.5
      vertex 184.902 122.064 0.5
      vertex 184.902 117.552 0.5
    endloop
  endfacet
  facet normal 0 0 -1
    outer loop
      vertex 184.759 117.687 0.5
      vertex 184.759 121.929 0.5
      vertex 184.902 122.064 0.5
    endloop
  endfacet
  facet normal 0 0 -1
    outer loop
      vertex 184.624 117.83 0.5
      vertex 184.759 121.929 0.5
      vertex 184.759 117.687 0.5
    endloop
  endfacet
  facet normal 0 0 -1
    outer loop
      vertex 184.624 117.83 0.5
      vertex 184.624 121.786 0.5
      vertex 184.759 121.929 0.5
    endloop
  endfacet
  facet normal 0 0 -1
    outer loop
      vertex 184.5 117.982 0.5
      vertex 184.624 121.786 0.5
      vertex 184.624 117.83 0.5
    endloop
  endfacet
  facet normal 0 0 -1
    outer loop
      vertex 184.5 117.982 0.5
      vertex 184.5 121.634 0.5
      vertex 184.624 121.786 0.5
    endloop
  endfacet
  facet normal 0 0 -1
    outer loop
      vertex 184.386 118.141 0.5
      vertex 184.5 121.634 0.5
      vertex 184.5 117.982 0.5
    endloop
  endfacet
  facet normal 0 0 -1
    outer loop
      vertex 184.386 118.141 0.5
      vertex 184.386 121.475 0.5
      vertex 184.5 121.634 0.5
    endloop
  endfacet
  facet normal 0 0 -1
    outer loop
      vertex 184.282 118.308 0.5
      vertex 184.386 121.475 0.5
      vertex 184.386 118.141 0.5
    endloop
  endfacet
  facet normal 0 0 -1
    outer loop
      vertex 184.282 118.308 0.5
      vertex 184.282 121.308 0.5
      vertex 184.386 121.475 0.5
    endloop
  endfacet
  facet normal 0 0 -1
    outer loop
      vertex 184.189 118.481 0.5
      vertex 184.282 121.308 0.5
      vertex 184.282 118.308 0.5
    endloop
  endfacet
  facet normal 0 0 -1
    outer loop
      vertex 184.189 118.481 0.5
      vertex 184.189 121.135 0.5
      vertex 184.282 121.308 0.5
    endloop
  endfacet
  facet normal 0 0 -1
    outer loop
      vertex 184.108 118.66 0.5
      vertex 184.189 121.135 0.5
      vertex 184.189 118.481 0.5
    endloop
  endfacet
  facet normal 0 0 -1
    outer loop
      vertex 184.108 118.66 0.5
      vertex 184.108 120.956 0.5
      vertex 184.189 121.135 0.5
    endloop
  endfacet
  facet normal 0 0 -1
    outer loop
      vertex 184.039 118.844 0.5
      vertex 184.108 120.956 0.5
      vertex 184.108 118.66 0.5
    endloop
  endfacet
  facet normal 0 0 -1
    outer loop
      vertex 184.039 118.844 0.5
      vertex 184.039 120.772 0.5
      vertex 184.108 120.956 0.5
    endloop
  endfacet
  facet normal 0 0 -1
    outer loop
      vertex 183.982 119.032 0.5
      vertex 184.039 120.772 0.5
      vertex 184.039 118.844 0.5
    endloop
  endfacet
  facet normal 0 0 -1
    outer loop
      vertex 183.982 119.032 0.5
      vertex 183.982 120.584 0.5
      vertex 184.039 120.772 0.5
    endloop
  endfacet
  facet normal 0 0 -1
    outer loop
      vertex 183.938 119.223 0.5
      vertex 183.982 120.584 0.5
      vertex 183.982 119.032 0.5
    endloop
  endfacet
  facet normal 0 0 -1
    outer loop
      vertex 183.938 119.223 0.5
      vertex 183.938 120.393 0.5
      vertex 183.982 120.584 0.5
    endloop
  endfacet
  facet normal 0 0 -1
    outer loop
      vertex 183.906 119.416 0.5
      vertex 183.938 120.393 0.5
      vertex 183.938 119.223 0.5
    endloop
  endfacet
  facet normal 0 0 -1
    outer loop
      vertex 183.906 119.416 0.5
      vertex 183.906 120.2 0.5
      vertex 183.938 120.393 0.5
    endloop
  endfacet
  facet normal 0 0 -1
    outer loop
      vertex 183.886 119.612 0.5
      vertex 183.906 120.2 0.5
      vertex 183.906 119.416 0.5
    endloop
  endfacet
  facet normal 0 0 -1
    outer loop
      vertex 183.886 119.612 0.5
      vertex 183.886 120.004 0.5
      vertex 183.906 120.2 0.5
    endloop
  endfacet
  facet normal 0 -0 -1
    outer loop
      vertex 183.886 120.004 0.5
      vertex 183.886 119.612 0.5
      vertex 183.88 119.808 0.5
    endloop
  endfacet
  facet normal 0.321461 -0.946923 -0.000154733
    outer loop
      vertex 215.772 0.936383 0.171041
      vertex 215.766 0.934361 0.0799999
      vertex 218.083 1.72092 0.171038
    endloop
  endfacet
  facet normal 0.319353 -0.947636 0
    outer loop
      vertex 215.766 0.934361 0.0799999
      vertex 215.772 0.936383 0.171041
      vertex 215.766 0.934361 0.171365
    endloop
  endfacet
  facet normal 0.321475 -0.946918 -0.000560523
    outer loop
      vertex 218.726 1.93927 0.0799999
      vertex 218.083 1.72092 0.171038
      vertex 215.766 0.934361 0.0799999
    endloop
  endfacet
  facet normal 0.321546 -0.946894 0
    outer loop
      vertex 218.083 1.72092 0.171038
      vertex 218.726 1.93927 0.0799999
      vertex 218.726 1.93927 0.171038
    endloop
  endfacet
  facet normal 0.321475 -0.946918 0.000560511
    outer loop
      vertex 215.766 0.934361 7.52
      vertex 218.083 1.72092 7.42896
      vertex 218.726 1.93927 7.52
    endloop
  endfacet
  facet normal 0.321461 -0.946923 0.000154735
    outer loop
      vertex 215.766 0.934361 7.52
      vertex 215.772 0.936383 7.42896
      vertex 218.083 1.72092 7.42896
    endloop
  endfacet
  facet normal 0.319353 -0.947636 0
    outer loop
      vertex 215.772 0.936383 7.42896
      vertex 215.766 0.934361 7.52
      vertex 215.766 0.934361 7.42863
    endloop
  endfacet
  facet normal 0.321546 -0.946894 0
    outer loop
      vertex 218.726 1.93927 7.52
      vertex 218.083 1.72092 7.42896
      vertex 218.726 1.93927 7.42896
    endloop
  endfacet
  facet normal 0 -1 0
    outer loop
      vertex 24.02 0.12 7.428
      vertex 209.58 0.12 7.52
      vertex 24.02 0.12 7.52
    endloop
  endfacet
  facet normal 0 -1 -0
    outer loop
      vertex 209.58 0.12 7.52
      vertex 24.02 0.12 7.428
      vertex 209.58 0.12 7.428
    endloop
  endfacet
  facet normal 0 -1 0
    outer loop
      vertex 24.02 0.12 0.0799999
      vertex 209.58 0.12 0.171999
      vertex 24.02 0.12 0.171999
    endloop
  endfacet
  facet normal 0 -1 -0
    outer loop
      vertex 209.58 0.12 0.171999
      vertex 24.02 0.12 0.0799999
      vertex 209.58 0.12 0.0799999
    endloop
  endfacet
  facet normal 0 -1 0
    outer loop
      vertex 112.8 0.12 3.192
      vertex 120.8 0.12 5.592
      vertex 112.8 0.12 5.592
    endloop
  endfacet
  facet normal 0 -1 -0
    outer loop
      vertex 120.8 0.12 5.592
      vertex 112.8 0.12 3.192
      vertex 120.8 0.12 3.192
    endloop
  endfacet
  facet normal 0.194956 -0.980811 0.00120888
    outer loop
      vertex 212.707 0.325972 0.171361
      vertex 212.7 0.324468 0.0799999
      vertex 213.374 0.458552 0.171361
    endloop
  endfacet
  facet normal 0.210063 -0.977688 0
    outer loop
      vertex 212.7 0.324468 0.0799999
      vertex 212.707 0.325972 0.171361
      vertex 212.7 0.324468 0.171763
    endloop
  endfacet
  facet normal 0.195099 -0.980784 0.000117864
    outer loop
      vertex 215.766 0.934361 0.0799999
      vertex 213.374 0.458552 0.171361
      vertex 212.7 0.324468 0.0799999
    endloop
  endfacet
  facet normal 0.195095 -0.980784 0
    outer loop
      vertex 213.374 0.458552 0.171361
      vertex 215.766 0.934361 0.0799999
      vertex 215.766 0.934361 0.171365
    endloop
  endfacet
  facet normal 0.195099 -0.980784 -0.000117865
    outer loop
      vertex 212.7 0.324468 7.52
      vertex 213.374 0.458552 7.42864
      vertex 215.766 0.934361 7.52
    endloop
  endfacet
  facet normal 0.194956 -0.980811 -0.0012089
    outer loop
      vertex 212.7 0.324468 7.52
      vertex 212.707 0.325972 7.42864
      vertex 213.374 0.458552 7.42864
    endloop
  endfacet
  facet normal 0.210063 -0.977688 0
    outer loop
      vertex 212.707 0.325972 7.42864
      vertex 212.7 0.324468 7.52
      vertex 212.7 0.324468 7.42824
    endloop
  endfacet
  facet normal 0.195095 -0.980784 0
    outer loop
      vertex 215.766 0.934361 7.52
      vertex 213.374 0.458552 7.42864
      vertex 215.766 0.934361 7.42863
    endloop
  endfacet
  facet normal 0.997916 0.0645269 0
    outer loop
      vertex 233.276 132.7 7.52
      vertex 233.319 132.035 7.42824
      vertex 233.276 132.7 7.42824
    endloop
  endfacet
  facet normal 0.997856 0.0652444 -0.00522819
    outer loop
      vertex 233.48 129.58 7.52
      vertex 233.319 132.035 7.42824
      vertex 233.276 132.7 7.52
    endloop
  endfacet
  facet normal 0.997857 0.0652728 -0.00447256
    outer loop
      vertex 233.319 132.035 7.42824
      vertex 233.48 129.58 7.52
      vertex 233.479 129.589 7.42824
    endloop
  endfacet
  facet normal 0.993884 0.110432 0
    outer loop
      vertex 233.479 129.589 7.42824
      vertex 233.48 129.58 7.52
      vertex 233.48 129.58 7.428
    endloop
  endfacet
  facet normal 0.997916 0.0645269 0
    outer loop
      vertex 233.319 132.035 0.171759
      vertex 233.276 132.7 0.0799999
      vertex 233.276 132.7 0.17176
    endloop
  endfacet
  facet normal 0.997857 0.0652728 0.00447256
    outer loop
      vertex 233.48 129.58 0.0799999
      vertex 233.319 132.035 0.171759
      vertex 233.479 129.589 0.17176
    endloop
  endfacet
  facet normal 0.993884 0.110432 -0
    outer loop
      vertex 233.48 129.58 0.0799999
      vertex 233.479 129.589 0.17176
      vertex 233.48 129.58 0.171996
    endloop
  endfacet
  facet normal 0.997856 0.0652444 0.00522824
    outer loop
      vertex 233.319 132.035 0.171759
      vertex 233.48 129.58 0.0799999
      vertex 233.276 132.7 0.0799999
    endloop
  endfacet
  facet normal 0.0653943 -0.997859 -9.26438e-05
    outer loop
      vertex 209.58 0.12 7.52
      vertex 212.035 0.280896 7.42824
      vertex 212.7 0.324468 7.52
    endloop
  endfacet
  facet normal 0.0653969 -0.997859 -2.35455e-05
    outer loop
      vertex 209.58 0.12 7.52
      vertex 209.589 0.120592 7.42824
      vertex 212.035 0.280896 7.42824
    endloop
  endfacet
  facet normal 0.0656359 -0.997844 0
    outer loop
      vertex 209.589 0.120592 7.42824
      vertex 209.58 0.12 7.52
      vertex 209.58 0.12 7.428
    endloop
  endfacet
  facet normal 0.0653816 -0.99786 0
    outer loop
      vertex 212.7 0.324468 7.52
      vertex 212.035 0.280896 7.42824
      vertex 212.7 0.324468 7.42824
    endloop
  endfacet
  facet normal 0.0653969 -0.997859 2.35449e-05
    outer loop
      vertex 209.589 0.120592 0.171762
      vertex 209.58 0.12 0.0799999
      vertex 212.035 0.280896 0.171762
    endloop
  endfacet
  facet normal 0.0656359 -0.997844 0
    outer loop
      vertex 209.58 0.12 0.0799999
      vertex 209.589 0.120592 0.171762
      vertex 209.58 0.12 0.171999
    endloop
  endfacet
  facet normal 0.0653943 -0.997859 9.26417e-05
    outer loop
      vertex 212.7 0.324468 0.0799999
      vertex 212.035 0.280896 0.171762
      vertex 209.58 0.12 0.0799999
    endloop
  endfacet
  facet normal 0.0653816 -0.99786 0
    outer loop
      vertex 212.035 0.280896 0.171762
      vertex 212.7 0.324468 0.0799999
      vertex 212.7 0.324468 0.171763
    endloop
  endfacet
  facet normal 0.65919 0.751943 0.00711751
    outer loop
      vertex 224.129 148.541 0.0799999
      vertex 225.96 146.935 0.170548
      vertex 226.48 146.48 0.0799999
    endloop
  endfacet
  facet normal 0.658505 0.752577 -0
    outer loop
      vertex 226.48 146.48 0.0799999
      vertex 225.96 146.935 0.170548
      vertex 226.48 146.48 0.170549
    endloop
  endfacet
  facet normal 0.447214 0.894427 0
    outer loop
      vertex 224.131 148.54 0.170547
      vertex 224.129 148.541 0.0799999
      vertex 224.129 148.541 0.17063
    endloop
  endfacet
  facet normal 0.659567 0.751619 -0.00626763
    outer loop
      vertex 225.96 146.935 0.170548
      vertex 224.129 148.541 0.0799999
      vertex 224.131 148.54 0.170547
    endloop
  endfacet
  facet normal -0.442283 -0.896875 5.29142e-06
    outer loop
      vertex 14.8739 1.93927 0.0799999
      vertex 14.253 2.24546 0.170796
      vertex 12.07 3.32198 0.0799999
    endloop
  endfacet
  facet normal -0.442283 -0.896875 0
    outer loop
      vertex 12.07 3.32198 0.0799999
      vertex 14.253 2.24546 0.170796
      vertex 12.07 3.32198 0.170799
    endloop
  endfacet
  facet normal -0.442201 -0.896916 0
    outer loop
      vertex 14.8696 1.94139 0.170795
      vertex 14.8739 1.93927 0.0799999
      vertex 14.8739 1.93927 0.171039
    endloop
  endfacet
  facet normal -0.442285 -0.896875 -4.95022e-06
    outer loop
      vertex 14.253 2.24546 0.170796
      vertex 14.8739 1.93927 0.0799999
      vertex 14.8696 1.94139 0.170795
    endloop
  endfacet
  facet normal -0.44221 -0.896911 5.834e-07
    outer loop
      vertex 14.8739 1.93927 7.52
      vertex 14.5479 2.1 7.4292
      vertex 14.8696 1.94139 7.4292
    endloop
  endfacet
  facet normal -0.442429 -0.896804 0
    outer loop
      vertex 14.3452 2.2 6.68
      vertex 14.5479 2.1 7.4292
      vertex 14.3452 2.2 7.5
    endloop
  endfacet
  facet normal -0.442429 -0.896804 0
    outer loop
      vertex 14.5479 2.1 6.55
      vertex 14.3452 2.2 6.68
      vertex 14.3452 2.2 6.55
    endloop
  endfacet
  facet normal -0.442429 -0.896804 0
    outer loop
      vertex 14.3452 2.2 6.68
      vertex 14.5479 2.1 6.55
      vertex 14.5479 2.1 7.4292
    endloop
  endfacet
  facet normal -0.442429 -0.896804 0
    outer loop
      vertex 14.5479 2.1 7.4292
      vertex 14.3452 2.2 7.52
      vertex 14.3452 2.2 7.5
    endloop
  endfacet
  facet normal -0.442294 -0.89687 0.000374191
    outer loop
      vertex 14.3452 2.2 7.52
      vertex 14.5479 2.1 7.4292
      vertex 14.8739 1.93927 7.52
    endloop
  endfacet
  facet normal -0.442201 -0.896916 -0
    outer loop
      vertex 14.8739 1.93927 7.52
      vertex 14.8696 1.94139 7.4292
      vertex 14.8739 1.93927 7.42896
    endloop
  endfacet
  facet normal 0.906721 -0.421731 0
    outer loop
      vertex 231.661 14.8739 7.52
      vertex 231.659 14.8696 7.42921
      vertex 231.661 14.8739 7.42896
    endloop
  endfacet
  facet normal 0.896943 -0.442145 0.00118225
    outer loop
      vertex 231.661 14.8739 7.52
      vertex 231.355 14.2529 7.42921
      vertex 231.659 14.8696 7.42921
    endloop
  endfacet
  facet normal 0.896783 -0.442454 0.0038333
    outer loop
      vertex 231.05 13.6355 7.52
      vertex 231.355 14.2529 7.42921
      vertex 231.661 14.8739 7.52
    endloop
  endfacet
  facet normal 0.896448 -0.443144 -0.00198778
    outer loop
      vertex 231.355 14.2529 7.42921
      vertex 231.05 13.6355 7.52
      vertex 231.15 13.8382 7.4292
    endloop
  endfacet
  facet normal 0.896804 -0.442429 0
    outer loop
      vertex 231.05 13.6355 7.5
      vertex 231.15 13.8382 7.4292
      vertex 231.05 13.6355 7.52
    endloop
  endfacet
  facet normal 0.896804 -0.442429 0
    outer loop
      vertex 231.05 13.6355 6.68
      vertex 231.15 13.8382 7.4292
      vertex 231.05 13.6355 7.5
    endloop
  endfacet
  facet normal 0.896804 -0.442429 0
    outer loop
      vertex 231.15 13.8382 7.4292
      vertex 231.05 13.6355 6.68
      vertex 231.15 13.8382 6.55
    endloop
  endfacet
  facet normal 0.896804 -0.442429 0
    outer loop
      vertex 231.15 13.8382 6.55
      vertex 231.05 13.6355 6.68
      vertex 231.05 13.6355 6.55
    endloop
  endfacet
  facet normal 0.906721 -0.421731 0
    outer loop
      vertex 231.659 14.8696 0.170793
      vertex 231.661 14.8739 0.0799999
      vertex 231.661 14.8739 0.171037
    endloop
  endfacet
  facet normal 0.896943 -0.442145 -0.00118221
    outer loop
      vertex 231.355 14.2529 0.170793
      vertex 231.661 14.8739 0.0799999
      vertex 231.659 14.8696 0.170793
    endloop
  endfacet
  facet normal 0.896789 -0.442458 0
    outer loop
      vertex 230.278 12.07 0.0799999
      vertex 231.355 14.2529 0.170793
      vertex 230.278 12.07 0.170796
    endloop
  endfacet
  facet normal 0.896835 -0.442356 -0.00299303
    outer loop
      vertex 231.355 14.2529 0.170793
      vertex 230.278 12.07 0.0799999
      vertex 231.661 14.8739 0.0799999
    endloop
  endfacet
  facet normal -0.0652528 0.997855 -0.00514659
    outer loop
      vertex 24.02 153.48 7.52
      vertex 21.5652 153.319 7.42824
      vertex 20.9004 153.276 7.52
    endloop
  endfacet
  facet normal -0.0652781 0.997857 -0.00447204
    outer loop
      vertex 24.02 153.48 7.52
      vertex 24.011 153.479 7.42824
      vertex 21.5652 153.319 7.42824
    endloop
  endfacet
  facet normal -0.110432 0.993884 0
    outer loop
      vertex 24.011 153.479 7.42824
      vertex 24.02 153.48 7.52
      vertex 24.02 153.48 7.428
    endloop
  endfacet
  facet normal -0.0645462 0.997915 0
    outer loop
      vertex 20.9004 153.276 7.52
      vertex 21.5652 153.319 7.42824
      vertex 20.9004 153.276 7.42824
    endloop
  endfacet
  facet normal -0.0652781 0.997857 0.00447203
    outer loop
      vertex 24.011 153.479 0.17176
      vertex 24.02 153.48 0.0799999
      vertex 21.5652 153.319 0.17176
    endloop
  endfacet
  facet normal -0.110432 0.993884 0
    outer loop
      vertex 24.02 153.48 0.0799999
      vertex 24.011 153.479 0.17176
      vertex 24.02 153.48 0.171996
    endloop
  endfacet
  facet normal -0.0652528 0.997855 0.00514658
    outer loop
      vertex 20.9004 153.276 0.0799999
      vertex 21.5652 153.319 0.17176
      vertex 24.02 153.48 0.0799999
    endloop
  endfacet
  facet normal -0.0645462 0.997915 0
    outer loop
      vertex 21.5652 153.319 0.17176
      vertex 20.9004 153.276 0.0799999
      vertex 20.9004 153.276 0.17176
    endloop
  endfacet
  facet normal -0.748762 -0.662839 0
    outer loop
      vertex 5.05884 9.4706 0.0799999
      vertex 5.05992 9.46938 0.170551
      vertex 5.05884 9.4706 0.170634
    endloop
  endfacet
  facet normal -0.751842 -0.659343 8.383e-05
    outer loop
      vertex 5.05884 9.4706 0.0799999
      vertex 6.6646 7.63958 0.170552
      vertex 5.05992 9.46938 0.170551
    endloop
  endfacet
  facet normal -0.75184 -0.659346 -2.42904e-05
    outer loop
      vertex 7.12014 7.12014 0.0799999
      vertex 6.6646 7.63958 0.170552
      vertex 5.05884 9.4706 0.0799999
    endloop
  endfacet
  facet normal -0.751837 -0.659349 0
    outer loop
      vertex 6.6646 7.63958 0.170552
      vertex 7.12014 7.12014 0.0799999
      vertex 7.12014 7.12014 0.170553
    endloop
  endfacet
  facet normal 0.966235 -0.257663 0
    outer loop
      vertex 233.276 20.9004 7.52
      vertex 233.274 20.8929 7.42864
      vertex 233.276 20.9004 7.42824
    endloop
  endfacet
  facet normal 0.980657 -0.195661 -0.00540564
    outer loop
      vertex 233.276 20.9004 7.52
      vertex 233.141 20.2263 7.42864
      vertex 233.274 20.8929 7.42864
    endloop
  endfacet
  facet normal 0.980734 -0.195111 -0.0095788
    outer loop
      vertex 232.666 17.8342 7.52
      vertex 233.141 20.2263 7.42864
      vertex 233.276 20.9004 7.52
    endloop
  endfacet
  facet normal 0.980849 -0.194768 0
    outer loop
      vertex 233.141 20.2263 7.42864
      vertex 232.666 17.8342 7.52
      vertex 232.666 17.8342 7.42864
    endloop
  endfacet
  facet normal 0.966235 -0.257663 0
    outer loop
      vertex 233.274 20.8929 0.171359
      vertex 233.276 20.9004 0.0799999
      vertex 233.276 20.9004 0.17176
    endloop
  endfacet
  facet normal 0.980657 -0.195661 0.00540569
    outer loop
      vertex 233.141 20.2263 0.171359
      vertex 233.276 20.9004 0.0799999
      vertex 233.274 20.8929 0.171359
    endloop
  endfacet
  facet normal 0.980849 -0.194768 0
    outer loop
      vertex 232.666 17.8342 0.0799999
      vertex 233.141 20.2263 0.171359
      vertex 232.666 17.8342 0.171362
    endloop
  endfacet
  facet normal 0.980734 -0.195111 0.00957889
    outer loop
      vertex 233.141 20.2263 0.171359
      vertex 232.666 17.8342 0.0799999
      vertex 233.276 20.9004 0.0799999
    endloop
  endfacet
  facet normal -0.997844 -0.0656359 0
    outer loop
      vertex 0.120592 24.011 7.42824
      vertex 0.12 24.02 7.52
      vertex 0.12 24.02 7.428
    endloop
  endfacet
  facet normal -0.997859 -0.0654022 -2.3021e-05
    outer loop
      vertex 0.280896 21.5652 7.42824
      vertex 0.12 24.02 7.52
      vertex 0.120592 24.011 7.42824
    endloop
  endfacet
  facet normal -0.997859 -0.0654012 -0
    outer loop
      vertex 0.324468 20.9004 7.52
      vertex 0.280896 21.5652 7.42824
      vertex 0.324468 20.9004 7.42824
    endloop
  endfacet
  facet normal -0.997859 -0.0654027 -1.08593e-05
    outer loop
      vertex 0.280896 21.5652 7.42824
      vertex 0.324468 20.9004 7.52
      vertex 0.12 24.02 7.52
    endloop
  endfacet
  facet normal -0.997844 -0.0656359 0
    outer loop
      vertex 0.12 24.02 0.0799999
      vertex 0.120592 24.011 0.171763
      vertex 0.12 24.02 0.171999
    endloop
  endfacet
  facet normal -0.997859 -0.0654022 2.30202e-05
    outer loop
      vertex 0.12 24.02 0.0799999
      vertex 0.280896 21.5652 0.171762
      vertex 0.120592 24.011 0.171763
    endloop
  endfacet
  facet normal -0.997859 -0.0654027 1.08591e-05
    outer loop
      vertex 0.324468 20.9004 0.0799999
      vertex 0.280896 21.5652 0.171762
      vertex 0.12 24.02 0.0799999
    endloop
  endfacet
  facet normal -0.997859 -0.0654012 0
    outer loop
      vertex 0.280896 21.5652 0.171762
      vertex 0.324468 20.9004 0.0799999
      vertex 0.324468 20.9004 0.171763
    endloop
  endfacet
  facet normal 0.555371 0.831603 -0
    outer loop
      vertex 224.129 148.541 0.0799999
      vertex 223.557 148.923 0.17063
      vertex 224.129 148.541 0.17063
    endloop
  endfacet
  facet normal 0.555658 0.831407 0.00263314
    outer loop
      vertex 221.53 150.278 0.0799999
      vertex 223.557 148.923 0.17063
      vertex 224.129 148.541 0.0799999
    endloop
  endfacet
  facet normal 0.5547 0.83205 0
    outer loop
      vertex 221.533 150.276 0.170631
      vertex 221.53 150.278 0.0799999
      vertex 221.53 150.278 0.170795
    endloop
  endfacet
  facet normal 0.555742 0.831355 -4.9853e-05
    outer loop
      vertex 223.557 148.923 0.17063
      vertex 221.53 150.278 0.0799999
      vertex 221.533 150.276 0.170631
    endloop
  endfacet
  facet normal 0.947066 -0.321039 0
    outer loop
      vertex 232.666 17.8342 7.52
      vertex 232.664 17.8283 7.42896
      vertex 232.666 17.8342 7.42864
    endloop
  endfacet
  facet normal 0.946874 -0.321606 4.09509e-05
    outer loop
      vertex 232.666 17.8342 7.52
      vertex 231.879 15.5171 7.42896
      vertex 232.664 17.8283 7.42896
    endloop
  endfacet
  facet normal 0.946912 -0.32147 -0.00376157
    outer loop
      vertex 231.661 14.8739 7.52
      vertex 231.879 15.5171 7.42896
      vertex 232.666 17.8342 7.52
    endloop
  endfacet
  facet normal 0.947081 -0.320995 0
    outer loop
      vertex 231.879 15.5171 7.42896
      vertex 231.661 14.8739 7.52
      vertex 231.661 14.8739 7.42896
    endloop
  endfacet
  facet normal 0.947066 -0.321039 0
    outer loop
      vertex 232.664 17.8283 0.171039
      vertex 232.666 17.8342 0.0799999
      vertex 232.666 17.8342 0.171362
    endloop
  endfacet
  facet normal 0.946874 -0.321606 -4.09513e-05
    outer loop
      vertex 231.879 15.5171 0.171036
      vertex 232.666 17.8342 0.0799999
      vertex 232.664 17.8283 0.171039
    endloop
  endfacet
  facet normal 0.947081 -0.320995 0
    outer loop
      vertex 231.661 14.8739 0.0799999
      vertex 231.879 15.5171 0.171036
      vertex 231.661 14.8739 0.171037
    endloop
  endfacet
  facet normal 0.946912 -0.32147 0.00376173
    outer loop
      vertex 231.879 15.5171 0.171036
      vertex 231.661 14.8739 0.0799999
      vertex 232.666 17.8342 0.0799999
    endloop
  endfacet
  facet normal -0.421731 0.906721 0
    outer loop
      vertex 14.8739 151.661 0.171037
      vertex 14.8739 151.661 0.0799999
      vertex 14.8696 151.659 0.170793
    endloop
  endfacet
  facet normal -0.442145 0.896943 -0.00118221
    outer loop
      vertex 14.8739 151.661 0.0799999
      vertex 14.2529 151.355 0.170793
      vertex 14.8696 151.659 0.170793
    endloop
  endfacet
  facet normal -0.442356 0.896835 -0.00299303
    outer loop
      vertex 12.07 150.278 0.0799999
      vertex 14.2529 151.355 0.170793
      vertex 14.8739 151.661 0.0799999
    endloop
  endfacet
  facet normal -0.442458 0.896789 0
    outer loop
      vertex 14.2529 151.355 0.170793
      vertex 12.07 150.278 0.0799999
      vertex 12.07 150.278 0.170796
    endloop
  endfacet
  facet normal -0.442662 0.896688 -0.00113579
    outer loop
      vertex 14.548 151.5 7.42921
      vertex 14.3452 151.4 7.52
      vertex 14.8739 151.661 7.52
    endloop
  endfacet
  facet normal -0.443195 0.896424 0.00124341
    outer loop
      vertex 14.548 151.5 7.42921
      vertex 14.8739 151.661 7.52
      vertex 14.8696 151.659 7.42921
    endloop
  endfacet
  facet normal -0.421731 0.906721 0
    outer loop
      vertex 14.8696 151.659 7.42921
      vertex 14.8739 151.661 7.52
      vertex 14.8739 151.661 7.42896
    endloop
  endfacet
  facet normal -0.442253 0.89689 0
    outer loop
      vertex 14.3452 151.4 7.52
      vertex 14.548 151.5 7.42921
      vertex 14.3452 151.4 7.5
    endloop
  endfacet
  facet normal -0.442253 0.89689 0
    outer loop
      vertex 14.548 151.5 7.42921
      vertex 14.3452 151.4 6.68
      vertex 14.3452 151.4 7.5
    endloop
  endfacet
  facet normal -0.442253 0.89689 0
    outer loop
      vertex 14.548 151.5 6.55
      vertex 14.3452 151.4 6.68
      vertex 14.548 151.5 7.42921
    endloop
  endfacet
  facet normal -0.442253 0.89689 0
    outer loop
      vertex 14.3452 151.4 6.68
      vertex 14.548 151.5 6.55
      vertex 14.3452 151.4 6.55
    endloop
  endfacet
  facet normal -0.752175 0.658963 0
    outer loop
      vertex 7.12014 146.48 0.0799999
      vertex 6.66458 145.96 0.17055
      vertex 7.12014 146.48 0.170551
    endloop
  endfacet
  facet normal -0.751911 0.659258 0.00301791
    outer loop
      vertex 5.05884 144.129 0.0799999
      vertex 6.66458 145.96 0.17055
      vertex 7.12014 146.48 0.0799999
    endloop
  endfacet
  facet normal -0.751691 0.659491 -0.00560083
    outer loop
      vertex 6.66458 145.96 0.17055
      vertex 5.05884 144.129 0.0799999
      vertex 5.05992 144.131 0.17055
    endloop
  endfacet
  facet normal -0.879905 0.475149 0
    outer loop
      vertex 5.05992 144.131 0.17055
      vertex 5.05884 144.129 0.0799999
      vertex 5.05884 144.129 0.170632
    endloop
  endfacet
  facet normal -0.321457 -0.946924 -0
    outer loop
      vertex 14.8739 1.93927 0.171039
      vertex 14.8739 1.93927 0.0799999
      vertex 15.5171 1.72092 0.171039
    endloop
  endfacet
  facet normal -0.321446 -0.946928 -8.44538e-05
    outer loop
      vertex 17.8342 0.934361 0.0799999
      vertex 15.5171 1.72092 0.171039
      vertex 14.8739 1.93927 0.0799999
    endloop
  endfacet
  facet normal -0.323914 -0.946086 0
    outer loop
      vertex 17.8283 0.936381 0.171042
      vertex 17.8342 0.934361 0.0799999
      vertex 17.8342 0.934361 0.171365
    endloop
  endfacet
  facet normal -0.321437 -0.946931 0.000179308
    outer loop
      vertex 15.5171 1.72092 0.171039
      vertex 17.8342 0.934361 0.0799999
      vertex 17.8283 0.936381 0.171042
    endloop
  endfacet
  facet normal -0.321446 -0.946928 8.44529e-05
    outer loop
      vertex 14.8739 1.93927 7.52
      vertex 15.5171 1.72092 7.42896
      vertex 17.8342 0.934361 7.52
    endloop
  endfacet
  facet normal -0.321457 -0.946924 0
    outer loop
      vertex 15.5171 1.72092 7.42896
      vertex 14.8739 1.93927 7.52
      vertex 14.8739 1.93927 7.42896
    endloop
  endfacet
  facet normal -0.321437 -0.946931 -0.000179312
    outer loop
      vertex 17.8283 0.936381 7.42896
      vertex 17.8342 0.934361 7.52
      vertex 15.5171 1.72092 7.42896
    endloop
  endfacet
  facet normal -0.323914 -0.946086 -0
    outer loop
      vertex 17.8342 0.934361 7.52
      vertex 17.8283 0.936381 7.42896
      vertex 17.8342 0.934361 7.42863
    endloop
  endfacet
  facet normal -0.555538 -0.831491 0
    outer loop
      vertex 9.4706 5.05884 0.0799999
      vertex 10.0428 4.67654 0.170634
      vertex 9.4706 5.05884 0.170634
    endloop
  endfacet
  facet normal -0.555569 -0.83147 0.000284711
    outer loop
      vertex 12.07 3.32198 0.0799999
      vertex 10.0428 4.67654 0.170634
      vertex 9.4706 5.05884 0.0799999
    endloop
  endfacet
  facet normal -0.552561 -0.833472 0
    outer loop
      vertex 12.0673 3.32377 0.170635
      vertex 12.07 3.32198 0.0799999
      vertex 12.07 3.32198 0.170799
    endloop
  endfacet
  facet normal -0.555582 -0.831462 -0.000129705
    outer loop
      vertex 10.0428 4.67654 0.170634
      vertex 12.07 3.32198 0.0799999
      vertex 12.0673 3.32377 0.170635
    endloop
  endfacet
  facet normal -0.946894 0.321546 0
    outer loop
      vertex 1.93927 138.726 0.0799999
      vertex 1.72092 138.083 0.171038
      vertex 1.93927 138.726 0.171038
    endloop
  endfacet
  facet normal -0.946918 0.321475 -0.000560523
    outer loop
      vertex 0.934361 135.766 0.0799999
      vertex 1.72092 138.083 0.171038
      vertex 1.93927 138.726 0.0799999
    endloop
  endfacet
  facet normal -0.946923 0.321461 -0.000154733
    outer loop
      vertex 1.72092 138.083 0.171038
      vertex 0.934361 135.766 0.0799999
      vertex 0.936383 135.772 0.171041
    endloop
  endfacet
  facet normal -0.947636 0.319353 0
    outer loop
      vertex 0.936383 135.772 0.171041
      vertex 0.934361 135.766 0.0799999
      vertex 0.934361 135.766 0.171365
    endloop
  endfacet
  facet normal -0.946894 0.321546 0
    outer loop
      vertex 1.72092 138.083 7.42896
      vertex 1.93927 138.726 7.52
      vertex 1.93927 138.726 7.42896
    endloop
  endfacet
  facet normal -0.946923 0.321461 0.000154735
    outer loop
      vertex 0.934361 135.766 7.52
      vertex 1.72092 138.083 7.42896
      vertex 0.936383 135.772 7.42896
    endloop
  endfacet
  facet normal -0.946918 0.321475 0.000560511
    outer loop
      vertex 1.72092 138.083 7.42896
      vertex 0.934361 135.766 7.52
      vertex 1.93927 138.726 7.52
    endloop
  endfacet
  facet normal -0.947636 0.319353 0
    outer loop
      vertex 0.934361 135.766 7.52
      vertex 0.936383 135.772 7.42896
      vertex 0.934361 135.766 7.42863
    endloop
  endfacet
  facet normal -0.896916 -0.442201 0
    outer loop
      vertex 1.93927 14.8739 0.0799999
      vertex 1.94139 14.8696 0.170795
      vertex 1.93927 14.8739 0.171039
    endloop
  endfacet
  facet normal -0.896875 -0.442285 -4.95022e-06
    outer loop
      vertex 1.93927 14.8739 0.0799999
      vertex 2.24546 14.253 0.170796
      vertex 1.94139 14.8696 0.170795
    endloop
  endfacet
  facet normal -0.896875 -0.442283 5.29142e-06
    outer loop
      vertex 3.32198 12.07 0.0799999
      vertex 2.24546 14.253 0.170796
      vertex 1.93927 14.8739 0.0799999
    endloop
  endfacet
  facet normal -0.896875 -0.442283 0
    outer loop
      vertex 2.24546 14.253 0.170796
      vertex 3.32198 12.07 0.0799999
      vertex 3.32198 12.07 0.170799
    endloop
  endfacet
  facet normal -0.89689 -0.442253 -0
    outer loop
      vertex 2.55 13.6354 6.68
      vertex 2.45 13.8382 6.55
      vertex 2.55 13.6354 6.55
    endloop
  endfacet
  facet normal -0.896916 -0.442201 0
    outer loop
      vertex 1.94139 14.8696 7.4292
      vertex 1.93927 14.8739 7.52
      vertex 1.93927 14.8739 7.42896
    endloop
  endfacet
  facet normal -0.896875 -0.442285 4.94995e-06
    outer loop
      vertex 2.24546 14.253 7.4292
      vertex 1.93927 14.8739 7.52
      vertex 1.94139 14.8696 7.4292
    endloop
  endfacet
  facet normal -0.896887 -0.44226 -1.69548e-05
    outer loop
      vertex 2.55 13.6354 7.52
      vertex 2.24546 14.253 7.4292
      vertex 2.45 13.8382 7.4292
    endloop
  endfacet
  facet normal -0.89689 -0.442253 0
    outer loop
      vertex 2.45 13.8382 6.55
      vertex 2.55 13.6354 6.68
      vertex 2.45 13.8382 7.4292
    endloop
  endfacet
  facet normal -0.89689 -0.442253 -0
    outer loop
      vertex 2.55 13.6354 7.5
      vertex 2.45 13.8382 7.4292
      vertex 2.55 13.6354 6.68
    endloop
  endfacet
  facet normal -0.89689 -0.442253 -0
    outer loop
      vertex 2.55 13.6354 7.52
      vertex 2.45 13.8382 7.4292
      vertex 2.55 13.6354 7.5
    endloop
  endfacet
  facet normal -0.896882 -0.442271 -0.000112118
    outer loop
      vertex 2.24546 14.253 7.4292
      vertex 2.55 13.6354 7.52
      vertex 1.93927 14.8739 7.52
    endloop
  endfacet
  facet normal -1 0 0
    outer loop
      vertex 0.12 24.02 7.428
      vertex 0.12 129.58 7.52
      vertex 0.12 129.58 7.428
    endloop
  endfacet
  facet normal -1 -0 0
    outer loop
      vertex 0.12 129.58 7.52
      vertex 0.12 24.02 7.428
      vertex 0.12 24.02 7.52
    endloop
  endfacet
  facet normal -1 0 0
    outer loop
      vertex 0.12 24.02 0.0799999
      vertex 0.12 129.58 0.171999
      vertex 0.12 129.58 0.0799999
    endloop
  endfacet
  facet normal -1 -0 0
    outer loop
      vertex 0.12 129.58 0.171999
      vertex 0.12 24.02 0.0799999
      vertex 0.12 24.02 0.171999
    endloop
  endfacet
  facet normal 0 1 -0
    outer loop
      vertex 116.301 153.48 7.428
      vertex 24.02 153.48 7.52
      vertex 116.301 153.48 7.52
    endloop
  endfacet
  facet normal 0 1 0
    outer loop
      vertex 24.02 153.48 7.52
      vertex 116.301 153.48 7.428
      vertex 24.02 153.48 7.428
    endloop
  endfacet
  facet normal 0 1 -0
    outer loop
      vertex 209.58 153.48 0.0799999
      vertex 24.02 153.48 0.171996
      vertex 209.58 153.48 0.171996
    endloop
  endfacet
  facet normal 0 1 0
    outer loop
      vertex 24.02 153.48 0.171996
      vertex 209.58 153.48 0.0799999
      vertex 24.02 153.48 0.0799999
    endloop
  endfacet
  facet normal 0 1 -0
    outer loop
      vertex 209.58 153.48 7.428
      vertex 117.299 153.48 7.52
      vertex 209.58 153.48 7.52
    endloop
  endfacet
  facet normal 0 1 0
    outer loop
      vertex 117.299 153.48 7.52
      vertex 209.58 153.48 7.428
      vertex 117.299 153.48 7.428
    endloop
  endfacet
  facet normal 1 -0 0
    outer loop
      vertex 233.48 24.02 7.52
      vertex 233.48 129.58 7.428
      vertex 233.48 129.58 7.52
    endloop
  endfacet
  facet normal 1 0 0
    outer loop
      vertex 233.48 129.58 7.428
      vertex 233.48 24.02 7.52
      vertex 233.48 24.02 7.428
    endloop
  endfacet
  facet normal 1 -0 0
    outer loop
      vertex 233.48 24.02 0.171996
      vertex 233.48 129.58 0.0799999
      vertex 233.48 129.58 0.171996
    endloop
  endfacet
  facet normal 1 0 0
    outer loop
      vertex 233.48 129.58 0.0799999
      vertex 233.48 24.02 0.171996
      vertex 233.48 24.02 0.0799999
    endloop
  endfacet
  facet normal -0.595228 0.803557 0
    outer loop
      vertex 12.07 150.278 0.0799999
      vertex 12.0673 150.276 0.170633
      vertex 12.07 150.278 0.170796
    endloop
  endfacet
  facet normal -0.555647 0.831417 0.00179391
    outer loop
      vertex 12.07 150.278 0.0799999
      vertex 10.0428 148.923 0.170631
      vertex 12.0673 150.276 0.170633
    endloop
  endfacet
  facet normal -0.555597 0.831445 0.00331962
    outer loop
      vertex 9.4706 148.541 0.0799999
      vertex 10.0428 148.923 0.170631
      vertex 12.07 150.278 0.0799999
    endloop
  endfacet
  facet normal -0.555237 0.831692 0
    outer loop
      vertex 10.0428 148.923 0.170631
      vertex 9.4706 148.541 0.0799999
      vertex 9.4706 148.541 0.170631
    endloop
  endfacet
  facet normal 0.980848 0.194775 0
    outer loop
      vertex 232.666 135.766 7.52
      vertex 233.141 133.374 7.42864
      vertex 232.666 135.766 7.42864
    endloop
  endfacet
  facet normal 0.980731 0.195123 -0.00969843
    outer loop
      vertex 233.276 132.7 7.52
      vertex 233.141 133.374 7.42864
      vertex 232.666 135.766 7.52
    endloop
  endfacet
  facet normal 0.980673 0.195546 -0.00648556
    outer loop
      vertex 233.141 133.374 7.42864
      vertex 233.276 132.7 7.52
      vertex 233.274 132.707 7.42864
    endloop
  endfacet
  facet normal 0.961524 0.274721 0
    outer loop
      vertex 233.274 132.707 7.42864
      vertex 233.276 132.7 7.52
      vertex 233.276 132.7 7.42824
    endloop
  endfacet
  facet normal 0.980848 0.194775 0
    outer loop
      vertex 233.141 133.374 0.171359
      vertex 232.666 135.766 0.0799999
      vertex 232.666 135.766 0.171362
    endloop
  endfacet
  facet normal 0.980673 0.195546 0.00648562
    outer loop
      vertex 233.276 132.7 0.0799999
      vertex 233.141 133.374 0.171359
      vertex 233.274 132.707 0.171359
    endloop
  endfacet
  facet normal 0.980731 0.195123 0.00969852
    outer loop
      vertex 233.141 133.374 0.171359
      vertex 233.276 132.7 0.0799999
      vertex 232.666 135.766 0.0799999
    endloop
  endfacet
  facet normal 0.961524 0.274721 -0
    outer loop
      vertex 233.276 132.7 0.0799999
      vertex 233.274 132.707 0.171359
      vertex 233.276 132.7 0.17176
    endloop
  endfacet
  facet normal -0.32147 0.946912 -0.00376157
    outer loop
      vertex 17.8342 152.666 7.52
      vertex 15.5171 151.879 7.42896
      vertex 14.8739 151.661 7.52
    endloop
  endfacet
  facet normal -0.321606 0.946874 4.09509e-05
    outer loop
      vertex 17.8342 152.666 7.52
      vertex 17.8283 152.664 7.42896
      vertex 15.5171 151.879 7.42896
    endloop
  endfacet
  facet normal -0.321039 0.947066 0
    outer loop
      vertex 17.8283 152.664 7.42896
      vertex 17.8342 152.666 7.52
      vertex 17.8342 152.666 7.42864
    endloop
  endfacet
  facet normal -0.320995 0.947081 0
    outer loop
      vertex 14.8739 151.661 7.52
      vertex 15.5171 151.879 7.42896
      vertex 14.8739 151.661 7.42896
    endloop
  endfacet
  facet normal -0.321606 0.946874 -4.09513e-05
    outer loop
      vertex 17.8283 152.664 0.171039
      vertex 17.8342 152.666 0.0799999
      vertex 15.5171 151.879 0.171036
    endloop
  endfacet
  facet normal -0.321039 0.947066 0
    outer loop
      vertex 17.8342 152.666 0.0799999
      vertex 17.8283 152.664 0.171039
      vertex 17.8342 152.666 0.171362
    endloop
  endfacet
  facet normal -0.32147 0.946912 0.00376173
    outer loop
      vertex 14.8739 151.661 0.0799999
      vertex 15.5171 151.879 0.171036
      vertex 17.8342 152.666 0.0799999
    endloop
  endfacet
  facet normal -0.320995 0.947081 0
    outer loop
      vertex 15.5171 151.879 0.171036
      vertex 14.8739 151.661 0.0799999
      vertex 14.8739 151.661 0.171037
    endloop
  endfacet
  facet normal -0.896877 0.44228 0
    outer loop
      vertex 3.32198 141.53 0.0799999
      vertex 2.24547 139.347 0.170795
      vertex 3.32198 141.53 0.170798
    endloop
  endfacet
  facet normal -0.896882 0.442271 -0.00027517
    outer loop
      vertex 1.93927 138.726 0.0799999
      vertex 2.24547 139.347 0.170795
      vertex 3.32198 141.53 0.0799999
    endloop
  endfacet
  facet normal -0.896982 0.442065 0.0014686
    outer loop
      vertex 2.24547 139.347 0.170795
      vertex 1.93927 138.726 0.0799999
      vertex 1.94139 138.73 0.170794
    endloop
  endfacet
  facet normal -0.883573 0.468294 0
    outer loop
      vertex 1.94139 138.73 0.170794
      vertex 1.93927 138.726 0.0799999
      vertex 1.93927 138.726 0.171038
    endloop
  endfacet
  facet normal -0.897063 0.441903 0
    outer loop
      vertex 2.45 139.762 6.55
      vertex 2.55 139.965 6.68
      vertex 2.55 139.965 6.55
    endloop
  endfacet
  facet normal -0.897063 0.441903 0
    outer loop
      vertex 2.55 139.965 6.68
      vertex 2.45 139.762 7.4292
      vertex 2.55 139.965 7.5
    endloop
  endfacet
  facet normal -0.897063 0.441903 0
    outer loop
      vertex 2.55 139.965 6.68
      vertex 2.45 139.762 6.55
      vertex 2.45 139.762 7.4292
    endloop
  endfacet
  facet normal -0.897063 0.441903 0
    outer loop
      vertex 2.55 139.965 7.5
      vertex 2.45 139.762 7.4292
      vertex 2.55 139.965 7.52
    endloop
  endfacet
  facet normal -0.89698 0.442071 -0.000466319
    outer loop
      vertex 2.24547 139.347 7.4292
      vertex 2.55 139.965 7.52
      vertex 2.45 139.762 7.4292
    endloop
  endfacet
  facet normal -0.896982 0.442065 -0.00146851
    outer loop
      vertex 1.93927 138.726 7.52
      vertex 2.24547 139.347 7.4292
      vertex 1.94139 138.73 7.4292
    endloop
  endfacet
  facet normal -0.883573 0.468294 0
    outer loop
      vertex 1.93927 138.726 7.52
      vertex 1.94139 138.73 7.4292
      vertex 1.93927 138.726 7.42896
    endloop
  endfacet
  facet normal -0.896952 0.442127 -0.00094454
    outer loop
      vertex 2.24547 139.347 7.4292
      vertex 1.93927 138.726 7.52
      vertex 2.55 139.965 7.52
    endloop
  endfacet
  facet normal 0.194775 0.980848 0
    outer loop
      vertex 215.766 152.666 0.171362
      vertex 215.766 152.666 0.0799999
      vertex 213.374 153.141 0.171359
    endloop
  endfacet
  facet normal 0.195123 0.980731 0.00969852
    outer loop
      vertex 212.7 153.276 0.0799999
      vertex 213.374 153.141 0.171359
      vertex 215.766 152.666 0.0799999
    endloop
  endfacet
  facet normal 0.274721 0.961524 0
    outer loop
      vertex 212.707 153.274 0.171359
      vertex 212.7 153.276 0.0799999
      vertex 212.7 153.276 0.17176
    endloop
  endfacet
  facet normal 0.195546 0.980673 0.00648562
    outer loop
      vertex 213.374 153.141 0.171359
      vertex 212.7 153.276 0.0799999
      vertex 212.707 153.274 0.171359
    endloop
  endfacet
  facet normal 0.195123 0.980731 -0.00969843
    outer loop
      vertex 215.766 152.666 7.52
      vertex 213.374 153.141 7.42864
      vertex 212.7 153.276 7.52
    endloop
  endfacet
  facet normal 0.194775 0.980848 0
    outer loop
      vertex 213.374 153.141 7.42864
      vertex 215.766 152.666 7.52
      vertex 215.766 152.666 7.42864
    endloop
  endfacet
  facet normal 0.195546 0.980673 -0.00648556
    outer loop
      vertex 212.707 153.274 7.42864
      vertex 212.7 153.276 7.52
      vertex 213.374 153.141 7.42864
    endloop
  endfacet
  facet normal 0.274721 0.961524 0
    outer loop
      vertex 212.7 153.276 7.52
      vertex 212.707 153.274 7.42864
      vertex 212.7 153.276 7.42824
    endloop
  endfacet
  facet normal -0.980784 0.195095 0
    outer loop
      vertex 0.934361 135.766 0.0799999
      vertex 0.458552 133.374 0.171361
      vertex 0.934361 135.766 0.171365
    endloop
  endfacet
  facet normal -0.980784 0.195099 0.000117864
    outer loop
      vertex 0.324468 132.7 0.0799999
      vertex 0.458552 133.374 0.171361
      vertex 0.934361 135.766 0.0799999
    endloop
  endfacet
  facet normal -0.980811 0.194956 0.00120888
    outer loop
      vertex 0.458552 133.374 0.171361
      vertex 0.324468 132.7 0.0799999
      vertex 0.325972 132.707 0.171361
    endloop
  endfacet
  facet normal -0.977688 0.210063 0
    outer loop
      vertex 0.325972 132.707 0.171361
      vertex 0.324468 132.7 0.0799999
      vertex 0.324468 132.7 0.171763
    endloop
  endfacet
  facet normal -0.980784 0.195095 0
    outer loop
      vertex 0.458552 133.374 7.42864
      vertex 0.934361 135.766 7.52
      vertex 0.934361 135.766 7.42863
    endloop
  endfacet
  facet normal -0.980811 0.194956 -0.0012089
    outer loop
      vertex 0.324468 132.7 7.52
      vertex 0.458552 133.374 7.42864
      vertex 0.325972 132.707 7.42864
    endloop
  endfacet
  facet normal -0.980784 0.195099 -0.000117865
    outer loop
      vertex 0.458552 133.374 7.42864
      vertex 0.324468 132.7 7.52
      vertex 0.934361 135.766 7.52
    endloop
  endfacet
  facet normal -0.977688 0.210063 0
    outer loop
      vertex 0.324468 132.7 7.52
      vertex 0.325972 132.707 7.42864
      vertex 0.324468 132.7 7.42824
    endloop
  endfacet
  facet normal -0.980505 -0.196493 0
    outer loop
      vertex 0.324468 20.9004 0.0799999
      vertex 0.325971 20.8929 0.171362
      vertex 0.324468 20.9004 0.171763
    endloop
  endfacet
  facet normal -0.98079 -0.195066 0.000121827
    outer loop
      vertex 0.324468 20.9004 0.0799999
      vertex 0.458549 20.2263 0.171362
      vertex 0.325971 20.8929 0.171362
    endloop
  endfacet
  facet normal -0.980786 -0.195087 -3.39928e-05
    outer loop
      vertex 0.934361 17.8342 0.0799999
      vertex 0.458549 20.2263 0.171362
      vertex 0.324468 20.9004 0.0799999
    endloop
  endfacet
  facet normal -0.980786 -0.195088 0
    outer loop
      vertex 0.458549 20.2263 0.171362
      vertex 0.934361 17.8342 0.0799999
      vertex 0.934361 17.8342 0.171365
    endloop
  endfacet
  facet normal -0.980505 -0.196493 0
    outer loop
      vertex 0.325971 20.8929 7.42864
      vertex 0.324468 20.9004 7.52
      vertex 0.324468 20.9004 7.42824
    endloop
  endfacet
  facet normal -0.98079 -0.195066 -0.000121829
    outer loop
      vertex 0.458549 20.2263 7.42864
      vertex 0.324468 20.9004 7.52
      vertex 0.325971 20.8929 7.42864
    endloop
  endfacet
  facet normal -0.980786 -0.195088 -0
    outer loop
      vertex 0.934361 17.8342 7.52
      vertex 0.458549 20.2263 7.42864
      vertex 0.934361 17.8342 7.42863
    endloop
  endfacet
  facet normal -0.980786 -0.195087 3.39936e-05
    outer loop
      vertex 0.458549 20.2263 7.42864
      vertex 0.934361 17.8342 7.52
      vertex 0.324468 20.9004 7.52
    endloop
  endfacet
  facet normal -0.833472 -0.552561 0
    outer loop
      vertex 3.32198 12.07 0.0799999
      vertex 3.32377 12.0673 0.170635
      vertex 3.32198 12.07 0.170799
    endloop
  endfacet
  facet normal -0.831462 -0.555582 -0.000129705
    outer loop
      vertex 3.32198 12.07 0.0799999
      vertex 4.67654 10.0428 0.170634
      vertex 3.32377 12.0673 0.170635
    endloop
  endfacet
  facet normal -0.83147 -0.555569 0.000284711
    outer loop
      vertex 5.05884 9.4706 0.0799999
      vertex 4.67654 10.0428 0.170634
      vertex 3.32198 12.07 0.0799999
    endloop
  endfacet
  facet normal -0.831491 -0.555538 0
    outer loop
      vertex 4.67654 10.0428 0.170634
      vertex 5.05884 9.4706 0.0799999
      vertex 5.05884 9.4706 0.170634
    endloop
  endfacet
  facet normal -0.195087 -0.980786 3.39936e-05
    outer loop
      vertex 17.8342 0.934361 7.52
      vertex 20.2263 0.458549 7.42864
      vertex 20.9004 0.324468 7.52
    endloop
  endfacet
  facet normal -0.195088 -0.980786 0
    outer loop
      vertex 20.2263 0.458549 7.42864
      vertex 17.8342 0.934361 7.52
      vertex 17.8342 0.934361 7.42863
    endloop
  endfacet
  facet normal -0.195066 -0.98079 -0.000121829
    outer loop
      vertex 20.8929 0.325971 7.42864
      vertex 20.9004 0.324468 7.52
      vertex 20.2263 0.458549 7.42864
    endloop
  endfacet
  facet normal -0.196493 -0.980505 -0
    outer loop
      vertex 20.9004 0.324468 7.52
      vertex 20.8929 0.325971 7.42864
      vertex 20.9004 0.324468 7.42824
    endloop
  endfacet
  facet normal -0.195088 -0.980786 -0
    outer loop
      vertex 17.8342 0.934361 0.171365
      vertex 17.8342 0.934361 0.0799999
      vertex 20.2263 0.458549 0.171362
    endloop
  endfacet
  facet normal -0.195087 -0.980786 -3.39928e-05
    outer loop
      vertex 20.9004 0.324468 0.0799999
      vertex 20.2263 0.458549 0.171362
      vertex 17.8342 0.934361 0.0799999
    endloop
  endfacet
  facet normal -0.196493 -0.980505 0
    outer loop
      vertex 20.8929 0.325971 0.171362
      vertex 20.9004 0.324468 0.0799999
      vertex 20.9004 0.324468 0.171763
    endloop
  endfacet
  facet normal -0.195066 -0.98079 0.000121827
    outer loop
      vertex 20.2263 0.458549 0.171362
      vertex 20.9004 0.324468 0.0799999
      vertex 20.8929 0.325971 0.171362
    endloop
  endfacet
  facet normal -0.0654012 -0.997859 0
    outer loop
      vertex 21.5652 0.280896 7.42824
      vertex 20.9004 0.324468 7.52
      vertex 20.9004 0.324468 7.42824
    endloop
  endfacet
  facet normal -0.0654027 -0.997859 -1.08593e-05
    outer loop
      vertex 20.9004 0.324468 7.52
      vertex 21.5652 0.280896 7.42824
      vertex 24.02 0.12 7.52
    endloop
  endfacet
  facet normal -0.0654022 -0.997859 -2.3021e-05
    outer loop
      vertex 24.011 0.120592 7.42824
      vertex 24.02 0.12 7.52
      vertex 21.5652 0.280896 7.42824
    endloop
  endfacet
  facet normal -0.0656359 -0.997844 -0
    outer loop
      vertex 24.02 0.12 7.52
      vertex 24.011 0.120592 7.42824
      vertex 24.02 0.12 7.428
    endloop
  endfacet
  facet normal -0.0654012 -0.997859 -0
    outer loop
      vertex 20.9004 0.324468 0.171763
      vertex 20.9004 0.324468 0.0799999
      vertex 21.5652 0.280896 0.171762
    endloop
  endfacet
  facet normal -0.0654027 -0.997859 1.08591e-05
    outer loop
      vertex 24.02 0.12 0.0799999
      vertex 21.5652 0.280896 0.171762
      vertex 20.9004 0.324468 0.0799999
    endloop
  endfacet
  facet normal -0.0654022 -0.997859 2.30202e-05
    outer loop
      vertex 21.5652 0.280896 0.171762
      vertex 24.02 0.12 0.0799999
      vertex 24.011 0.120592 0.171763
    endloop
  endfacet
  facet normal -0.0656359 -0.997844 0
    outer loop
      vertex 24.011 0.120592 0.171763
      vertex 24.02 0.12 0.0799999
      vertex 24.02 0.12 0.171999
    endloop
  endfacet
  facet normal 0.752577 0.658505 0
    outer loop
      vertex 226.935 145.96 0.170548
      vertex 226.48 146.48 0.0799999
      vertex 226.48 146.48 0.170549
    endloop
  endfacet
  facet normal 0.751619 0.659567 -0.00626763
    outer loop
      vertex 228.541 144.129 0.0799999
      vertex 226.935 145.96 0.170548
      vertex 228.54 144.131 0.170547
    endloop
  endfacet
  facet normal 0.751943 0.65919 0.00711751
    outer loop
      vertex 226.935 145.96 0.170548
      vertex 228.541 144.129 0.0799999
      vertex 226.48 146.48 0.0799999
    endloop
  endfacet
  facet normal 0.894427 0.447214 -0
    outer loop
      vertex 228.541 144.129 0.0799999
      vertex 228.54 144.131 0.170547
      vertex 228.541 144.129 0.17063
    endloop
  endfacet
  facet normal -0.195661 0.980657 -0.00540564
    outer loop
      vertex 20.2263 153.141 7.42864
      vertex 20.9004 153.276 7.52
      vertex 20.8929 153.274 7.42864
    endloop
  endfacet
  facet normal -0.257663 0.966235 0
    outer loop
      vertex 20.8929 153.274 7.42864
      vertex 20.9004 153.276 7.52
      vertex 20.9004 153.276 7.42824
    endloop
  endfacet
  facet normal -0.195111 0.980734 -0.0095788
    outer loop
      vertex 20.9004 153.276 7.52
      vertex 20.2263 153.141 7.42864
      vertex 17.8342 152.666 7.52
    endloop
  endfacet
  facet normal -0.194768 0.980849 0
    outer loop
      vertex 17.8342 152.666 7.52
      vertex 20.2263 153.141 7.42864
      vertex 17.8342 152.666 7.42864
    endloop
  endfacet
  facet normal -0.195661 0.980657 0.00540569
    outer loop
      vertex 20.8929 153.274 0.171359
      vertex 20.9004 153.276 0.0799999
      vertex 20.2263 153.141 0.171359
    endloop
  endfacet
  facet normal -0.257663 0.966235 0
    outer loop
      vertex 20.9004 153.276 0.0799999
      vertex 20.8929 153.274 0.171359
      vertex 20.9004 153.276 0.17176
    endloop
  endfacet
  facet normal -0.195111 0.980734 0.00957889
    outer loop
      vertex 17.8342 152.666 0.0799999
      vertex 20.2263 153.141 0.171359
      vertex 20.9004 153.276 0.0799999
    endloop
  endfacet
  facet normal -0.194768 0.980849 0
    outer loop
      vertex 20.2263 153.141 0.171359
      vertex 17.8342 152.666 0.0799999
      vertex 17.8342 152.666 0.171362
    endloop
  endfacet
  facet normal 0.475149 -0.879905 0
    outer loop
      vertex 224.129 5.05884 0.170632
      vertex 224.129 5.05884 0.0799999
      vertex 224.131 5.05992 0.17055
    endloop
  endfacet
  facet normal 0.659491 -0.751691 -0.00560083
    outer loop
      vertex 224.129 5.05884 0.0799999
      vertex 225.96 6.66458 0.17055
      vertex 224.131 5.05992 0.17055
    endloop
  endfacet
  facet normal 0.659258 -0.751911 0.00301791
    outer loop
      vertex 226.48 7.12014 0.0799999
      vertex 225.96 6.66458 0.17055
      vertex 224.129 5.05884 0.0799999
    endloop
  endfacet
  facet normal 0.658963 -0.752175 0
    outer loop
      vertex 225.96 6.66458 0.17055
      vertex 226.48 7.12014 0.0799999
      vertex 226.48 7.12014 0.170551
    endloop
  endfacet
  facet normal -0.831395 0.555683 0
    outer loop
      vertex 5.05884 144.129 0.0799999
      vertex 4.67653 143.557 0.170632
      vertex 5.05884 144.129 0.170632
    endloop
  endfacet
  facet normal -0.831431 0.555628 -0.000493346
    outer loop
      vertex 3.32198 141.53 0.0799999
      vertex 4.67653 143.557 0.170632
      vertex 5.05884 144.129 0.0799999
    endloop
  endfacet
  facet normal -0.831401 0.55567 -0.00188109
    outer loop
      vertex 4.67653 143.557 0.170632
      vertex 3.32198 141.53 0.0799999
      vertex 3.32378 141.533 0.170634
    endloop
  endfacet
  facet normal -0.857493 0.514496 0
    outer loop
      vertex 3.32378 141.533 0.170634
      vertex 3.32198 141.53 0.0799999
      vertex 3.32198 141.53 0.170798
    endloop
  endfacet
  facet normal 0.442344 0.896841 -0.00288518
    outer loop
      vertex 218.726 151.661 0.0799999
      vertex 219.347 151.355 0.170792
      vertex 221.53 150.278 0.0799999
    endloop
  endfacet
  facet normal 0.442442 0.896797 -0
    outer loop
      vertex 221.53 150.278 0.0799999
      vertex 219.347 151.355 0.170792
      vertex 221.53 150.278 0.170795
    endloop
  endfacet
  facet normal 0.447214 0.894427 0
    outer loop
      vertex 218.73 151.659 0.170791
      vertex 218.726 151.661 0.0799999
      vertex 218.726 151.661 0.171036
    endloop
  endfacet
  facet normal 0.441972 0.897029 0.000288237
    outer loop
      vertex 219.347 151.355 0.170792
      vertex 218.726 151.661 0.0799999
      vertex 218.73 151.659 0.170791
    endloop
  endfacet
  facet normal 0.442753 0.896644 -0.000245367
    outer loop
      vertex 218.726 151.661 7.52
      vertex 219.052 151.5 7.42921
      vertex 218.73 151.659 7.42921
    endloop
  endfacet
  facet normal 0.441903 0.897063 -0
    outer loop
      vertex 219.255 151.4 6.68
      vertex 219.052 151.5 7.42921
      vertex 219.255 151.4 7.5
    endloop
  endfacet
  facet normal 0.441903 0.897063 0
    outer loop
      vertex 219.052 151.5 6.55
      vertex 219.255 151.4 6.68
      vertex 219.255 151.4 6.55
    endloop
  endfacet
  facet normal 0.441903 0.897063 0
    outer loop
      vertex 219.255 151.4 6.68
      vertex 219.052 151.5 6.55
      vertex 219.052 151.5 7.42921
    endloop
  endfacet
  facet normal 0.441903 0.897063 0
    outer loop
      vertex 219.052 151.5 7.42921
      vertex 219.255 151.4 7.52
      vertex 219.255 151.4 7.5
    endloop
  endfacet
  facet normal 0.44246 0.896787 -0.00154979
    outer loop
      vertex 219.255 151.4 7.52
      vertex 219.052 151.5 7.42921
      vertex 218.726 151.661 7.52
    endloop
  endfacet
  facet normal 0.447214 0.894427 0
    outer loop
      vertex 218.726 151.661 7.52
      vertex 218.73 151.659 7.42921
      vertex 218.726 151.661 7.42896
    endloop
  endfacet
  facet normal -0.99786 0.0653816 0
    outer loop
      vertex 0.324468 132.7 0.0799999
      vertex 0.280896 132.035 0.171762
      vertex 0.324468 132.7 0.171763
    endloop
  endfacet
  facet normal -0.997859 0.0653943 9.26417e-05
    outer loop
      vertex 0.12 129.58 0.0799999
      vertex 0.280896 132.035 0.171762
      vertex 0.324468 132.7 0.0799999
    endloop
  endfacet
  facet normal -0.997859 0.0653969 2.35449e-05
    outer loop
      vertex 0.280896 132.035 0.171762
      vertex 0.12 129.58 0.0799999
      vertex 0.120592 129.589 0.171762
    endloop
  endfacet
  facet normal -0.997844 0.0656359 0
    outer loop
      vertex 0.120592 129.589 0.171762
      vertex 0.12 129.58 0.0799999
      vertex 0.12 129.58 0.171999
    endloop
  endfacet
  facet normal -0.99786 0.0653816 0
    outer loop
      vertex 0.280896 132.035 7.42824
      vertex 0.324468 132.7 7.52
      vertex 0.324468 132.7 7.42824
    endloop
  endfacet
  facet normal -0.997859 0.0653969 -2.35455e-05
    outer loop
      vertex 0.12 129.58 7.52
      vertex 0.280896 132.035 7.42824
      vertex 0.120592 129.589 7.42824
    endloop
  endfacet
  facet normal -0.997844 0.0656359 0
    outer loop
      vertex 0.12 129.58 7.52
      vertex 0.120592 129.589 7.42824
      vertex 0.12 129.58 7.428
    endloop
  endfacet
  facet normal -0.997859 0.0653943 -9.26438e-05
    outer loop
      vertex 0.280896 132.035 7.42824
      vertex 0.12 129.58 7.52
      vertex 0.324468 132.7 7.52
    endloop
  endfacet
  facet normal -0.659346 -0.75184 -2.42904e-05
    outer loop
      vertex 9.4706 5.05884 0.0799999
      vertex 7.63958 6.6646 0.170552
      vertex 7.12014 7.12014 0.0799999
    endloop
  endfacet
  facet normal -0.659349 -0.751837 0
    outer loop
      vertex 7.12014 7.12014 0.0799999
      vertex 7.63958 6.6646 0.170552
      vertex 7.12014 7.12014 0.170553
    endloop
  endfacet
  facet normal -0.662839 -0.748762 0
    outer loop
      vertex 9.46938 5.05992 0.170551
      vertex 9.4706 5.05884 0.0799999
      vertex 9.4706 5.05884 0.170634
    endloop
  endfacet
  facet normal -0.659343 -0.751842 8.383e-05
    outer loop
      vertex 7.63958 6.6646 0.170552
      vertex 9.4706 5.05884 0.0799999
      vertex 9.46938 5.05992 0.170551
    endloop
  endfacet
  facet normal -0.946086 -0.323914 0
    outer loop
      vertex 0.934361 17.8342 0.0799999
      vertex 0.936381 17.8283 0.171042
      vertex 0.934361 17.8342 0.171365
    endloop
  endfacet
  facet normal -0.946931 -0.321437 0.000179308
    outer loop
      vertex 0.934361 17.8342 0.0799999
      vertex 1.72092 15.5171 0.171039
      vertex 0.936381 17.8283 0.171042
    endloop
  endfacet
  facet normal -0.946928 -0.321446 -8.44538e-05
    outer loop
      vertex 1.93927 14.8739 0.0799999
      vertex 1.72092 15.5171 0.171039
      vertex 0.934361 17.8342 0.0799999
    endloop
  endfacet
  facet normal -0.946924 -0.321457 0
    outer loop
      vertex 1.72092 15.5171 0.171039
      vertex 1.93927 14.8739 0.0799999
      vertex 1.93927 14.8739 0.171039
    endloop
  endfacet
  facet normal -0.946086 -0.323914 0
    outer loop
      vertex 0.936381 17.8283 7.42896
      vertex 0.934361 17.8342 7.52
      vertex 0.934361 17.8342 7.42863
    endloop
  endfacet
  facet normal -0.946931 -0.321437 -0.000179312
    outer loop
      vertex 1.72092 15.5171 7.42896
      vertex 0.934361 17.8342 7.52
      vertex 0.936381 17.8283 7.42896
    endloop
  endfacet
  facet normal -0.946924 -0.321457 -0
    outer loop
      vertex 1.93927 14.8739 7.52
      vertex 1.72092 15.5171 7.42896
      vertex 1.93927 14.8739 7.42896
    endloop
  endfacet
  facet normal -0.946928 -0.321446 8.44529e-05
    outer loop
      vertex 1.72092 15.5171 7.42896
      vertex 1.93927 14.8739 7.52
      vertex 0.934361 17.8342 7.52
    endloop
  endfacet
  facet normal 0.947051 0.321084 0
    outer loop
      vertex 231.879 138.083 0.171035
      vertex 231.661 138.726 0.0799999
      vertex 231.661 138.726 0.171036
    endloop
  endfacet
  facet normal 0.946865 0.321631 -0.000396048
    outer loop
      vertex 232.666 135.766 0.0799999
      vertex 231.879 138.083 0.171035
      vertex 232.664 135.772 0.171038
    endloop
  endfacet
  facet normal 0.946904 0.3215 0.00328562
    outer loop
      vertex 231.879 138.083 0.171035
      vertex 232.666 135.766 0.0799999
      vertex 231.661 138.726 0.0799999
    endloop
  endfacet
  facet normal 0.948683 0.316228 -0
    outer loop
      vertex 232.666 135.766 0.0799999
      vertex 232.664 135.772 0.171038
      vertex 232.666 135.766 0.171362
    endloop
  endfacet
  facet normal 0.947051 0.321084 0
    outer loop
      vertex 231.661 138.726 7.52
      vertex 231.879 138.083 7.42896
      vertex 231.661 138.726 7.42896
    endloop
  endfacet
  facet normal 0.946904 0.3215 -0.00328544
    outer loop
      vertex 232.666 135.766 7.52
      vertex 231.879 138.083 7.42896
      vertex 231.661 138.726 7.52
    endloop
  endfacet
  facet normal 0.946865 0.321631 0.00039604
    outer loop
      vertex 231.879 138.083 7.42896
      vertex 232.666 135.766 7.52
      vertex 232.664 135.772 7.42896
    endloop
  endfacet
  facet normal 0.948683 0.316228 0
    outer loop
      vertex 232.664 135.772 7.42896
      vertex 232.666 135.766 7.52
      vertex 232.666 135.766 7.42864
    endloop
  endfacet
  facet normal -0.633928 0.773392 0
    outer loop
      vertex 9.4706 148.541 0.170631
      vertex 9.4706 148.541 0.0799999
      vertex 9.46938 148.54 0.170549
    endloop
  endfacet
  facet normal -0.659423 0.751771 -0.000582282
    outer loop
      vertex 9.4706 148.541 0.0799999
      vertex 7.63961 146.935 0.17055
      vertex 9.46938 148.54 0.170549
    endloop
  endfacet
  facet normal -0.659286 0.751881 0.0041275
    outer loop
      vertex 7.12014 146.48 0.0799999
      vertex 7.63961 146.935 0.17055
      vertex 9.4706 148.541 0.0799999
    endloop
  endfacet
  facet normal -0.658885 0.752244 0
    outer loop
      vertex 7.63961 146.935 0.17055
      vertex 7.12014 146.48 0.0799999
      vertex 7.12014 146.48 0.170551
    endloop
  endfacet
  facet normal 0 0 -1
    outer loop
      vertex 233.175 22.8927 0.0799999
      vertex 233.48 24.02 0.0799999
      vertex 233.276 20.9004 0.0799999
    endloop
  endfacet
  facet normal 0 0 -1
    outer loop
      vertex 233.48 24.02 0.0799999
      vertex 233.25 24.0318 0.0799999
      vertex 233.48 129.58 0.0799999
    endloop
  endfacet
  facet normal 0 0 -1
    outer loop
      vertex 233.25 129.568 0.0799999
      vertex 233.48 129.58 0.0799999
      vertex 233.25 24.0318 0.0799999
    endloop
  endfacet
  facet normal -0 0 -1
    outer loop
      vertex 233.48 24.02 0.0799999
      vertex 233.175 22.8927 0.0799999
      vertex 233.25 24.0318 0.0799999
    endloop
  endfacet
  facet normal 0 0 -1
    outer loop
      vertex 233.276 20.9004 0.0799999
      vertex 233.047 20.9407 0.0799999
      vertex 233.175 22.8927 0.0799999
    endloop
  endfacet
  facet normal -0 0 -1
    outer loop
      vertex 233.276 20.9004 0.0799999
      vertex 232.666 19.0222 0.0799999
      vertex 233.047 20.9407 0.0799999
    endloop
  endfacet
  facet normal 0 0 -1
    outer loop
      vertex 232.666 17.8342 0.0799999
      vertex 232.666 19.0222 0.0799999
      vertex 233.276 20.9004 0.0799999
    endloop
  endfacet
  facet normal 0 0 -1
    outer loop
      vertex 232.666 17.8342 0.0799999
      vertex 232.443 17.9025 0.0799999
      vertex 232.666 19.0222 0.0799999
    endloop
  endfacet
  facet normal -0 0 -1
    outer loop
      vertex 232.666 17.8342 0.0799999
      vertex 232.076 16.8215 0.0799999
      vertex 232.443 17.9025 0.0799999
    endloop
  endfacet
  facet normal 0 0 -1
    outer loop
      vertex 231.661 14.8739 0.0799999
      vertex 232.076 16.8215 0.0799999
      vertex 232.666 17.8342 0.0799999
    endloop
  endfacet
  facet normal 0 0 -1
    outer loop
      vertex 231.661 14.8739 0.0799999
      vertex 231.447 14.9692 0.0799999
      vertex 232.076 16.8215 0.0799999
    endloop
  endfacet
  facet normal -0 0 -1
    outer loop
      vertex 231.661 14.8739 0.0799999
      vertex 230.582 13.2148 0.0799999
      vertex 231.447 14.9692 0.0799999
    endloop
  endfacet
  facet normal 0 0 -1
    outer loop
      vertex 230.278 12.07 0.0799999
      vertex 230.582 13.2148 0.0799999
      vertex 231.661 14.8739 0.0799999
    endloop
  endfacet
  facet normal 0 0 -1
    outer loop
      vertex 230.278 12.07 0.0799999
      vertex 230.077 12.1909 0.0799999
      vertex 230.582 13.2148 0.0799999
    endloop
  endfacet
  facet normal -0 0 -1
    outer loop
      vertex 230.278 12.07 0.0799999
      vertex 229.443 11.2417 0.0799999
      vertex 230.077 12.1909 0.0799999
    endloop
  endfacet
  facet normal 0 0 -1
    outer loop
      vertex 228.541 9.4706 0.0799999
      vertex 229.443 11.2417 0.0799999
      vertex 230.278 12.07 0.0799999
    endloop
  endfacet
  facet normal 0 0 -1
    outer loop
      vertex 228.541 9.4706 0.0799999
      vertex 228.356 9.61524 0.0799999
      vertex 229.443 11.2417 0.0799999
    endloop
  endfacet
  facet normal -0 0 -1
    outer loop
      vertex 228.541 9.4706 0.0799999
      vertex 227.604 8.75695 0.0799999
      vertex 228.356 9.61524 0.0799999
    endloop
  endfacet
  facet normal 0 0 -1
    outer loop
      vertex 226.48 7.12014 0.0799999
      vertex 227.604 8.75695 0.0799999
      vertex 228.541 9.4706 0.0799999
    endloop
  endfacet
  facet normal 0 0 -1
    outer loop
      vertex 226.48 7.12014 0.0799999
      vertex 226.314 7.28625 0.0799999
      vertex 227.604 8.75695 0.0799999
    endloop
  endfacet
  facet normal -0 0 -1
    outer loop
      vertex 226.48 7.12014 0.0799999
      vertex 224.843 5.99647 0.0799999
      vertex 226.314 7.28625 0.0799999
    endloop
  endfacet
  facet normal 0 0 -1
    outer loop
      vertex 224.129 5.05884 0.0799999
      vertex 224.843 5.99647 0.0799999
      vertex 226.48 7.12014 0.0799999
    endloop
  endfacet
  facet normal 0 0 -1
    outer loop
      vertex 224.129 5.05884 0.0799999
      vertex 223.985 5.24377 0.0799999
      vertex 224.843 5.99647 0.0799999
    endloop
  endfacet
  facet normal -0 0 -1
    outer loop
      vertex 224.129 5.05884 0.0799999
      vertex 222.358 4.15699 0.0799999
      vertex 223.985 5.24377 0.0799999
    endloop
  endfacet
  facet normal 0 0 -1
    outer loop
      vertex 221.53 3.32198 0.0799999
      vertex 222.358 4.15699 0.0799999
      vertex 224.129 5.05884 0.0799999
    endloop
  endfacet
  facet normal 0 0 -1
    outer loop
      vertex 221.53 3.32198 0.0799999
      vertex 221.409 3.52276 0.0799999
      vertex 222.358 4.15699 0.0799999
    endloop
  endfacet
  facet normal -0 0 -1
    outer loop
      vertex 221.53 3.32198 0.0799999
      vertex 220.385 3.01785 0.0799999
      vertex 221.409 3.52276 0.0799999
    endloop
  endfacet
  facet normal 0 0 -1
    outer loop
      vertex 218.726 1.93927 0.0799999
      vertex 220.385 3.01785 0.0799999
      vertex 221.53 3.32198 0.0799999
    endloop
  endfacet
  facet normal 0 0 -1
    outer loop
      vertex 218.726 1.93927 0.0799999
      vertex 218.631 2.15267 0.0799999
      vertex 220.385 3.01785 0.0799999
    endloop
  endfacet
  facet normal -0 0 -1
    outer loop
      vertex 218.726 1.93927 0.0799999
      vertex 216.778 1.52388 0.0799999
      vertex 218.631 2.15267 0.0799999
    endloop
  endfacet
  facet normal 0 0 -1
    outer loop
      vertex 215.766 0.934361 0.0799999
      vertex 216.778 1.52388 0.0799999
      vertex 218.726 1.93927 0.0799999
    endloop
  endfacet
  facet normal 0 0 -1
    outer loop
      vertex 215.766 0.934361 0.0799999
      vertex 215.697 1.15693 0.0799999
      vertex 216.778 1.52388 0.0799999
    endloop
  endfacet
  facet normal -0 0 -1
    outer loop
      vertex 215.766 0.934361 0.0799999
      vertex 214.578 0.93422 0.0799999
      vertex 215.697 1.15693 0.0799999
    endloop
  endfacet
  facet normal 0 0 -1
    outer loop
      vertex 212.7 0.324468 0.0799999
      vertex 214.578 0.93422 0.0799999
      vertex 215.766 0.934361 0.0799999
    endloop
  endfacet
  facet normal 0 0 -1
    outer loop
      vertex 212.7 0.324468 0.0799999
      vertex 212.659 0.552603 0.0799999
      vertex 214.578 0.93422 0.0799999
    endloop
  endfacet
  facet normal 0 0 -1
    outer loop
      vertex 212.7 0.324468 0.0799999
      vertex 210.707 0.424662 0.0799999
      vertex 212.659 0.552603 0.0799999
    endloop
  endfacet
  facet normal 0 0 -1
    outer loop
      vertex 209.58 0.12 0.0799999
      vertex 210.707 0.424662 0.0799999
      vertex 212.7 0.324468 0.0799999
    endloop
  endfacet
  facet normal 0 0 -1
    outer loop
      vertex 209.58 0.12 0.0799999
      vertex 209.568 0.349999 0.0799999
      vertex 210.707 0.424662 0.0799999
    endloop
  endfacet
  facet normal 0 0 -1
    outer loop
      vertex 209.58 0.12 0.0799999
      vertex 24.0318 0.349999 0.0799999
      vertex 209.568 0.349999 0.0799999
    endloop
  endfacet
  facet normal 0 0 -1
    outer loop
      vertex 24.02 0.12 0.0799999
      vertex 24.0318 0.349999 0.0799999
      vertex 209.58 0.12 0.0799999
    endloop
  endfacet
  facet normal 0 0 -1
    outer loop
      vertex 24.02 0.12 0.0799999
      vertex 22.8927 0.424662 0.0799999
      vertex 24.0318 0.349999 0.0799999
    endloop
  endfacet
  facet normal 0 0 -1
    outer loop
      vertex 20.9004 0.324468 0.0799999
      vertex 22.8927 0.424662 0.0799999
      vertex 24.02 0.12 0.0799999
    endloop
  endfacet
  facet normal -0 0 -1
    outer loop
      vertex 22.8927 0.424662 0.0799999
      vertex 20.9004 0.324468 0.0799999
      vertex 20.9407 0.552603 0.0799999
    endloop
  endfacet
  facet normal 0 0 -1
    outer loop
      vertex 20.9004 0.324468 0.0799999
      vertex 19.0222 0.93422 0.0799999
      vertex 20.9407 0.552603 0.0799999
    endloop
  endfacet
  facet normal 0 0 -1
    outer loop
      vertex 17.8342 0.934361 0.0799999
      vertex 19.0222 0.93422 0.0799999
      vertex 20.9004 0.324468 0.0799999
    endloop
  endfacet
  facet normal 0 0 -1
    outer loop
      vertex 19.0222 0.93422 0.0799999
      vertex 17.8342 0.934361 0.0799999
      vertex 17.9025 1.15693 0.0799999
    endloop
  endfacet
  facet normal 0 0 -1
    outer loop
      vertex 17.8342 0.934361 0.0799999
      vertex 16.8215 1.52388 0.0799999
      vertex 17.9025 1.15693 0.0799999
    endloop
  endfacet
  facet normal 0 0 -1
    outer loop
      vertex 14.8739 1.93927 0.0799999
      vertex 16.8215 1.52388 0.0799999
      vertex 17.8342 0.934361 0.0799999
    endloop
  endfacet
  facet normal 0 0 -1
    outer loop
      vertex 16.8215 1.52388 0.0799999
      vertex 14.8739 1.93927 0.0799999
      vertex 14.9692 2.15267 0.0799999
    endloop
  endfacet
  facet normal 0 0 -1
    outer loop
      vertex 14.8739 1.93927 0.0799999
      vertex 13.2148 3.01785 0.0799999
      vertex 14.9692 2.15267 0.0799999
    endloop
  endfacet
  facet normal 0 0 -1
    outer loop
      vertex 12.07 3.32198 0.0799999
      vertex 13.2148 3.01785 0.0799999
      vertex 14.8739 1.93927 0.0799999
    endloop
  endfacet
  facet normal 0 0 -1
    outer loop
      vertex 13.2148 3.01785 0.0799999
      vertex 12.07 3.32198 0.0799999
      vertex 12.1909 3.52276 0.0799999
    endloop
  endfacet
  facet normal 0 0 -1
    outer loop
      vertex 12.07 3.32198 0.0799999
      vertex 11.2417 4.15699 0.0799999
      vertex 12.1909 3.52276 0.0799999
    endloop
  endfacet
  facet normal 0 0 -1
    outer loop
      vertex 9.4706 5.05884 0.0799999
      vertex 11.2417 4.15699 0.0799999
      vertex 12.07 3.32198 0.0799999
    endloop
  endfacet
  facet normal 0 0 -1
    outer loop
      vertex 11.2417 4.15699 0.0799999
      vertex 9.4706 5.05884 0.0799999
      vertex 9.61524 5.24377 0.0799999
    endloop
  endfacet
  facet normal 0 0 -1
    outer loop
      vertex 9.4706 5.05884 0.0799999
      vertex 8.75695 5.99647 0.0799999
      vertex 9.61524 5.24377 0.0799999
    endloop
  endfacet
  facet normal 0 0 -1
    outer loop
      vertex 7.12014 7.12014 0.0799999
      vertex 8.75695 5.99647 0.0799999
      vertex 9.4706 5.05884 0.0799999
    endloop
  endfacet
  facet normal 0 0 -1
    outer loop
      vertex 8.75695 5.99647 0.0799999
      vertex 7.12014 7.12014 0.0799999
      vertex 7.28625 7.28625 0.0799999
    endloop
  endfacet
  facet normal 0 0 -1
    outer loop
      vertex 7.12014 7.12014 0.0799999
      vertex 5.99647 8.75695 0.0799999
      vertex 7.28625 7.28625 0.0799999
    endloop
  endfacet
  facet normal 0 0 -1
    outer loop
      vertex 5.05884 9.4706 0.0799999
      vertex 5.99647 8.75695 0.0799999
      vertex 7.12014 7.12014 0.0799999
    endloop
  endfacet
  facet normal 0 0 -1
    outer loop
      vertex 5.99647 8.75695 0.0799999
      vertex 5.05884 9.4706 0.0799999
      vertex 5.24377 9.61524 0.0799999
    endloop
  endfacet
  facet normal 0 0 -1
    outer loop
      vertex 5.05884 9.4706 0.0799999
      vertex 4.15699 11.2417 0.0799999
      vertex 5.24377 9.61524 0.0799999
    endloop
  endfacet
  facet normal 0 0 -1
    outer loop
      vertex 3.32198 12.07 0.0799999
      vertex 4.15699 11.2417 0.0799999
      vertex 5.05884 9.4706 0.0799999
    endloop
  endfacet
  facet normal 0 0 -1
    outer loop
      vertex 4.15699 11.2417 0.0799999
      vertex 3.32198 12.07 0.0799999
      vertex 3.52276 12.1909 0.0799999
    endloop
  endfacet
  facet normal 0 0 -1
    outer loop
      vertex 3.32198 12.07 0.0799999
      vertex 3.01785 13.2148 0.0799999
      vertex 3.52276 12.1909 0.0799999
    endloop
  endfacet
  facet normal 0 0 -1
    outer loop
      vertex 1.93927 14.8739 0.0799999
      vertex 3.01785 13.2148 0.0799999
      vertex 3.32198 12.07 0.0799999
    endloop
  endfacet
  facet normal 0 0 -1
    outer loop
      vertex 3.01785 13.2148 0.0799999
      vertex 1.93927 14.8739 0.0799999
      vertex 2.15267 14.9692 0.0799999
    endloop
  endfacet
  facet normal 0 0 -1
    outer loop
      vertex 1.93927 14.8739 0.0799999
      vertex 1.52388 16.8215 0.0799999
      vertex 2.15267 14.9692 0.0799999
    endloop
  endfacet
  facet normal 0 0 -1
    outer loop
      vertex 0.934361 17.8342 0.0799999
      vertex 1.52388 16.8215 0.0799999
      vertex 1.93927 14.8739 0.0799999
    endloop
  endfacet
  facet normal 0 0 -1
    outer loop
      vertex 1.52388 16.8215 0.0799999
      vertex 0.934361 17.8342 0.0799999
      vertex 1.15693 17.9025 0.0799999
    endloop
  endfacet
  facet normal 0 0 -1
    outer loop
      vertex 0.934361 17.8342 0.0799999
      vertex 0.93422 19.0222 0.0799999
      vertex 1.15693 17.9025 0.0799999
    endloop
  endfacet
  facet normal 0 0 -1
    outer loop
      vertex 0.324468 20.9004 0.0799999
      vertex 0.93422 19.0222 0.0799999
      vertex 0.934361 17.8342 0.0799999
    endloop
  endfacet
  facet normal 0 0 -1
    outer loop
      vertex 0.424662 22.8927 0.0799999
      vertex 0.12 24.02 0.0799999
      vertex 0.349999 24.0318 0.0799999
    endloop
  endfacet
  facet normal 0 0 -1
    outer loop
      vertex 0.12 24.02 0.0799999
      vertex 0.424662 22.8927 0.0799999
      vertex 0.324468 20.9004 0.0799999
    endloop
  endfacet
  facet normal -0 0 -1
    outer loop
      vertex 0.552603 20.9407 0.0799999
      vertex 0.324468 20.9004 0.0799999
      vertex 0.424662 22.8927 0.0799999
    endloop
  endfacet
  facet normal 0 0 -1
    outer loop
      vertex 0.93422 19.0222 0.0799999
      vertex 0.324468 20.9004 0.0799999
      vertex 0.552603 20.9407 0.0799999
    endloop
  endfacet
  facet normal 0 0 -1
    outer loop
      vertex 233.175 130.707 0.0799999
      vertex 233.48 129.58 0.0799999
      vertex 233.25 129.568 0.0799999
    endloop
  endfacet
  facet normal 0 0 -1
    outer loop
      vertex 233.48 129.58 0.0799999
      vertex 233.175 130.707 0.0799999
      vertex 233.276 132.7 0.0799999
    endloop
  endfacet
  facet normal 0 0 -1
    outer loop
      vertex 233.047 132.659 0.0799999
      vertex 233.276 132.7 0.0799999
      vertex 233.175 130.707 0.0799999
    endloop
  endfacet
  facet normal 0 0 -1
    outer loop
      vertex 232.666 134.578 0.0799999
      vertex 233.276 132.7 0.0799999
      vertex 233.047 132.659 0.0799999
    endloop
  endfacet
  facet normal 0 0 -1
    outer loop
      vertex 232.666 134.578 0.0799999
      vertex 232.666 135.766 0.0799999
      vertex 233.276 132.7 0.0799999
    endloop
  endfacet
  facet normal 0 0 -1
    outer loop
      vertex 232.443 135.697 0.0799999
      vertex 232.666 135.766 0.0799999
      vertex 232.666 134.578 0.0799999
    endloop
  endfacet
  facet normal 0 0 -1
    outer loop
      vertex 232.076 136.778 0.0799999
      vertex 232.666 135.766 0.0799999
      vertex 232.443 135.697 0.0799999
    endloop
  endfacet
  facet normal 0 0 -1
    outer loop
      vertex 232.076 136.778 0.0799999
      vertex 231.661 138.726 0.0799999
      vertex 232.666 135.766 0.0799999
    endloop
  endfacet
  facet normal 0 0 -1
    outer loop
      vertex 231.447 138.631 0.0799999
      vertex 231.661 138.726 0.0799999
      vertex 232.076 136.778 0.0799999
    endloop
  endfacet
  facet normal 0 0 -1
    outer loop
      vertex 230.582 140.385 0.0799999
      vertex 231.661 138.726 0.0799999
      vertex 231.447 138.631 0.0799999
    endloop
  endfacet
  facet normal 0 0 -1
    outer loop
      vertex 230.582 140.385 0.0799999
      vertex 230.278 141.53 0.0799999
      vertex 231.661 138.726 0.0799999
    endloop
  endfacet
  facet normal 0 0 -1
    outer loop
      vertex 230.077 141.409 0.0799999
      vertex 230.278 141.53 0.0799999
      vertex 230.582 140.385 0.0799999
    endloop
  endfacet
  facet normal 0 0 -1
    outer loop
      vertex 229.443 142.358 0.0799999
      vertex 230.278 141.53 0.0799999
      vertex 230.077 141.409 0.0799999
    endloop
  endfacet
  facet normal 0 0 -1
    outer loop
      vertex 229.443 142.358 0.0799999
      vertex 228.541 144.129 0.0799999
      vertex 230.278 141.53 0.0799999
    endloop
  endfacet
  facet normal 0 0 -1
    outer loop
      vertex 228.356 143.985 0.0799999
      vertex 228.541 144.129 0.0799999
      vertex 229.443 142.358 0.0799999
    endloop
  endfacet
  facet normal 0 0 -1
    outer loop
      vertex 227.604 144.843 0.0799999
      vertex 228.541 144.129 0.0799999
      vertex 228.356 143.985 0.0799999
    endloop
  endfacet
  facet normal 0 0 -1
    outer loop
      vertex 227.604 144.843 0.0799999
      vertex 226.48 146.48 0.0799999
      vertex 228.541 144.129 0.0799999
    endloop
  endfacet
  facet normal 0 0 -1
    outer loop
      vertex 226.314 146.314 0.0799999
      vertex 226.48 146.48 0.0799999
      vertex 227.604 144.843 0.0799999
    endloop
  endfacet
  facet normal 0 0 -1
    outer loop
      vertex 224.843 147.604 0.0799999
      vertex 226.48 146.48 0.0799999
      vertex 226.314 146.314 0.0799999
    endloop
  endfacet
  facet normal 0 0 -1
    outer loop
      vertex 224.843 147.604 0.0799999
      vertex 224.129 148.541 0.0799999
      vertex 226.48 146.48 0.0799999
    endloop
  endfacet
  facet normal 0 0 -1
    outer loop
      vertex 223.985 148.356 0.0799999
      vertex 224.129 148.541 0.0799999
      vertex 224.843 147.604 0.0799999
    endloop
  endfacet
  facet normal 0 0 -1
    outer loop
      vertex 222.358 149.443 0.0799999
      vertex 224.129 148.541 0.0799999
      vertex 223.985 148.356 0.0799999
    endloop
  endfacet
  facet normal 0 0 -1
    outer loop
      vertex 222.358 149.443 0.0799999
      vertex 221.53 150.278 0.0799999
      vertex 224.129 148.541 0.0799999
    endloop
  endfacet
  facet normal 0 0 -1
    outer loop
      vertex 221.409 150.077 0.0799999
      vertex 221.53 150.278 0.0799999
      vertex 222.358 149.443 0.0799999
    endloop
  endfacet
  facet normal 0 0 -1
    outer loop
      vertex 220.385 150.582 0.0799999
      vertex 221.53 150.278 0.0799999
      vertex 221.409 150.077 0.0799999
    endloop
  endfacet
  facet normal 0 0 -1
    outer loop
      vertex 220.385 150.582 0.0799999
      vertex 218.726 151.661 0.0799999
      vertex 221.53 150.278 0.0799999
    endloop
  endfacet
  facet normal 0 0 -1
    outer loop
      vertex 218.631 151.447 0.0799999
      vertex 218.726 151.661 0.0799999
      vertex 220.385 150.582 0.0799999
    endloop
  endfacet
  facet normal 0 0 -1
    outer loop
      vertex 216.778 152.076 0.0799999
      vertex 218.726 151.661 0.0799999
      vertex 218.631 151.447 0.0799999
    endloop
  endfacet
  facet normal 0 0 -1
    outer loop
      vertex 216.778 152.076 0.0799999
      vertex 215.766 152.666 0.0799999
      vertex 218.726 151.661 0.0799999
    endloop
  endfacet
  facet normal 0 0 -1
    outer loop
      vertex 215.697 152.443 0.0799999
      vertex 215.766 152.666 0.0799999
      vertex 216.778 152.076 0.0799999
    endloop
  endfacet
  facet normal 0 0 -1
    outer loop
      vertex 214.578 152.666 0.0799999
      vertex 215.766 152.666 0.0799999
      vertex 215.697 152.443 0.0799999
    endloop
  endfacet
  facet normal 0 0 -1
    outer loop
      vertex 214.578 152.666 0.0799999
      vertex 212.7 153.276 0.0799999
      vertex 215.766 152.666 0.0799999
    endloop
  endfacet
  facet normal 0 0 -1
    outer loop
      vertex 212.659 153.047 0.0799999
      vertex 212.7 153.276 0.0799999
      vertex 214.578 152.666 0.0799999
    endloop
  endfacet
  facet normal 0 0 -1
    outer loop
      vertex 210.707 153.175 0.0799999
      vertex 212.7 153.276 0.0799999
      vertex 212.659 153.047 0.0799999
    endloop
  endfacet
  facet normal 0 0 -1
    outer loop
      vertex 210.707 153.175 0.0799999
      vertex 209.58 153.48 0.0799999
      vertex 212.7 153.276 0.0799999
    endloop
  endfacet
  facet normal 0 0 -1
    outer loop
      vertex 209.568 153.25 0.0799999
      vertex 209.58 153.48 0.0799999
      vertex 210.707 153.175 0.0799999
    endloop
  endfacet
  facet normal 0 0 -1
    outer loop
      vertex 24.0318 153.25 0.0799999
      vertex 209.58 153.48 0.0799999
      vertex 209.568 153.25 0.0799999
    endloop
  endfacet
  facet normal 0 0 -1
    outer loop
      vertex 24.0318 153.25 0.0799999
      vertex 24.02 153.48 0.0799999
      vertex 209.58 153.48 0.0799999
    endloop
  endfacet
  facet normal 0 0 -1
    outer loop
      vertex 22.8927 153.175 0.0799999
      vertex 24.02 153.48 0.0799999
      vertex 24.0318 153.25 0.0799999
    endloop
  endfacet
  facet normal 0 0 -1
    outer loop
      vertex 20.9004 153.276 0.0799999
      vertex 22.8927 153.175 0.0799999
      vertex 20.9407 153.047 0.0799999
    endloop
  endfacet
  facet normal 0 0 -1
    outer loop
      vertex 22.8927 153.175 0.0799999
      vertex 20.9004 153.276 0.0799999
      vertex 24.02 153.48 0.0799999
    endloop
  endfacet
  facet normal 0 0 -1
    outer loop
      vertex 19.0222 152.666 0.0799999
      vertex 20.9004 153.276 0.0799999
      vertex 20.9407 153.047 0.0799999
    endloop
  endfacet
  facet normal 0 0 -1
    outer loop
      vertex 17.8342 152.666 0.0799999
      vertex 19.0222 152.666 0.0799999
      vertex 17.9025 152.443 0.0799999
    endloop
  endfacet
  facet normal 0 0 -1
    outer loop
      vertex 19.0222 152.666 0.0799999
      vertex 17.8342 152.666 0.0799999
      vertex 20.9004 153.276 0.0799999
    endloop
  endfacet
  facet normal 0 0 -1
    outer loop
      vertex 16.8215 152.076 0.0799999
      vertex 17.8342 152.666 0.0799999
      vertex 17.9025 152.443 0.0799999
    endloop
  endfacet
  facet normal 0 0 -1
    outer loop
      vertex 14.8739 151.661 0.0799999
      vertex 16.8215 152.076 0.0799999
      vertex 14.9692 151.447 0.0799999
    endloop
  endfacet
  facet normal -0 0 -1
    outer loop
      vertex 16.8215 152.076 0.0799999
      vertex 14.8739 151.661 0.0799999
      vertex 17.8342 152.666 0.0799999
    endloop
  endfacet
  facet normal 0 0 -1
    outer loop
      vertex 13.2148 150.582 0.0799999
      vertex 14.8739 151.661 0.0799999
      vertex 14.9692 151.447 0.0799999
    endloop
  endfacet
  facet normal 0 0 -1
    outer loop
      vertex 12.07 150.278 0.0799999
      vertex 13.2148 150.582 0.0799999
      vertex 12.1909 150.077 0.0799999
    endloop
  endfacet
  facet normal -0 0 -1
    outer loop
      vertex 13.2148 150.582 0.0799999
      vertex 12.07 150.278 0.0799999
      vertex 14.8739 151.661 0.0799999
    endloop
  endfacet
  facet normal 0 0 -1
    outer loop
      vertex 11.2417 149.443 0.0799999
      vertex 12.07 150.278 0.0799999
      vertex 12.1909 150.077 0.0799999
    endloop
  endfacet
  facet normal 0 0 -1
    outer loop
      vertex 9.4706 148.541 0.0799999
      vertex 11.2417 149.443 0.0799999
      vertex 9.61524 148.356 0.0799999
    endloop
  endfacet
  facet normal -0 0 -1
    outer loop
      vertex 11.2417 149.443 0.0799999
      vertex 9.4706 148.541 0.0799999
      vertex 12.07 150.278 0.0799999
    endloop
  endfacet
  facet normal 0 0 -1
    outer loop
      vertex 8.75695 147.604 0.0799999
      vertex 9.4706 148.541 0.0799999
      vertex 9.61524 148.356 0.0799999
    endloop
  endfacet
  facet normal 0 0 -1
    outer loop
      vertex 7.12014 146.48 0.0799999
      vertex 8.75695 147.604 0.0799999
      vertex 7.28625 146.314 0.0799999
    endloop
  endfacet
  facet normal -0 0 -1
    outer loop
      vertex 8.75695 147.604 0.0799999
      vertex 7.12014 146.48 0.0799999
      vertex 9.4706 148.541 0.0799999
    endloop
  endfacet
  facet normal 0 0 -1
    outer loop
      vertex 5.99647 144.843 0.0799999
      vertex 7.12014 146.48 0.0799999
      vertex 7.28625 146.314 0.0799999
    endloop
  endfacet
  facet normal 0 0 -1
    outer loop
      vertex 5.05884 144.129 0.0799999
      vertex 5.99647 144.843 0.0799999
      vertex 5.24377 143.985 0.0799999
    endloop
  endfacet
  facet normal -0 0 -1
    outer loop
      vertex 5.99647 144.843 0.0799999
      vertex 5.05884 144.129 0.0799999
      vertex 7.12014 146.48 0.0799999
    endloop
  endfacet
  facet normal 0 0 -1
    outer loop
      vertex 4.15699 142.358 0.0799999
      vertex 5.05884 144.129 0.0799999
      vertex 5.24377 143.985 0.0799999
    endloop
  endfacet
  facet normal 0 0 -1
    outer loop
      vertex 3.32198 141.53 0.0799999
      vertex 4.15699 142.358 0.0799999
      vertex 3.52276 141.409 0.0799999
    endloop
  endfacet
  facet normal -0 0 -1
    outer loop
      vertex 4.15699 142.358 0.0799999
      vertex 3.32198 141.53 0.0799999
      vertex 5.05884 144.129 0.0799999
    endloop
  endfacet
  facet normal 0 0 -1
    outer loop
      vertex 3.01785 140.385 0.0799999
      vertex 3.32198 141.53 0.0799999
      vertex 3.52276 141.409 0.0799999
    endloop
  endfacet
  facet normal 0 0 -1
    outer loop
      vertex 1.93927 138.726 0.0799999
      vertex 3.01785 140.385 0.0799999
      vertex 2.15267 138.631 0.0799999
    endloop
  endfacet
  facet normal -0 0 -1
    outer loop
      vertex 3.01785 140.385 0.0799999
      vertex 1.93927 138.726 0.0799999
      vertex 3.32198 141.53 0.0799999
    endloop
  endfacet
  facet normal 0 0 -1
    outer loop
      vertex 1.52388 136.778 0.0799999
      vertex 1.93927 138.726 0.0799999
      vertex 2.15267 138.631 0.0799999
    endloop
  endfacet
  facet normal 0 0 -1
    outer loop
      vertex 0.934361 135.766 0.0799999
      vertex 1.52388 136.778 0.0799999
      vertex 1.15693 135.697 0.0799999
    endloop
  endfacet
  facet normal -0 0 -1
    outer loop
      vertex 1.52388 136.778 0.0799999
      vertex 0.934361 135.766 0.0799999
      vertex 1.93927 138.726 0.0799999
    endloop
  endfacet
  facet normal 0 0 -1
    outer loop
      vertex 0.93422 134.578 0.0799999
      vertex 0.934361 135.766 0.0799999
      vertex 1.15693 135.697 0.0799999
    endloop
  endfacet
  facet normal 0 0 -1
    outer loop
      vertex 0.324468 132.7 0.0799999
      vertex 0.93422 134.578 0.0799999
      vertex 0.552603 132.659 0.0799999
    endloop
  endfacet
  facet normal -0 0 -1
    outer loop
      vertex 0.93422 134.578 0.0799999
      vertex 0.324468 132.7 0.0799999
      vertex 0.934361 135.766 0.0799999
    endloop
  endfacet
  facet normal 0 0 -1
    outer loop
      vertex 0.424662 130.707 0.0799999
      vertex 0.324468 132.7 0.0799999
      vertex 0.552603 132.659 0.0799999
    endloop
  endfacet
  facet normal 0 0 -1
    outer loop
      vertex 0.12 129.58 0.0799999
      vertex 0.424662 130.707 0.0799999
      vertex 0.349999 129.568 0.0799999
    endloop
  endfacet
  facet normal -0 0 -1
    outer loop
      vertex 0.349999 24.0318 0.0799999
      vertex 0.12 24.02 0.0799999
      vertex 0.349999 129.568 0.0799999
    endloop
  endfacet
  facet normal 0 0 -1
    outer loop
      vertex 0.12 129.58 0.0799999
      vertex 0.349999 129.568 0.0799999
      vertex 0.12 24.02 0.0799999
    endloop
  endfacet
  facet normal -0 0 -1
    outer loop
      vertex 0.424662 130.707 0.0799999
      vertex 0.12 129.58 0.0799999
      vertex 0.324468 132.7 0.0799999
    endloop
  endfacet
  facet normal 0.773392 -0.633928 0
    outer loop
      vertex 228.54 9.46938 0.170549
      vertex 228.541 9.4706 0.0799999
      vertex 228.541 9.4706 0.170631
    endloop
  endfacet
  facet normal 0.751771 -0.659423 -0.000582282
    outer loop
      vertex 226.935 7.63961 0.17055
      vertex 228.541 9.4706 0.0799999
      vertex 228.54 9.46938 0.170549
    endloop
  endfacet
  facet normal 0.752244 -0.658885 0
    outer loop
      vertex 226.48 7.12014 0.0799999
      vertex 226.935 7.63961 0.17055
      vertex 226.48 7.12014 0.170551
    endloop
  endfacet
  facet normal 0.751881 -0.659286 0.0041275
    outer loop
      vertex 226.935 7.63961 0.17055
      vertex 226.48 7.12014 0.0799999
      vertex 228.541 9.4706 0.0799999
    endloop
  endfacet
  facet normal 0.0652444 0.997856 -0.00522819
    outer loop
      vertex 212.7 153.276 7.52
      vertex 212.035 153.319 7.42824
      vertex 209.58 153.48 7.52
    endloop
  endfacet
  facet normal 0.0645269 0.997916 0
    outer loop
      vertex 212.035 153.319 7.42824
      vertex 212.7 153.276 7.52
      vertex 212.7 153.276 7.42824
    endloop
  endfacet
  facet normal 0.0652728 0.997857 -0.00447256
    outer loop
      vertex 209.589 153.479 7.42824
      vertex 209.58 153.48 7.52
      vertex 212.035 153.319 7.42824
    endloop
  endfacet
  facet normal 0.110432 0.993884 0
    outer loop
      vertex 209.58 153.48 7.52
      vertex 209.589 153.479 7.42824
      vertex 209.58 153.48 7.428
    endloop
  endfacet
  facet normal 0.0645269 0.997916 0
    outer loop
      vertex 212.7 153.276 0.17176
      vertex 212.7 153.276 0.0799999
      vertex 212.035 153.319 0.171759
    endloop
  endfacet
  facet normal 0.0652444 0.997856 0.00522824
    outer loop
      vertex 209.58 153.48 0.0799999
      vertex 212.035 153.319 0.171759
      vertex 212.7 153.276 0.0799999
    endloop
  endfacet
  facet normal 0.0652728 0.997857 0.00447256
    outer loop
      vertex 212.035 153.319 0.171759
      vertex 209.58 153.48 0.0799999
      vertex 209.589 153.479 0.17176
    endloop
  endfacet
  facet normal 0.110432 0.993884 0
    outer loop
      vertex 209.589 153.479 0.17176
      vertex 209.58 153.48 0.0799999
      vertex 209.58 153.48 0.171996
    endloop
  endfacet
  facet normal 0.321084 0.947051 0
    outer loop
      vertex 218.726 151.661 0.171036
      vertex 218.726 151.661 0.0799999
      vertex 218.083 151.879 0.171035
    endloop
  endfacet
  facet normal 0.3215 0.946904 0.00328562
    outer loop
      vertex 215.766 152.666 0.0799999
      vertex 218.083 151.879 0.171035
      vertex 218.726 151.661 0.0799999
    endloop
  endfacet
  facet normal 0.316228 0.948683 0
    outer loop
      vertex 215.772 152.664 0.171038
      vertex 215.766 152.666 0.0799999
      vertex 215.766 152.666 0.171362
    endloop
  endfacet
  facet normal 0.321631 0.946865 -0.000396048
    outer loop
      vertex 218.083 151.879 0.171035
      vertex 215.766 152.666 0.0799999
      vertex 215.772 152.664 0.171038
    endloop
  endfacet
  facet normal 0.321084 0.947051 0
    outer loop
      vertex 218.083 151.879 7.42896
      vertex 218.726 151.661 7.52
      vertex 218.726 151.661 7.42896
    endloop
  endfacet
  facet normal 0.3215 0.946904 -0.00328544
    outer loop
      vertex 218.726 151.661 7.52
      vertex 218.083 151.879 7.42896
      vertex 215.766 152.666 7.52
    endloop
  endfacet
  facet normal 0.321631 0.946865 0.00039604
    outer loop
      vertex 215.772 152.664 7.42896
      vertex 215.766 152.666 7.52
      vertex 218.083 151.879 7.42896
    endloop
  endfacet
  facet normal 0.316228 0.948683 0
    outer loop
      vertex 215.766 152.666 7.52
      vertex 215.772 152.664 7.42896
      vertex 215.766 152.666 7.42864
    endloop
  endfacet
  facet normal 0.831603 0.555371 0
    outer loop
      vertex 228.923 143.557 0.17063
      vertex 228.541 144.129 0.0799999
      vertex 228.541 144.129 0.17063
    endloop
  endfacet
  facet normal 0.831355 0.555742 -4.9853e-05
    outer loop
      vertex 230.278 141.53 0.0799999
      vertex 228.923 143.557 0.17063
      vertex 230.276 141.533 0.170631
    endloop
  endfacet
  facet normal 0.831407 0.555658 0.00263314
    outer loop
      vertex 228.923 143.557 0.17063
      vertex 230.278 141.53 0.0799999
      vertex 228.541 144.129 0.0799999
    endloop
  endfacet
  facet normal 0.83205 0.5547 -0
    outer loop
      vertex 230.278 141.53 0.0799999
      vertex 230.276 141.533 0.170631
      vertex 230.278 141.53 0.170795
    endloop
  endfacet
  facet normal 0.896797 0.442442 0
    outer loop
      vertex 231.355 139.347 0.170792
      vertex 230.278 141.53 0.0799999
      vertex 230.278 141.53 0.170795
    endloop
  endfacet
  facet normal 0.897029 0.441972 0.000288237
    outer loop
      vertex 231.661 138.726 0.0799999
      vertex 231.355 139.347 0.170792
      vertex 231.659 138.73 0.170791
    endloop
  endfacet
  facet normal 0.896841 0.442344 -0.00288518
    outer loop
      vertex 231.355 139.347 0.170792
      vertex 231.661 138.726 0.0799999
      vertex 230.278 141.53 0.0799999
    endloop
  endfacet
  facet normal 0.894427 0.447214 -0
    outer loop
      vertex 231.661 138.726 0.0799999
      vertex 231.659 138.73 0.170791
      vertex 231.661 138.726 0.171036
    endloop
  endfacet
  facet normal 0.897063 0.441903 0
    outer loop
      vertex 231.15 139.762 7.42921
      vertex 231.05 139.965 7.5
      vertex 231.05 139.965 7.52
    endloop
  endfacet
  facet normal 0.897063 0.441903 0
    outer loop
      vertex 231.05 139.965 7.5
      vertex 231.15 139.762 7.42921
      vertex 231.05 139.965 6.68
    endloop
  endfacet
  facet normal 0.897063 0.441903 -0
    outer loop
      vertex 231.15 139.762 6.55
      vertex 231.05 139.965 6.68
      vertex 231.15 139.762 7.42921
    endloop
  endfacet
  facet normal 0.896574 0.442886 -0.00273651
    outer loop
      vertex 231.05 139.965 7.52
      vertex 231.355 139.347 7.42921
      vertex 231.15 139.762 7.42921
    endloop
  endfacet
  facet normal 0.896872 0.442283 0.00236798
    outer loop
      vertex 231.661 138.726 7.52
      vertex 231.355 139.347 7.42921
      vertex 231.05 139.965 7.52
    endloop
  endfacet
  facet normal 0.897029 0.441972 -0.000288241
    outer loop
      vertex 231.355 139.347 7.42921
      vertex 231.661 138.726 7.52
      vertex 231.659 138.73 7.42921
    endloop
  endfacet
  facet normal 0.894427 0.447214 0
    outer loop
      vertex 231.659 138.73 7.42921
      vertex 231.661 138.726 7.52
      vertex 231.661 138.726 7.42896
    endloop
  endfacet
  facet normal 0.897063 0.441903 0
    outer loop
      vertex 231.05 139.965 6.68
      vertex 231.15 139.762 6.55
      vertex 231.05 139.965 6.55
    endloop
  endfacet
  facet normal 0.803557 -0.595228 0
    outer loop
      vertex 230.276 12.0673 0.170633
      vertex 230.278 12.07 0.0799999
      vertex 230.278 12.07 0.170796
    endloop
  endfacet
  facet normal 0.831417 -0.555647 0.00179391
    outer loop
      vertex 228.923 10.0428 0.170631
      vertex 230.278 12.07 0.0799999
      vertex 230.276 12.0673 0.170633
    endloop
  endfacet
  facet normal 0.831692 -0.555237 0
    outer loop
      vertex 228.541 9.4706 0.0799999
      vertex 228.923 10.0428 0.170631
      vertex 228.541 9.4706 0.170631
    endloop
  endfacet
  facet normal 0.831445 -0.555597 0.00331962
    outer loop
      vertex 228.923 10.0428 0.170631
      vertex 228.541 9.4706 0.0799999
      vertex 230.278 12.07 0.0799999
    endloop
  endfacet
  facet normal 0.993884 -0.110432 0
    outer loop
      vertex 233.48 24.02 7.52
      vertex 233.479 24.011 7.42824
      vertex 233.48 24.02 7.428
    endloop
  endfacet
  facet normal 0.997857 -0.0652781 -0.00447204
    outer loop
      vertex 233.48 24.02 7.52
      vertex 233.319 21.5652 7.42824
      vertex 233.479 24.011 7.42824
    endloop
  endfacet
  facet normal 0.997855 -0.0652528 -0.00514659
    outer loop
      vertex 233.276 20.9004 7.52
      vertex 233.319 21.5652 7.42824
      vertex 233.48 24.02 7.52
    endloop
  endfacet
  facet normal 0.997915 -0.0645462 0
    outer loop
      vertex 233.319 21.5652 7.42824
      vertex 233.276 20.9004 7.52
      vertex 233.276 20.9004 7.42824
    endloop
  endfacet
  facet normal 0.993884 -0.110432 0
    outer loop
      vertex 233.479 24.011 0.17176
      vertex 233.48 24.02 0.0799999
      vertex 233.48 24.02 0.171996
    endloop
  endfacet
  facet normal 0.997857 -0.0652781 0.00447203
    outer loop
      vertex 233.319 21.5652 0.17176
      vertex 233.48 24.02 0.0799999
      vertex 233.479 24.011 0.17176
    endloop
  endfacet
  facet normal 0.997915 -0.0645462 0
    outer loop
      vertex 233.276 20.9004 0.0799999
      vertex 233.319 21.5652 0.17176
      vertex 233.276 20.9004 0.17176
    endloop
  endfacet
  facet normal 0.997855 -0.0652528 0.00514658
    outer loop
      vertex 233.319 21.5652 0.17176
      vertex 233.276 20.9004 0.0799999
      vertex 233.48 24.02 0.0799999
    endloop
  endfacet
  facet normal 0 0 1
    outer loop
      vertex 16.0157 2.2 7.52
      vertex 15.1243 2.1 7.52
      vertex 16.3103 2.1 7.52
    endloop
  endfacet
  facet normal 0 0 1
    outer loop
      vertex 15.1243 2.1 7.52
      vertex 14.3452 2.2 7.52
      vertex 14.8739 1.93927 7.52
    endloop
  endfacet
  facet normal -0 0 1
    outer loop
      vertex 14.3452 2.2 7.52
      vertex 15.1243 2.1 7.52
      vertex 16.0157 2.2 7.52
    endloop
  endfacet
  facet normal 0 0 1
    outer loop
      vertex 219.255 2.2 7.52
      vertex 218.476 2.1 7.52
      vertex 218.726 1.93927 7.52
    endloop
  endfacet
  facet normal -0 0 1
    outer loop
      vertex 217.584 2.2 7.52
      vertex 218.476 2.1 7.52
      vertex 219.255 2.2 7.52
    endloop
  endfacet
  facet normal 0 0 1
    outer loop
      vertex 218.476 2.1 7.52
      vertex 217.584 2.2 7.52
      vertex 217.29 2.1 7.52
    endloop
  endfacet
  facet normal 0 0 1
    outer loop
      vertex 216.778 1.52388 7.52
      vertex 218.726 1.93927 7.52
      vertex 218.476 2.1 7.52
    endloop
  endfacet
  facet normal -0 0 1
    outer loop
      vertex 216.778 1.52388 7.52
      vertex 215.766 0.934361 7.52
      vertex 218.726 1.93927 7.52
    endloop
  endfacet
  facet normal -0 0 1
    outer loop
      vertex 215.697 1.15693 7.52
      vertex 215.766 0.934361 7.52
      vertex 216.778 1.52388 7.52
    endloop
  endfacet
  facet normal 0 0 1
    outer loop
      vertex 214.578 0.934222 7.52
      vertex 215.766 0.934361 7.52
      vertex 215.697 1.15693 7.52
    endloop
  endfacet
  facet normal -0 0 1
    outer loop
      vertex 214.578 0.934222 7.52
      vertex 212.7 0.324468 7.52
      vertex 215.766 0.934361 7.52
    endloop
  endfacet
  facet normal -0 0 1
    outer loop
      vertex 212.659 0.552603 7.52
      vertex 212.7 0.324468 7.52
      vertex 214.578 0.934222 7.52
    endloop
  endfacet
  facet normal -0 0 1
    outer loop
      vertex 210.707 0.424662 7.52
      vertex 212.7 0.324468 7.52
      vertex 212.659 0.552603 7.52
    endloop
  endfacet
  facet normal 0 0 1
    outer loop
      vertex 210.707 0.424662 7.52
      vertex 209.58 0.12 7.52
      vertex 212.7 0.324468 7.52
    endloop
  endfacet
  facet normal -0 0 1
    outer loop
      vertex 209.568 0.35 7.52
      vertex 209.58 0.12 7.52
      vertex 210.707 0.424662 7.52
    endloop
  endfacet
  facet normal -0 0 1
    outer loop
      vertex 24.0318 0.35 7.52
      vertex 209.58 0.12 7.52
      vertex 209.568 0.35 7.52
    endloop
  endfacet
  facet normal 0 0 1
    outer loop
      vertex 24.0318 0.35 7.52
      vertex 24.02 0.12 7.52
      vertex 209.58 0.12 7.52
    endloop
  endfacet
  facet normal 0 0 1
    outer loop
      vertex 22.8927 0.424662 7.52
      vertex 24.02 0.12 7.52
      vertex 24.0318 0.35 7.52
    endloop
  endfacet
  facet normal 0 0 1
    outer loop
      vertex 20.9004 0.324468 7.52
      vertex 22.8927 0.424662 7.52
      vertex 20.9407 0.552603 7.52
    endloop
  endfacet
  facet normal 0 0 1
    outer loop
      vertex 22.8927 0.424662 7.52
      vertex 20.9004 0.324468 7.52
      vertex 24.02 0.12 7.52
    endloop
  endfacet
  facet normal 0 0 1
    outer loop
      vertex 19.0222 0.934222 7.52
      vertex 20.9004 0.324468 7.52
      vertex 20.9407 0.552603 7.52
    endloop
  endfacet
  facet normal -0 0 1
    outer loop
      vertex 17.8342 0.934361 7.52
      vertex 19.0222 0.934222 7.52
      vertex 17.9025 1.15693 7.52
    endloop
  endfacet
  facet normal 0 0 1
    outer loop
      vertex 19.0222 0.934222 7.52
      vertex 17.8342 0.934361 7.52
      vertex 20.9004 0.324468 7.52
    endloop
  endfacet
  facet normal 0 0 1
    outer loop
      vertex 16.8215 1.52388 7.52
      vertex 17.8342 0.934361 7.52
      vertex 17.9025 1.15693 7.52
    endloop
  endfacet
  facet normal -0 0 1
    outer loop
      vertex 14.8739 1.93927 7.52
      vertex 16.8215 1.52388 7.52
      vertex 15.1243 2.1 7.52
    endloop
  endfacet
  facet normal 0 0 1
    outer loop
      vertex 16.8215 1.52388 7.52
      vertex 14.8739 1.93927 7.52
      vertex 17.8342 0.934361 7.52
    endloop
  endfacet
  facet normal 0 0 1
    outer loop
      vertex 24.02 153.48 7.52
      vertex 115.996 153.25 7.52
      vertex 116.022 153.278 7.52
    endloop
  endfacet
  facet normal 0 0 1
    outer loop
      vertex 24.02 153.48 7.52
      vertex 116.022 153.278 7.52
      vertex 116.075 153.327 7.52
    endloop
  endfacet
  facet normal 0 0 1
    outer loop
      vertex 24.02 153.48 7.52
      vertex 116.075 153.327 7.52
      vertex 116.13 153.373 7.52
    endloop
  endfacet
  facet normal 0 0 1
    outer loop
      vertex 24.02 153.48 7.52
      vertex 116.13 153.373 7.52
      vertex 116.189 153.415 7.52
    endloop
  endfacet
  facet normal 0 0 1
    outer loop
      vertex 24.02 153.48 7.52
      vertex 116.189 153.415 7.52
      vertex 116.25 153.453 7.52
    endloop
  endfacet
  facet normal -0 0 1
    outer loop
      vertex 24.02 153.48 7.52
      vertex 116.25 153.453 7.52
      vertex 116.301 153.48 7.52
    endloop
  endfacet
  facet normal 0 0 1
    outer loop
      vertex 115.996 153.25 7.52
      vertex 24.02 153.48 7.52
      vertex 24.0318 153.25 7.52
    endloop
  endfacet
  facet normal 0 0 1
    outer loop
      vertex 24.02 153.48 7.52
      vertex 22.8927 153.175 7.52
      vertex 24.0318 153.25 7.52
    endloop
  endfacet
  facet normal -0 0 1
    outer loop
      vertex 20.9004 153.276 7.52
      vertex 22.8927 153.175 7.52
      vertex 24.02 153.48 7.52
    endloop
  endfacet
  facet normal 0 0 1
    outer loop
      vertex 22.8927 153.175 7.52
      vertex 20.9004 153.276 7.52
      vertex 20.9407 153.047 7.52
    endloop
  endfacet
  facet normal 0 0 1
    outer loop
      vertex 20.9004 153.276 7.52
      vertex 19.0222 152.666 7.52
      vertex 20.9407 153.047 7.52
    endloop
  endfacet
  facet normal 0 0 1
    outer loop
      vertex 17.8342 152.666 7.52
      vertex 19.0222 152.666 7.52
      vertex 20.9004 153.276 7.52
    endloop
  endfacet
  facet normal 0 0 1
    outer loop
      vertex 19.0222 152.666 7.52
      vertex 17.8342 152.666 7.52
      vertex 17.9025 152.443 7.52
    endloop
  endfacet
  facet normal 0 0 1
    outer loop
      vertex 17.8342 152.666 7.52
      vertex 16.8215 152.076 7.52
      vertex 17.9025 152.443 7.52
    endloop
  endfacet
  facet normal 0 0 1
    outer loop
      vertex 14.8739 151.661 7.52
      vertex 16.8215 152.076 7.52
      vertex 17.8342 152.666 7.52
    endloop
  endfacet
  facet normal 0 0 1
    outer loop
      vertex 16.8215 152.076 7.52
      vertex 14.8739 151.661 7.52
      vertex 15.1243 151.5 7.52
    endloop
  endfacet
  facet normal -0 0 1
    outer loop
      vertex 15.1243 151.5 7.52
      vertex 16.0157 151.4 7.52
      vertex 16.3103 151.5 7.52
    endloop
  endfacet
  facet normal 0 0 1
    outer loop
      vertex 15.1243 151.5 7.52
      vertex 14.3452 151.4 7.52
      vertex 16.0157 151.4 7.52
    endloop
  endfacet
  facet normal 0 0 1
    outer loop
      vertex 14.3452 151.4 7.52
      vertex 15.1243 151.5 7.52
      vertex 14.8739 151.661 7.52
    endloop
  endfacet
  facet normal 0 0 1
    outer loop
      vertex 231.15 15.2792 7.52
      vertex 231.115 15.1761 7.52
      vertex 231.15 14.3663 7.52
    endloop
  endfacet
  facet normal -0 0 1
    outer loop
      vertex 233.175 130.707 7.52
      vertex 233.48 129.58 7.52
      vertex 233.276 132.7 7.52
    endloop
  endfacet
  facet normal 0 0 1
    outer loop
      vertex 233.48 129.58 7.52
      vertex 233.25 129.568 7.52
      vertex 233.48 24.02 7.52
    endloop
  endfacet
  facet normal -0 0 1
    outer loop
      vertex 233.25 24.0318 7.52
      vertex 233.48 24.02 7.52
      vertex 233.25 129.568 7.52
    endloop
  endfacet
  facet normal 0 0 1
    outer loop
      vertex 233.48 129.58 7.52
      vertex 233.175 130.707 7.52
      vertex 233.25 129.568 7.52
    endloop
  endfacet
  facet normal 0 0 1
    outer loop
      vertex 233.276 132.7 7.52
      vertex 233.047 132.659 7.52
      vertex 233.175 130.707 7.52
    endloop
  endfacet
  facet normal 0 0 1
    outer loop
      vertex 233.276 132.7 7.52
      vertex 232.666 134.578 7.52
      vertex 233.047 132.659 7.52
    endloop
  endfacet
  facet normal 0 0 1
    outer loop
      vertex 232.666 135.766 7.52
      vertex 232.666 134.578 7.52
      vertex 233.276 132.7 7.52
    endloop
  endfacet
  facet normal 0 0 1
    outer loop
      vertex 232.666 135.766 7.52
      vertex 232.443 135.697 7.52
      vertex 232.666 134.578 7.52
    endloop
  endfacet
  facet normal 0 0 1
    outer loop
      vertex 232.666 135.766 7.52
      vertex 232.076 136.778 7.52
      vertex 232.443 135.697 7.52
    endloop
  endfacet
  facet normal 0 0 1
    outer loop
      vertex 231.661 138.726 7.52
      vertex 232.076 136.778 7.52
      vertex 232.666 135.766 7.52
    endloop
  endfacet
  facet normal 0 0 1
    outer loop
      vertex 231.661 138.726 7.52
      vertex 231.447 138.631 7.52
      vertex 232.076 136.778 7.52
    endloop
  endfacet
  facet normal 0 0 1
    outer loop
      vertex 231.661 138.726 7.52
      vertex 231.15 139.234 7.52
      vertex 231.447 138.631 7.52
    endloop
  endfacet
  facet normal 0 0 1
    outer loop
      vertex 231.15 139.234 7.52
      vertex 231.115 138.424 7.52
      vertex 231.15 138.321 7.52
    endloop
  endfacet
  facet normal 0 0 1
    outer loop
      vertex 231.05 139.965 7.52
      vertex 231.15 139.234 7.52
      vertex 231.661 138.726 7.52
    endloop
  endfacet
  facet normal 0 0 1
    outer loop
      vertex 231.05 138.556 7.52
      vertex 231.15 139.234 7.52
      vertex 231.05 139.965 7.52
    endloop
  endfacet
  facet normal 0 0 1
    outer loop
      vertex 231.15 139.234 7.52
      vertex 231.05 138.556 7.52
      vertex 231.115 138.424 7.52
    endloop
  endfacet
  facet normal 0 0 1
    outer loop
      vertex 233.175 22.8927 7.52
      vertex 233.48 24.02 7.52
      vertex 233.25 24.0318 7.52
    endloop
  endfacet
  facet normal 0 0 1
    outer loop
      vertex 233.48 24.02 7.52
      vertex 233.175 22.8927 7.52
      vertex 233.276 20.9004 7.52
    endloop
  endfacet
  facet normal -0 0 1
    outer loop
      vertex 233.047 20.9407 7.52
      vertex 233.276 20.9004 7.52
      vertex 233.175 22.8927 7.52
    endloop
  endfacet
  facet normal 0 0 1
    outer loop
      vertex 232.666 19.0222 7.52
      vertex 233.276 20.9004 7.52
      vertex 233.047 20.9407 7.52
    endloop
  endfacet
  facet normal -0 0 1
    outer loop
      vertex 232.666 19.0222 7.52
      vertex 232.666 17.8342 7.52
      vertex 233.276 20.9004 7.52
    endloop
  endfacet
  facet normal -0 0 1
    outer loop
      vertex 232.443 17.9025 7.52
      vertex 232.666 17.8342 7.52
      vertex 232.666 19.0222 7.52
    endloop
  endfacet
  facet normal 0 0 1
    outer loop
      vertex 232.076 16.8215 7.52
      vertex 232.666 17.8342 7.52
      vertex 232.443 17.9025 7.52
    endloop
  endfacet
  facet normal -0 0 1
    outer loop
      vertex 232.076 16.8215 7.52
      vertex 231.661 14.8739 7.52
      vertex 232.666 17.8342 7.52
    endloop
  endfacet
  facet normal -0 0 1
    outer loop
      vertex 231.447 14.9692 7.52
      vertex 231.661 14.8739 7.52
      vertex 232.076 16.8215 7.52
    endloop
  endfacet
  facet normal 0 0 1
    outer loop
      vertex 231.15 14.3663 7.52
      vertex 231.661 14.8739 7.52
      vertex 231.447 14.9692 7.52
    endloop
  endfacet
  facet normal -0 0 1
    outer loop
      vertex 231.05 15.0443 7.52
      vertex 231.15 14.3663 7.52
      vertex 231.115 15.1761 7.52
    endloop
  endfacet
  facet normal -0 0 1
    outer loop
      vertex 231.15 14.3663 7.52
      vertex 231.05 13.6355 7.52
      vertex 231.661 14.8739 7.52
    endloop
  endfacet
  facet normal 0 0 1
    outer loop
      vertex 231.05 13.6355 7.52
      vertex 231.15 14.3663 7.52
      vertex 231.05 15.0443 7.52
    endloop
  endfacet
  facet normal -0 0 1
    outer loop
      vertex 2.45 139.234 7.52
      vertex 2.55 138.556 7.52
      vertex 2.55 139.965 7.52
    endloop
  endfacet
  facet normal 0 0 1
    outer loop
      vertex 2.55 138.556 7.52
      vertex 2.45 139.234 7.52
      vertex 2.48502 138.424 7.52
    endloop
  endfacet
  facet normal 0 0 1
    outer loop
      vertex 1.93927 138.726 7.52
      vertex 2.45 139.234 7.52
      vertex 2.55 139.965 7.52
    endloop
  endfacet
  facet normal 0 0 1
    outer loop
      vertex 2.45 139.234 7.52
      vertex 1.93927 138.726 7.52
      vertex 2.15267 138.631 7.52
    endloop
  endfacet
  facet normal 0 0 1
    outer loop
      vertex 1.93927 138.726 7.52
      vertex 1.52388 136.778 7.52
      vertex 2.15267 138.631 7.52
    endloop
  endfacet
  facet normal 0 0 1
    outer loop
      vertex 0.934361 135.766 7.52
      vertex 1.52388 136.778 7.52
      vertex 1.93927 138.726 7.52
    endloop
  endfacet
  facet normal 0 0 1
    outer loop
      vertex 1.52388 136.778 7.52
      vertex 0.934361 135.766 7.52
      vertex 1.15693 135.697 7.52
    endloop
  endfacet
  facet normal 0 0 1
    outer loop
      vertex 0.934361 135.766 7.52
      vertex 0.934222 134.578 7.52
      vertex 1.15693 135.697 7.52
    endloop
  endfacet
  facet normal 0 0 1
    outer loop
      vertex 0.324468 132.7 7.52
      vertex 0.934222 134.578 7.52
      vertex 0.934361 135.766 7.52
    endloop
  endfacet
  facet normal 0 0 1
    outer loop
      vertex 0.424662 130.707 7.52
      vertex 0.12 129.58 7.52
      vertex 0.35 129.568 7.52
    endloop
  endfacet
  facet normal 0 0 1
    outer loop
      vertex 0.12 129.58 7.52
      vertex 0.424662 130.707 7.52
      vertex 0.324468 132.7 7.52
    endloop
  endfacet
  facet normal 0 0 1
    outer loop
      vertex 0.552603 132.659 7.52
      vertex 0.324468 132.7 7.52
      vertex 0.424662 130.707 7.52
    endloop
  endfacet
  facet normal 0 0 1
    outer loop
      vertex 0.934222 134.578 7.52
      vertex 0.324468 132.7 7.52
      vertex 0.552603 132.659 7.52
    endloop
  endfacet
  facet normal 0 0 1
    outer loop
      vertex 2.48502 138.424 7.52
      vertex 2.45 139.234 7.52
      vertex 2.45 138.321 7.52
    endloop
  endfacet
  facet normal 0 0 1
    outer loop
      vertex 2.45 14.3663 7.52
      vertex 2.55 15.0443 7.52
      vertex 2.48502 15.1761 7.52
    endloop
  endfacet
  facet normal 0 0 1
    outer loop
      vertex 2.45 14.3663 7.52
      vertex 2.48502 15.1761 7.52
      vertex 2.45 15.2792 7.52
    endloop
  endfacet
  facet normal 0 0 1
    outer loop
      vertex 2.55 15.0443 7.52
      vertex 2.45 14.3663 7.52
      vertex 2.55 13.6354 7.52
    endloop
  endfacet
  facet normal -0 0 1
    outer loop
      vertex 1.93927 14.8739 7.52
      vertex 2.45 14.3663 7.52
      vertex 2.15267 14.9692 7.52
    endloop
  endfacet
  facet normal 0 0 1
    outer loop
      vertex 2.45 14.3663 7.52
      vertex 1.93927 14.8739 7.52
      vertex 2.55 13.6354 7.52
    endloop
  endfacet
  facet normal 0 0 1
    outer loop
      vertex 1.52388 16.8215 7.52
      vertex 1.93927 14.8739 7.52
      vertex 2.15267 14.9692 7.52
    endloop
  endfacet
  facet normal -0 0 1
    outer loop
      vertex 0.934361 17.8342 7.52
      vertex 1.52388 16.8215 7.52
      vertex 1.15693 17.9025 7.52
    endloop
  endfacet
  facet normal 0 0 1
    outer loop
      vertex 1.52388 16.8215 7.52
      vertex 0.934361 17.8342 7.52
      vertex 1.93927 14.8739 7.52
    endloop
  endfacet
  facet normal 0 0 1
    outer loop
      vertex 0.934222 19.0222 7.52
      vertex 0.934361 17.8342 7.52
      vertex 1.15693 17.9025 7.52
    endloop
  endfacet
  facet normal -0 0 1
    outer loop
      vertex 0.324468 20.9004 7.52
      vertex 0.934222 19.0222 7.52
      vertex 0.552603 20.9407 7.52
    endloop
  endfacet
  facet normal 0 0 1
    outer loop
      vertex 0.934222 19.0222 7.52
      vertex 0.324468 20.9004 7.52
      vertex 0.934361 17.8342 7.52
    endloop
  endfacet
  facet normal 0 0 1
    outer loop
      vertex 0.424662 22.8927 7.52
      vertex 0.324468 20.9004 7.52
      vertex 0.552603 20.9407 7.52
    endloop
  endfacet
  facet normal -0 0 1
    outer loop
      vertex 0.12 24.02 7.52
      vertex 0.424662 22.8927 7.52
      vertex 0.35 24.0318 7.52
    endloop
  endfacet
  facet normal 0 0 1
    outer loop
      vertex 0.35 129.568 7.52
      vertex 0.12 129.58 7.52
      vertex 0.35 24.0318 7.52
    endloop
  endfacet
  facet normal 0 0 1
    outer loop
      vertex 0.12 24.02 7.52
      vertex 0.35 24.0318 7.52
      vertex 0.12 129.58 7.52
    endloop
  endfacet
  facet normal 0 0 1
    outer loop
      vertex 0.424662 22.8927 7.52
      vertex 0.12 24.02 7.52
      vertex 0.324468 20.9004 7.52
    endloop
  endfacet
  facet normal 0 0 1
    outer loop
      vertex 218.726 151.661 7.52
      vertex 216.778 152.076 7.52
      vertex 218.476 151.5 7.52
    endloop
  endfacet
  facet normal 0 0 1
    outer loop
      vertex 215.766 152.666 7.52
      vertex 216.778 152.076 7.52
      vertex 218.726 151.661 7.52
    endloop
  endfacet
  facet normal 0 0 1
    outer loop
      vertex 215.766 152.666 7.52
      vertex 215.697 152.443 7.52
      vertex 216.778 152.076 7.52
    endloop
  endfacet
  facet normal 0 0 1
    outer loop
      vertex 215.766 152.666 7.52
      vertex 214.578 152.666 7.52
      vertex 215.697 152.443 7.52
    endloop
  endfacet
  facet normal 0 0 1
    outer loop
      vertex 212.7 153.276 7.52
      vertex 214.578 152.666 7.52
      vertex 215.766 152.666 7.52
    endloop
  endfacet
  facet normal 0 0 1
    outer loop
      vertex 212.7 153.276 7.52
      vertex 212.659 153.047 7.52
      vertex 214.578 152.666 7.52
    endloop
  endfacet
  facet normal 0 0 1
    outer loop
      vertex 212.7 153.276 7.52
      vertex 210.707 153.175 7.52
      vertex 212.659 153.047 7.52
    endloop
  endfacet
  facet normal 0 0 1
    outer loop
      vertex 209.58 153.48 7.52
      vertex 210.707 153.175 7.52
      vertex 212.7 153.276 7.52
    endloop
  endfacet
  facet normal 0 0 1
    outer loop
      vertex 209.58 153.48 7.52
      vertex 209.568 153.25 7.52
      vertex 210.707 153.175 7.52
    endloop
  endfacet
  facet normal 0 0 1
    outer loop
      vertex 209.58 153.48 7.52
      vertex 117.604 153.25 7.52
      vertex 209.568 153.25 7.52
    endloop
  endfacet
  facet normal 0 0 1
    outer loop
      vertex 209.58 153.48 7.52
      vertex 117.578 153.278 7.52
      vertex 117.604 153.25 7.52
    endloop
  endfacet
  facet normal 0 0 1
    outer loop
      vertex 209.58 153.48 7.52
      vertex 117.525 153.327 7.52
      vertex 117.578 153.278 7.52
    endloop
  endfacet
  facet normal 0 0 1
    outer loop
      vertex 209.58 153.48 7.52
      vertex 117.47 153.373 7.52
      vertex 117.525 153.327 7.52
    endloop
  endfacet
  facet normal 0 0 1
    outer loop
      vertex 209.58 153.48 7.52
      vertex 117.411 153.415 7.52
      vertex 117.47 153.373 7.52
    endloop
  endfacet
  facet normal 0 0 1
    outer loop
      vertex 209.58 153.48 7.52
      vertex 117.35 153.453 7.52
      vertex 117.411 153.415 7.52
    endloop
  endfacet
  facet normal 0 -0 1
    outer loop
      vertex 117.35 153.453 7.52
      vertex 209.58 153.48 7.52
      vertex 117.299 153.48 7.52
    endloop
  endfacet
  facet normal -0 0 1
    outer loop
      vertex 218.476 151.5 7.52
      vertex 219.255 151.4 7.52
      vertex 218.726 151.661 7.52
    endloop
  endfacet
  facet normal 0 0 1
    outer loop
      vertex 218.476 151.5 7.52
      vertex 217.584 151.4 7.52
      vertex 219.255 151.4 7.52
    endloop
  endfacet
  facet normal 0 -0 1
    outer loop
      vertex 217.584 151.4 7.52
      vertex 218.476 151.5 7.52
      vertex 217.29 151.5 7.52
    endloop
  endfacet
  facet normal 0.442092 -0.896969 -0.000526419
    outer loop
      vertex 219.052 2.1 7.4292
      vertex 219.255 2.2 7.52
      vertex 218.726 1.93927 7.52
    endloop
  endfacet
  facet normal 0.441878 -0.897074 -0.00147888
    outer loop
      vertex 219.052 2.1 7.4292
      vertex 218.726 1.93927 7.52
      vertex 218.73 1.94139 7.4292
    endloop
  endfacet
  facet normal 0.468294 -0.883573 0
    outer loop
      vertex 218.73 1.94139 7.4292
      vertex 218.726 1.93927 7.52
      vertex 218.726 1.93927 7.42896
    endloop
  endfacet
  facet normal 0.441903 -0.897063 0
    outer loop
      vertex 219.255 2.2 7.52
      vertex 219.052 2.1 7.4292
      vertex 219.255 2.2 7.5
    endloop
  endfacet
  facet normal 0.441903 -0.897063 0
    outer loop
      vertex 219.052 2.1 7.4292
      vertex 219.255 2.2 6.68
      vertex 219.255 2.2 7.5
    endloop
  endfacet
  facet normal 0.441903 -0.897063 0
    outer loop
      vertex 219.052 2.1 6.55
      vertex 219.255 2.2 6.68
      vertex 219.052 2.1 7.4292
    endloop
  endfacet
  facet normal 0.441903 -0.897063 0
    outer loop
      vertex 219.255 2.2 6.68
      vertex 219.052 2.1 6.55
      vertex 219.255 2.2 6.55
    endloop
  endfacet
  facet normal 0.468294 -0.883573 0
    outer loop
      vertex 218.726 1.93927 0.171038
      vertex 218.726 1.93927 0.0799999
      vertex 218.73 1.94139 0.170794
    endloop
  endfacet
  facet normal 0.442065 -0.896982 0.0014686
    outer loop
      vertex 218.726 1.93927 0.0799999
      vertex 219.347 2.24547 0.170795
      vertex 218.73 1.94139 0.170794
    endloop
  endfacet
  facet normal 0.442271 -0.896882 -0.00027517
    outer loop
      vertex 221.53 3.32198 0.0799999
      vertex 219.347 2.24547 0.170795
      vertex 218.726 1.93927 0.0799999
    endloop
  endfacet
  facet normal 0.44228 -0.896877 0
    outer loop
      vertex 219.347 2.24547 0.170795
      vertex 221.53 3.32198 0.0799999
      vertex 221.53 3.32198 0.170798
    endloop
  endfacet
  facet normal 0.514496 -0.857493 0
    outer loop
      vertex 221.53 3.32198 0.0799999
      vertex 221.533 3.32378 0.170634
      vertex 221.53 3.32198 0.170798
    endloop
  endfacet
  facet normal 0.55567 -0.831401 -0.00188109
    outer loop
      vertex 221.53 3.32198 0.0799999
      vertex 223.557 4.67653 0.170632
      vertex 221.533 3.32378 0.170634
    endloop
  endfacet
  facet normal 0.555628 -0.831431 -0.000493346
    outer loop
      vertex 224.129 5.05884 0.0799999
      vertex 223.557 4.67653 0.170632
      vertex 221.53 3.32198 0.0799999
    endloop
  endfacet
  facet normal 0.555683 -0.831395 0
    outer loop
      vertex 223.557 4.67653 0.170632
      vertex 224.129 5.05884 0.0799999
      vertex 224.129 5.05884 0.170632
    endloop
  endfacet
  facet normal -0.322018 0.946733 0
    outer loop
      vertex 217.584 2.2 7.5
      vertex 217.29 2.1 7.52
      vertex 217.584 2.2 7.52
    endloop
  endfacet
  facet normal -0.322018 0.946733 0
    outer loop
      vertex 217.584 2.2 6.68
      vertex 217.29 2.1 7.52
      vertex 217.584 2.2 7.5
    endloop
  endfacet
  facet normal -0.322018 0.946733 0
    outer loop
      vertex 217.29 2.1 6.55
      vertex 217.584 2.2 6.68
      vertex 217.584 2.2 6.55
    endloop
  endfacet
  facet normal -0.322018 0.946733 0
    outer loop
      vertex 217.584 2.2 6.68
      vertex 217.29 2.1 6.55
      vertex 217.29 2.1 7.52
    endloop
  endfacet
  facet normal 0.32143 -0.946933 0
    outer loop
      vertex 16.0157 151.4 7.5
      vertex 16.3103 151.5 7.52
      vertex 16.0157 151.4 7.52
    endloop
  endfacet
  facet normal 0.32143 -0.946933 0
    outer loop
      vertex 16.0157 151.4 6.68
      vertex 16.3103 151.5 7.52
      vertex 16.0157 151.4 7.5
    endloop
  endfacet
  facet normal 0.32143 -0.946933 0
    outer loop
      vertex 16.3103 151.5 6.55
      vertex 16.0157 151.4 6.68
      vertex 16.0157 151.4 6.55
    endloop
  endfacet
  facet normal 0.32143 -0.946933 0
    outer loop
      vertex 16.0157 151.4 6.68
      vertex 16.3103 151.5 6.55
      vertex 16.3103 151.5 7.52
    endloop
  endfacet
  facet normal 0.946868 0.321623 0
    outer loop
      vertex 2.48502 15.1761 7.52
      vertex 2.45 15.2792 6.55
      vertex 2.45 15.2792 7.52
    endloop
  endfacet
  facet normal 0.946868 0.321623 0
    outer loop
      vertex 2.45 15.2792 6.55
      vertex 2.48502 15.1761 7.52
      vertex 2.48502 15.1761 6.55
    endloop
  endfacet
  facet normal -0.897129 -0.441768 0
    outer loop
      vertex 231.115 138.424 6.55
      vertex 231.05 138.556 6.68
      vertex 231.05 138.556 6.55
    endloop
  endfacet
  facet normal -0.897129 -0.441768 -0
    outer loop
      vertex 231.115 138.424 7.52
      vertex 231.05 138.556 6.68
      vertex 231.115 138.424 6.55
    endloop
  endfacet
  facet normal -0.897129 -0.441768 0
    outer loop
      vertex 231.05 138.556 6.68
      vertex 231.115 138.424 7.52
      vertex 231.05 138.556 7.5
    endloop
  endfacet
  facet normal -0.897129 -0.441768 0
    outer loop
      vertex 231.05 138.556 7.5
      vertex 231.115 138.424 7.52
      vertex 231.05 138.556 7.52
    endloop
  endfacet
  facet normal 0.896917 0.442198 -0
    outer loop
      vertex 2.55 15.0443 7.5
      vertex 2.48502 15.1761 7.52
      vertex 2.55 15.0443 7.52
    endloop
  endfacet
  facet normal 0.896917 0.442198 -0
    outer loop
      vertex 2.55 15.0443 6.68
      vertex 2.48502 15.1761 7.52
      vertex 2.55 15.0443 7.5
    endloop
  endfacet
  facet normal 0.896917 0.442198 0
    outer loop
      vertex 2.48502 15.1761 7.52
      vertex 2.55 15.0443 6.68
      vertex 2.48502 15.1761 6.55
    endloop
  endfacet
  facet normal 0.896917 0.442198 0
    outer loop
      vertex 2.48502 15.1761 6.55
      vertex 2.55 15.0443 6.68
      vertex 2.55 15.0443 6.55
    endloop
  endfacet
  facet normal 0 1 -0
    outer loop
      vertex 120.8 0.7 3.192
      vertex 112.8 0.7 5.592
      vertex 120.8 0.7 5.592
    endloop
  endfacet
  facet normal 0 1 0
    outer loop
      vertex 112.8 0.7 5.592
      vertex 120.8 0.7 3.192
      vertex 112.8 0.7 3.192
    endloop
  endfacet
  facet normal -0.322018 -0.946733 0
    outer loop
      vertex 217.29 151.5 7.52
      vertex 217.584 151.4 7.5
      vertex 217.584 151.4 7.52
    endloop
  endfacet
  facet normal -0.322018 -0.946733 0
    outer loop
      vertex 217.29 151.5 7.52
      vertex 217.584 151.4 6.68
      vertex 217.584 151.4 7.5
    endloop
  endfacet
  facet normal -0.322018 -0.946733 0
    outer loop
      vertex 217.29 151.5 6.55
      vertex 217.584 151.4 6.68
      vertex 217.29 151.5 7.52
    endloop
  endfacet
  facet normal -0.322018 -0.946733 -0
    outer loop
      vertex 217.584 151.4 6.68
      vertex 217.29 151.5 6.55
      vertex 217.584 151.4 6.55
    endloop
  endfacet
  facet normal -0.946924 0.321458 0
    outer loop
      vertex 231.115 15.1761 6.55
      vertex 231.15 15.2792 7.52
      vertex 231.15 15.2792 6.55
    endloop
  endfacet
  facet normal -0.946924 0.321458 0
    outer loop
      vertex 231.15 15.2792 7.52
      vertex 231.115 15.1761 6.55
      vertex 231.115 15.1761 7.52
    endloop
  endfacet
  facet normal 0.32143 0.946933 0
    outer loop
      vertex 16.3103 2.1 7.52
      vertex 16.0157 2.2 7.5
      vertex 16.0157 2.2 7.52
    endloop
  endfacet
  facet normal 0.32143 0.946933 0
    outer loop
      vertex 16.3103 2.1 7.52
      vertex 16.0157 2.2 6.68
      vertex 16.0157 2.2 7.5
    endloop
  endfacet
  facet normal 0.32143 0.946933 -0
    outer loop
      vertex 16.3103 2.1 6.55
      vertex 16.0157 2.2 6.68
      vertex 16.3103 2.1 7.52
    endloop
  endfacet
  facet normal 0.32143 0.946933 0
    outer loop
      vertex 16.0157 2.2 6.68
      vertex 16.3103 2.1 6.55
      vertex 16.0157 2.2 6.55
    endloop
  endfacet
  facet normal -0.896863 0.442307 0
    outer loop
      vertex 231.05 15.0443 6.68
      vertex 231.115 15.1761 6.55
      vertex 231.05 15.0443 6.55
    endloop
  endfacet
  facet normal -0.896863 0.442307 0
    outer loop
      vertex 231.115 15.1761 6.55
      vertex 231.05 15.0443 6.68
      vertex 231.115 15.1761 7.52
    endloop
  endfacet
  facet normal -0.896863 0.442307 0
    outer loop
      vertex 231.05 15.0443 7.5
      vertex 231.115 15.1761 7.52
      vertex 231.05 15.0443 6.68
    endloop
  endfacet
  facet normal -0.896863 0.442307 0
    outer loop
      vertex 231.115 15.1761 7.52
      vertex 231.05 15.0443 7.5
      vertex 231.05 15.0443 7.52
    endloop
  endfacet
  facet normal 0.946773 -0.321903 0
    outer loop
      vertex 2.45 138.321 7.52
      vertex 2.48502 138.424 6.55
      vertex 2.48502 138.424 7.52
    endloop
  endfacet
  facet normal 0.946773 -0.321903 0
    outer loop
      vertex 2.48502 138.424 6.55
      vertex 2.45 138.321 7.52
      vertex 2.45 138.321 6.55
    endloop
  endfacet
  facet normal -0.946829 -0.321738 0
    outer loop
      vertex 231.15 138.321 6.55
      vertex 231.115 138.424 7.52
      vertex 231.115 138.424 6.55
    endloop
  endfacet
  facet normal -0.946829 -0.321738 0
    outer loop
      vertex 231.115 138.424 7.52
      vertex 231.15 138.321 6.55
      vertex 231.15 138.321 7.52
    endloop
  endfacet
  facet normal 0.897183 -0.441659 0
    outer loop
      vertex 2.48502 138.424 7.52
      vertex 2.55 138.556 7.5
      vertex 2.55 138.556 7.52
    endloop
  endfacet
  facet normal 0.897183 -0.441659 0
    outer loop
      vertex 2.55 138.556 7.5
      vertex 2.48502 138.424 7.52
      vertex 2.55 138.556 6.68
    endloop
  endfacet
  facet normal 0.897183 -0.441659 0
    outer loop
      vertex 2.48502 138.424 6.55
      vertex 2.55 138.556 6.68
      vertex 2.48502 138.424 7.52
    endloop
  endfacet
  facet normal 0.897183 -0.441659 0
    outer loop
      vertex 2.55 138.556 6.68
      vertex 2.48502 138.424 6.55
      vertex 2.55 138.556 6.55
    endloop
  endfacet
  facet normal 0 -1 0
    outer loop
      vertex 9.55 2.2 6.68
      vertex 14.3452 2.2 7.5
      vertex 9.55 2.2 7.5
    endloop
  endfacet
  facet normal 0 -1 -0
    outer loop
      vertex 14.3452 2.2 7.5
      vertex 9.55 2.2 6.68
      vertex 14.3452 2.2 6.68
    endloop
  endfacet
  facet normal 0 -1 0
    outer loop
      vertex 219.255 2.2 6.68
      vertex 224.05 2.2 7.5
      vertex 219.255 2.2 7.5
    endloop
  endfacet
  facet normal 0 -1 -0
    outer loop
      vertex 224.05 2.2 7.5
      vertex 219.255 2.2 6.68
      vertex 224.05 2.2 6.68
    endloop
  endfacet
  facet normal 0 1 -0
    outer loop
      vertex 16.0157 2.2 7.5
      vertex 14.3452 2.2 7.52
      vertex 16.0157 2.2 7.52
    endloop
  endfacet
  facet normal 0 1 0
    outer loop
      vertex 14.3452 2.2 7.52
      vertex 16.0157 2.2 7.5
      vertex 14.3452 2.2 7.5
    endloop
  endfacet
  facet normal 0 1 -0
    outer loop
      vertex 219.255 2.2 7.5
      vertex 217.584 2.2 7.52
      vertex 219.255 2.2 7.52
    endloop
  endfacet
  facet normal 0 1 0
    outer loop
      vertex 217.584 2.2 7.52
      vertex 219.255 2.2 7.5
      vertex 217.584 2.2 7.5
    endloop
  endfacet
  facet normal 0 1 -0
    outer loop
      vertex 16.0157 2.2 6.55
      vertex 14.3452 2.2 6.68
      vertex 16.0157 2.2 6.68
    endloop
  endfacet
  facet normal 0 1 0
    outer loop
      vertex 14.3452 2.2 6.68
      vertex 16.0157 2.2 6.55
      vertex 14.3452 2.2 6.55
    endloop
  endfacet
  facet normal 0 1 -0
    outer loop
      vertex 219.255 2.2 6.55
      vertex 217.584 2.2 6.68
      vertex 219.255 2.2 6.68
    endloop
  endfacet
  facet normal 0 1 0
    outer loop
      vertex 217.584 2.2 6.68
      vertex 219.255 2.2 6.55
      vertex 217.584 2.2 6.55
    endloop
  endfacet
  facet normal 0 -1 0
    outer loop
      vertex 16.0157 2.2 6.68
      vertex 217.584 2.2 7.5
      vertex 16.0157 2.2 7.5
    endloop
  endfacet
  facet normal 0 -1 -0
    outer loop
      vertex 217.584 2.2 7.5
      vertex 16.0157 2.2 6.68
      vertex 217.584 2.2 6.68
    endloop
  endfacet
  facet normal -1 0 0
    outer loop
      vertex 2.55 9.2 6.68
      vertex 2.55 13.6354 7.5
      vertex 2.55 13.6354 6.68
    endloop
  endfacet
  facet normal -1 -0 0
    outer loop
      vertex 2.55 13.6354 7.5
      vertex 2.55 9.2 6.68
      vertex 2.55 9.2 7.5
    endloop
  endfacet
  facet normal -1 0 0
    outer loop
      vertex 2.55 139.965 6.68
      vertex 2.55 144.4 7.5
      vertex 2.55 144.4 6.68
    endloop
  endfacet
  facet normal -1 -0 0
    outer loop
      vertex 2.55 144.4 7.5
      vertex 2.55 139.965 6.68
      vertex 2.55 139.965 7.5
    endloop
  endfacet
  facet normal 1 -0 0
    outer loop
      vertex 2.55 138.556 7.52
      vertex 2.55 139.965 7.5
      vertex 2.55 139.965 7.52
    endloop
  endfacet
  facet normal 1 0 0
    outer loop
      vertex 2.55 139.965 7.5
      vertex 2.55 138.556 7.52
      vertex 2.55 138.556 7.5
    endloop
  endfacet
  facet normal 1 -0 0
    outer loop
      vertex 2.55 13.6354 7.52
      vertex 2.55 15.0443 7.5
      vertex 2.55 15.0443 7.52
    endloop
  endfacet
  facet normal 1 0 0
    outer loop
      vertex 2.55 15.0443 7.5
      vertex 2.55 13.6354 7.52
      vertex 2.55 13.6354 7.5
    endloop
  endfacet
  facet normal 1 -0 0
    outer loop
      vertex 2.55 138.556 6.68
      vertex 2.55 139.965 6.55
      vertex 2.55 139.965 6.68
    endloop
  endfacet
  facet normal 1 0 0
    outer loop
      vertex 2.55 139.965 6.55
      vertex 2.55 138.556 6.68
      vertex 2.55 138.556 6.55
    endloop
  endfacet
  facet normal 1 -0 0
    outer loop
      vertex 2.55 13.6354 6.68
      vertex 2.55 15.0443 6.55
      vertex 2.55 15.0443 6.68
    endloop
  endfacet
  facet normal 1 0 0
    outer loop
      vertex 2.55 15.0443 6.55
      vertex 2.55 13.6354 6.68
      vertex 2.55 13.6354 6.55
    endloop
  endfacet
  facet normal -1 0 0
    outer loop
      vertex 2.55 15.0443 6.68
      vertex 2.55 138.556 7.5
      vertex 2.55 138.556 6.68
    endloop
  endfacet
  facet normal -1 -0 0
    outer loop
      vertex 2.55 138.556 7.5
      vertex 2.55 15.0443 6.68
      vertex 2.55 15.0443 7.5
    endloop
  endfacet
  facet normal 1 -0 0
    outer loop
      vertex 231.05 9.2 7.5
      vertex 231.05 13.6355 6.68
      vertex 231.05 13.6355 7.5
    endloop
  endfacet
  facet normal 1 0 0
    outer loop
      vertex 231.05 13.6355 6.68
      vertex 231.05 9.2 7.5
      vertex 231.05 9.2 6.68
    endloop
  endfacet
  facet normal 1 -0 0
    outer loop
      vertex 231.05 139.965 7.5
      vertex 231.05 144.4 6.68
      vertex 231.05 144.4 7.5
    endloop
  endfacet
  facet normal 1 0 0
    outer loop
      vertex 231.05 144.4 6.68
      vertex 231.05 139.965 7.5
      vertex 231.05 139.965 6.68
    endloop
  endfacet
  facet normal -1 0 0
    outer loop
      vertex 231.05 138.556 7.5
      vertex 231.05 139.965 7.52
      vertex 231.05 139.965 7.5
    endloop
  endfacet
  facet normal -1 -0 0
    outer loop
      vertex 231.05 139.965 7.52
      vertex 231.05 138.556 7.5
      vertex 231.05 138.556 7.52
    endloop
  endfacet
  facet normal -1 0 0
    outer loop
      vertex 231.05 13.6355 7.5
      vertex 231.05 15.0443 7.52
      vertex 231.05 15.0443 7.5
    endloop
  endfacet
  facet normal -1 -0 0
    outer loop
      vertex 231.05 15.0443 7.52
      vertex 231.05 13.6355 7.5
      vertex 231.05 13.6355 7.52
    endloop
  endfacet
  facet normal -1 0 0
    outer loop
      vertex 231.05 13.6355 6.55
      vertex 231.05 15.0443 6.68
      vertex 231.05 15.0443 6.55
    endloop
  endfacet
  facet normal -1 -0 0
    outer loop
      vertex 231.05 15.0443 6.68
      vertex 231.05 13.6355 6.55
      vertex 231.05 13.6355 6.68
    endloop
  endfacet
  facet normal -1 0 0
    outer loop
      vertex 231.05 138.556 6.55
      vertex 231.05 139.965 6.68
      vertex 231.05 139.965 6.55
    endloop
  endfacet
  facet normal -1 -0 0
    outer loop
      vertex 231.05 139.965 6.68
      vertex 231.05 138.556 6.55
      vertex 231.05 138.556 6.68
    endloop
  endfacet
  facet normal 1 -0 0
    outer loop
      vertex 231.05 15.0443 7.5
      vertex 231.05 138.556 6.68
      vertex 231.05 138.556 7.5
    endloop
  endfacet
  facet normal 1 0 0
    outer loop
      vertex 231.05 138.556 6.68
      vertex 231.05 15.0443 7.5
      vertex 231.05 15.0443 6.68
    endloop
  endfacet
  facet normal 0 1 -0
    outer loop
      vertex 224.05 151.4 6.68
      vertex 219.255 151.4 7.5
      vertex 224.05 151.4 7.5
    endloop
  endfacet
  facet normal 0 1 0
    outer loop
      vertex 219.255 151.4 7.5
      vertex 224.05 151.4 6.68
      vertex 219.255 151.4 6.68
    endloop
  endfacet
  facet normal 0 1 -0
    outer loop
      vertex 14.3452 151.4 6.68
      vertex 9.55 151.4 7.5
      vertex 14.3452 151.4 7.5
    endloop
  endfacet
  facet normal 0 1 0
    outer loop
      vertex 9.55 151.4 7.5
      vertex 14.3452 151.4 6.68
      vertex 9.55 151.4 6.68
    endloop
  endfacet
  facet normal 0 -1 0
    outer loop
      vertex 14.3452 151.4 7.5
      vertex 16.0157 151.4 7.52
      vertex 14.3452 151.4 7.52
    endloop
  endfacet
  facet normal 0 -1 -0
    outer loop
      vertex 16.0157 151.4 7.52
      vertex 14.3452 151.4 7.5
      vertex 16.0157 151.4 7.5
    endloop
  endfacet
  facet normal 0 -1 0
    outer loop
      vertex 217.584 151.4 7.5
      vertex 219.255 151.4 7.52
      vertex 217.584 151.4 7.52
    endloop
  endfacet
  facet normal 0 -1 -0
    outer loop
      vertex 219.255 151.4 7.52
      vertex 217.584 151.4 7.5
      vertex 219.255 151.4 7.5
    endloop
  endfacet
  facet normal 0 -1 0
    outer loop
      vertex 14.3452 151.4 6.55
      vertex 16.0157 151.4 6.68
      vertex 14.3452 151.4 6.68
    endloop
  endfacet
  facet normal 0 -1 -0
    outer loop
      vertex 16.0157 151.4 6.68
      vertex 14.3452 151.4 6.55
      vertex 16.0157 151.4 6.55
    endloop
  endfacet
  facet normal 0 -1 0
    outer loop
      vertex 217.584 151.4 6.55
      vertex 219.255 151.4 6.68
      vertex 217.584 151.4 6.68
    endloop
  endfacet
  facet normal 0 -1 -0
    outer loop
      vertex 219.255 151.4 6.68
      vertex 217.584 151.4 6.55
      vertex 219.255 151.4 6.55
    endloop
  endfacet
  facet normal 0 1 -0
    outer loop
      vertex 217.584 151.4 6.68
      vertex 16.0157 151.4 7.5
      vertex 217.584 151.4 7.5
    endloop
  endfacet
  facet normal 0 1 0
    outer loop
      vertex 16.0157 151.4 7.5
      vertex 217.584 151.4 6.68
      vertex 16.0157 151.4 6.68
    endloop
  endfacet
  facet normal 0 0.291485 -0.956575
    outer loop
      vertex 233.6 103.174 2.97896
      vertex 234.05 103.227 2.99511
      vertex 234.05 103.174 2.97896
    endloop
  endfacet
  facet normal 0 0.291485 -0.956575
    outer loop
      vertex 234.05 103.227 2.99511
      vertex 233.6 103.174 2.97896
      vertex 233.6 103.227 2.99511
    endloop
  endfacet
  facet normal 0 0.933484 0.358619
    outer loop
      vertex 234.05 103.759 4.07322
      vertex 233.6 103.739 4.12528
      vertex 234.05 103.739 4.12528
    endloop
  endfacet
  facet normal 0 0.933484 0.358619
    outer loop
      vertex 233.6 103.739 4.12528
      vertex 234.05 103.759 4.07322
      vertex 233.6 103.759 4.07322
    endloop
  endfacet
  facet normal -0 0.098608 0.995126
    outer loop
      vertex 233.6 103.065 4.64273
      vertex 234.05 103.01 4.64818
      vertex 234.05 103.065 4.64273
    endloop
  endfacet
  facet normal 0 0.098608 0.995126
    outer loop
      vertex 234.05 103.01 4.64818
      vertex 233.6 103.065 4.64273
      vertex 233.6 103.01 4.64818
    endloop
  endfacet
  facet normal 0 0.098608 -0.995126
    outer loop
      vertex 233.6 103.01 2.95182
      vertex 234.05 103.065 2.95727
      vertex 234.05 103.01 2.95182
    endloop
  endfacet
  facet normal 0 0.098608 -0.995126
    outer loop
      vertex 234.05 103.065 2.95727
      vertex 233.6 103.01 2.95182
      vertex 233.6 103.065 2.95727
    endloop
  endfacet
  facet normal 0 0.957658 -0.287909
    outer loop
      vertex 234.05 103.759 3.52678
      vertex 233.6 103.775 3.58
      vertex 234.05 103.775 3.58
    endloop
  endfacet
  facet normal 0 0.957658 -0.287909
    outer loop
      vertex 233.6 103.775 3.58
      vertex 234.05 103.759 3.52678
      vertex 233.6 103.759 3.52678
    endloop
  endfacet
  facet normal 0 0.410513 -0.911855
    outer loop
      vertex 233.6 103.279 3.0147
      vertex 234.05 103.33 3.03766
      vertex 234.05 103.279 3.0147
    endloop
  endfacet
  facet normal 0 0.410513 -0.911855
    outer loop
      vertex 234.05 103.33 3.03766
      vertex 233.6 103.279 3.0147
      vertex 233.6 103.33 3.03766
    endloop
  endfacet
  facet normal 0 0 -1
    outer loop
      vertex 233.6 93.654 2.95
      vertex 234.05 102.954 2.95
      vertex 234.05 93.654 2.95
    endloop
  endfacet
  facet normal -0 0 -1
    outer loop
      vertex 234.05 102.954 2.95
      vertex 233.6 93.654 2.95
      vertex 233.6 102.954 2.95
    endloop
  endfacet
  facet normal -0 0 1
    outer loop
      vertex 233.6 102.954 4.65
      vertex 234.05 93.654 4.65
      vertex 234.05 102.954 4.65
    endloop
  endfacet
  facet normal 0 0 1
    outer loop
      vertex 234.05 93.654 4.65
      vertex 233.6 102.954 4.65
      vertex 233.6 93.654 4.65
    endloop
  endfacet
  facet normal 0 -0.849006 -0.528383
    outer loop
      vertex 233.6 92.9473 3.32776
      vertex 234.05 92.9179 3.375
      vertex 233.6 92.9179 3.375
    endloop
  endfacet
  facet normal 0 -0.849006 -0.528383
    outer loop
      vertex 234.05 92.9179 3.375
      vertex 233.6 92.9473 3.32776
      vertex 234.05 92.9473 3.32776
    endloop
  endfacet
  facet normal 0 0.162537 -0.986702
    outer loop
      vertex 233.6 103.065 2.95727
      vertex 234.05 103.12 2.96633
      vertex 234.05 103.065 2.95727
    endloop
  endfacet
  facet normal 0 0.162537 -0.986702
    outer loop
      vertex 234.05 103.12 2.96633
      vertex 233.6 103.065 2.95727
      vertex 233.6 103.12 2.96633
    endloop
  endfacet
  facet normal 0 0.352543 -0.935796
    outer loop
      vertex 233.6 103.227 2.99511
      vertex 234.05 103.279 3.0147
      vertex 234.05 103.227 2.99511
    endloop
  endfacet
  facet normal 0 0.352543 -0.935796
    outer loop
      vertex 234.05 103.279 3.0147
      vertex 233.6 103.227 2.99511
      vertex 233.6 103.279 3.0147
    endloop
  endfacet
  facet normal 0 0.986818 0.161832
    outer loop
      vertex 234.05 103.797 3.91095
      vertex 233.6 103.788 3.96583
      vertex 234.05 103.788 3.96583
    endloop
  endfacet
  facet normal 0 0.986818 0.161832
    outer loop
      vertex 233.6 103.788 3.96583
      vertex 234.05 103.797 3.91095
      vertex 233.6 103.797 3.91095
    endloop
  endfacet
  facet normal 0 -0.95716 -0.289558
    outer loop
      vertex 233.6 92.8491 3.52678
      vertex 234.05 92.833 3.58
      vertex 233.6 92.833 3.58
    endloop
  endfacet
  facet normal 0 -0.95716 -0.289558
    outer loop
      vertex 234.05 92.833 3.58
      vertex 233.6 92.8491 3.52678
      vertex 234.05 92.8491 3.52678
    endloop
  endfacet
  facet normal 0 -0.582598 0.81276
    outer loop
      vertex 233.6 93.1818 4.50675
      vertex 234.05 93.1366 4.47435
      vertex 234.05 93.1818 4.50675
    endloop
  endfacet
  facet normal 0 -0.582598 0.81276
    outer loop
      vertex 234.05 93.1366 4.47435
      vertex 233.6 93.1818 4.50675
      vertex 233.6 93.1366 4.47435
    endloop
  endfacet
  facet normal -0 0.352543 0.935796
    outer loop
      vertex 233.6 103.279 4.5853
      vertex 234.05 103.227 4.60489
      vertex 234.05 103.279 4.5853
    endloop
  endfacet
  facet normal 0 0.352543 0.935796
    outer loop
      vertex 234.05 103.227 4.60489
      vertex 233.6 103.279 4.5853
      vertex 233.6 103.227 4.60489
    endloop
  endfacet
  facet normal 0 -0.995101 -0.098863
    outer loop
      vertex 233.6 92.8113 3.68905
      vertex 234.05 92.8058 3.74441
      vertex 233.6 92.8058 3.74441
    endloop
  endfacet
  facet normal 0 -0.995101 -0.098863
    outer loop
      vertex 234.05 92.8058 3.74441
      vertex 233.6 92.8113 3.68905
      vertex 234.05 92.8113 3.68905
    endloop
  endfacet
  facet normal 0 -0.0327163 0.999465
    outer loop
      vertex 233.6 93.654 4.65
      vertex 234.05 93.5984 4.64818
      vertex 234.05 93.654 4.65
    endloop
  endfacet
  facet normal 0 -0.0327163 0.999465
    outer loop
      vertex 234.05 93.5984 4.64818
      vertex 233.6 93.654 4.65
      vertex 233.6 93.5984 4.64818
    endloop
  endfacet
  facet normal 0 0.227743 -0.973721
    outer loop
      vertex 233.6 103.12 2.96633
      vertex 234.05 103.174 2.97896
      vertex 234.05 103.12 2.96633
    endloop
  endfacet
  facet normal 0 0.227743 -0.973721
    outer loop
      vertex 234.05 103.174 2.97896
      vertex 233.6 103.12 2.96633
      vertex 233.6 103.174 2.97896
    endloop
  endfacet
  facet normal 0 -0.0980782 -0.995179
    outer loop
      vertex 233.6 93.5431 2.95727
      vertex 234.05 93.5984 2.95182
      vertex 234.05 93.5431 2.95727
    endloop
  endfacet
  facet normal -0 -0.0980782 -0.995179
    outer loop
      vertex 234.05 93.5984 2.95182
      vertex 233.6 93.5431 2.95727
      vertex 233.6 93.5984 2.95182
    endloop
  endfacet
  facet normal 0 -0.882054 -0.471148
    outer loop
      vertex 233.6 92.9179 3.375
      vertex 234.05 92.8917 3.42405
      vertex 233.6 92.8917 3.42405
    endloop
  endfacet
  facet normal 0 -0.882054 -0.471148
    outer loop
      vertex 234.05 92.8917 3.42405
      vertex 233.6 92.9179 3.375
      vertex 234.05 92.9179 3.375
    endloop
  endfacet
  facet normal 0 -0.910582 -0.413329
    outer loop
      vertex 233.6 92.8917 3.42405
      vertex 234.05 92.8687 3.47472
      vertex 233.6 92.8687 3.47472
    endloop
  endfacet
  facet normal 0 -0.910582 -0.413329
    outer loop
      vertex 234.05 92.8687 3.47472
      vertex 233.6 92.8917 3.42405
      vertex 234.05 92.8917 3.42405
    endloop
  endfacet
  facet normal -0 0.0324828 0.999472
    outer loop
      vertex 233.6 103.01 4.64818
      vertex 234.05 102.954 4.65
      vertex 234.05 103.01 4.64818
    endloop
  endfacet
  facet normal 0 0.0324828 0.999472
    outer loop
      vertex 234.05 102.954 4.65
      vertex 233.6 103.01 4.64818
      vertex 233.6 102.954 4.65
    endloop
  endfacet
  facet normal -0 0.679957 0.733252
    outer loop
      vertex 233.6 103.555 4.40104
      vertex 234.05 103.514 4.43906
      vertex 234.05 103.555 4.40104
    endloop
  endfacet
  facet normal 0 0.679957 0.733252
    outer loop
      vertex 234.05 103.514 4.43906
      vertex 233.6 103.555 4.40104
      vertex 233.6 103.514 4.43906
    endloop
  endfacet
  facet normal 0 -0.35195 0.936019
    outer loop
      vertex 233.6 93.3808 4.60489
      vertex 234.05 93.3287 4.5853
      vertex 234.05 93.3808 4.60489
    endloop
  endfacet
  facet normal 0 -0.35195 0.936019
    outer loop
      vertex 234.05 93.3287 4.5853
      vertex 233.6 93.3808 4.60489
      vertex 233.6 93.3287 4.5853
    endloop
  endfacet
  facet normal 0 -0.773725 -0.633522
    outer loop
      vertex 233.6 93.0149 3.23956
      vertex 234.05 92.9797 3.28255
      vertex 233.6 92.9797 3.28255
    endloop
  endfacet
  facet normal 0 -0.773725 -0.633522
    outer loop
      vertex 234.05 92.9797 3.28255
      vertex 233.6 93.0149 3.23956
      vertex 234.05 93.0149 3.23956
    endloop
  endfacet
  facet normal 0 0.852178 0.523252
    outer loop
      vertex 234.05 103.69 4.225
      vertex 233.6 103.661 4.27223
      vertex 234.05 103.661 4.27223
    endloop
  endfacet
  facet normal 0 0.852178 0.523252
    outer loop
      vertex 233.6 103.661 4.27223
      vertex 234.05 103.69 4.225
      vertex 233.6 103.69 4.225
    endloop
  endfacet
  facet normal 1 0 0
    outer loop
      vertex 234.05 103.802 3.85559
      vertex 234.05 103.802 3.74441
      vertex 234.05 103.804 3.8
    endloop
  endfacet
  facet normal 1 0 0
    outer loop
      vertex 234.05 103.797 3.91095
      vertex 234.05 103.802 3.74441
      vertex 234.05 103.802 3.85559
    endloop
  endfacet
  facet normal 1 0 0
    outer loop
      vertex 234.05 103.797 3.91095
      vertex 234.05 103.797 3.68905
      vertex 234.05 103.802 3.74441
    endloop
  endfacet
  facet normal 1 0 0
    outer loop
      vertex 234.05 103.788 3.96583
      vertex 234.05 103.797 3.68905
      vertex 234.05 103.797 3.91095
    endloop
  endfacet
  facet normal 1 0 0
    outer loop
      vertex 234.05 103.788 3.96583
      vertex 234.05 103.788 3.63417
      vertex 234.05 103.797 3.68905
    endloop
  endfacet
  facet normal 1 0 0
    outer loop
      vertex 234.05 103.775 4.02
      vertex 234.05 103.788 3.63417
      vertex 234.05 103.788 3.96583
    endloop
  endfacet
  facet normal 1 0 0
    outer loop
      vertex 234.05 103.775 4.02
      vertex 234.05 103.775 3.58
      vertex 234.05 103.788 3.63417
    endloop
  endfacet
  facet normal 1 0 0
    outer loop
      vertex 234.05 103.759 4.07322
      vertex 234.05 103.775 3.58
      vertex 234.05 103.775 4.02
    endloop
  endfacet
  facet normal 1 0 0
    outer loop
      vertex 234.05 103.759 4.07322
      vertex 234.05 103.759 3.52678
      vertex 234.05 103.775 3.58
    endloop
  endfacet
  facet normal 1 0 0
    outer loop
      vertex 234.05 103.739 4.12528
      vertex 234.05 103.759 3.52678
      vertex 234.05 103.759 4.07322
    endloop
  endfacet
  facet normal 1 0 0
    outer loop
      vertex 234.05 103.739 4.12528
      vertex 234.05 103.739 3.47472
      vertex 234.05 103.759 3.52678
    endloop
  endfacet
  facet normal 1 0 0
    outer loop
      vertex 234.05 103.716 4.17595
      vertex 234.05 103.739 3.47472
      vertex 234.05 103.739 4.12528
    endloop
  endfacet
  facet normal 1 0 0
    outer loop
      vertex 234.05 103.716 4.17595
      vertex 234.05 103.716 3.42405
      vertex 234.05 103.739 3.47472
    endloop
  endfacet
  facet normal 1 0 0
    outer loop
      vertex 234.05 103.69 4.225
      vertex 234.05 103.716 3.42405
      vertex 234.05 103.716 4.17595
    endloop
  endfacet
  facet normal 1 0 0
    outer loop
      vertex 234.05 103.69 4.225
      vertex 234.05 103.69 3.375
      vertex 234.05 103.716 3.42405
    endloop
  endfacet
  facet normal 1 0 0
    outer loop
      vertex 234.05 103.661 4.27223
      vertex 234.05 103.69 3.375
      vertex 234.05 103.69 4.225
    endloop
  endfacet
  facet normal 1 0 0
    outer loop
      vertex 234.05 103.661 4.27223
      vertex 234.05 103.661 3.32776
      vertex 234.05 103.69 3.375
    endloop
  endfacet
  facet normal 1 0 0
    outer loop
      vertex 234.05 103.628 4.31745
      vertex 234.05 103.661 3.32776
      vertex 234.05 103.661 4.27223
    endloop
  endfacet
  facet normal 1 0 0
    outer loop
      vertex 234.05 103.628 4.31745
      vertex 234.05 103.628 3.28255
      vertex 234.05 103.661 3.32776
    endloop
  endfacet
  facet normal 1 0 0
    outer loop
      vertex 234.05 103.593 4.36044
      vertex 234.05 103.628 3.28255
      vertex 234.05 103.628 4.31745
    endloop
  endfacet
  facet normal 1 0 0
    outer loop
      vertex 234.05 103.593 4.36044
      vertex 234.05 103.593 3.23956
      vertex 234.05 103.628 3.28255
    endloop
  endfacet
  facet normal 1 0 0
    outer loop
      vertex 234.05 103.555 4.40104
      vertex 234.05 103.593 3.23956
      vertex 234.05 103.593 4.36044
    endloop
  endfacet
  facet normal 1 0 0
    outer loop
      vertex 234.05 103.555 4.40104
      vertex 234.05 103.555 3.19896
      vertex 234.05 103.593 3.23956
    endloop
  endfacet
  facet normal 1 0 0
    outer loop
      vertex 234.05 103.514 4.43906
      vertex 234.05 103.555 3.19896
      vertex 234.05 103.555 4.40104
    endloop
  endfacet
  facet normal 1 0 0
    outer loop
      vertex 234.05 103.514 4.43906
      vertex 234.05 103.514 3.16094
      vertex 234.05 103.555 3.19896
    endloop
  endfacet
  facet normal 1 0 0
    outer loop
      vertex 234.05 103.471 4.47435
      vertex 234.05 103.514 3.16094
      vertex 234.05 103.514 4.43906
    endloop
  endfacet
  facet normal 1 0 0
    outer loop
      vertex 234.05 103.471 4.47435
      vertex 234.05 103.471 3.12565
      vertex 234.05 103.514 3.16094
    endloop
  endfacet
  facet normal 1 0 0
    outer loop
      vertex 234.05 103.426 4.50675
      vertex 234.05 103.471 3.12565
      vertex 234.05 103.471 4.47435
    endloop
  endfacet
  facet normal 1 0 0
    outer loop
      vertex 234.05 103.426 4.50675
      vertex 234.05 103.426 3.09325
      vertex 234.05 103.471 3.12565
    endloop
  endfacet
  facet normal 1 0 0
    outer loop
      vertex 234.05 103.379 4.53612
      vertex 234.05 103.426 3.09325
      vertex 234.05 103.426 4.50675
    endloop
  endfacet
  facet normal 1 0 0
    outer loop
      vertex 234.05 103.379 4.53612
      vertex 234.05 103.379 3.06388
      vertex 234.05 103.426 3.09325
    endloop
  endfacet
  facet normal 1 0 0
    outer loop
      vertex 234.05 103.33 4.56234
      vertex 234.05 103.379 3.06388
      vertex 234.05 103.379 4.53612
    endloop
  endfacet
  facet normal 1 0 0
    outer loop
      vertex 234.05 103.33 4.56234
      vertex 234.05 103.33 3.03766
      vertex 234.05 103.379 3.06388
    endloop
  endfacet
  facet normal 1 0 0
    outer loop
      vertex 234.05 103.279 4.5853
      vertex 234.05 103.33 3.03766
      vertex 234.05 103.33 4.56234
    endloop
  endfacet
  facet normal 1 0 0
    outer loop
      vertex 234.05 103.279 4.5853
      vertex 234.05 103.279 3.0147
      vertex 234.05 103.33 3.03766
    endloop
  endfacet
  facet normal 1 0 0
    outer loop
      vertex 234.05 103.227 4.60489
      vertex 234.05 103.279 3.0147
      vertex 234.05 103.279 4.5853
    endloop
  endfacet
  facet normal 1 0 0
    outer loop
      vertex 234.05 103.227 4.60489
      vertex 234.05 103.227 2.99511
      vertex 234.05 103.279 3.0147
    endloop
  endfacet
  facet normal 1 0 0
    outer loop
      vertex 234.05 103.174 4.62104
      vertex 234.05 103.227 2.99511
      vertex 234.05 103.227 4.60489
    endloop
  endfacet
  facet normal 1 0 0
    outer loop
      vertex 234.05 103.174 4.62104
      vertex 234.05 103.174 2.97896
      vertex 234.05 103.227 2.99511
    endloop
  endfacet
  facet normal 1 0 0
    outer loop
      vertex 234.05 103.12 4.63367
      vertex 234.05 103.174 2.97896
      vertex 234.05 103.174 4.62104
    endloop
  endfacet
  facet normal 1 0 0
    outer loop
      vertex 234.05 103.12 4.63367
      vertex 234.05 103.12 2.96633
      vertex 234.05 103.174 2.97896
    endloop
  endfacet
  facet normal 1 0 0
    outer loop
      vertex 234.05 103.065 4.64273
      vertex 234.05 103.12 2.96633
      vertex 234.05 103.12 4.63367
    endloop
  endfacet
  facet normal 1 0 0
    outer loop
      vertex 234.05 103.065 4.64273
      vertex 234.05 103.065 2.95727
      vertex 234.05 103.12 2.96633
    endloop
  endfacet
  facet normal 1 0 0
    outer loop
      vertex 234.05 103.01 4.64818
      vertex 234.05 103.065 2.95727
      vertex 234.05 103.065 4.64273
    endloop
  endfacet
  facet normal 1 0 0
    outer loop
      vertex 234.05 103.01 4.64818
      vertex 234.05 103.01 2.95182
      vertex 234.05 103.065 2.95727
    endloop
  endfacet
  facet normal 1 0 0
    outer loop
      vertex 234.05 102.954 4.65
      vertex 234.05 103.01 2.95182
      vertex 234.05 103.01 4.64818
    endloop
  endfacet
  facet normal 1 0 0
    outer loop
      vertex 234.05 102.954 4.65
      vertex 234.05 102.954 2.95
      vertex 234.05 103.01 2.95182
    endloop
  endfacet
  facet normal 1 -0 0
    outer loop
      vertex 234.05 93.654 4.65
      vertex 234.05 102.954 2.95
      vertex 234.05 102.954 4.65
    endloop
  endfacet
  facet normal 1 0 0
    outer loop
      vertex 234.05 93.654 4.65
      vertex 234.05 93.654 2.95
      vertex 234.05 102.954 2.95
    endloop
  endfacet
  facet normal 1 -0 0
    outer loop
      vertex 234.05 93.5984 4.64818
      vertex 234.05 93.654 2.95
      vertex 234.05 93.654 4.65
    endloop
  endfacet
  facet normal 1 0 0
    outer loop
      vertex 234.05 93.5984 4.64818
      vertex 234.05 93.5984 2.95182
      vertex 234.05 93.654 2.95
    endloop
  endfacet
  facet normal 1 -0 0
    outer loop
      vertex 234.05 93.5431 4.64273
      vertex 234.05 93.5984 2.95182
      vertex 234.05 93.5984 4.64818
    endloop
  endfacet
  facet normal 1 0 0
    outer loop
      vertex 234.05 93.5431 4.64273
      vertex 234.05 93.5431 2.95727
      vertex 234.05 93.5984 2.95182
    endloop
  endfacet
  facet normal 1 -0 0
    outer loop
      vertex 234.05 93.4882 4.63367
      vertex 234.05 93.5431 2.95727
      vertex 234.05 93.5431 4.64273
    endloop
  endfacet
  facet normal 1 0 0
    outer loop
      vertex 234.05 93.4882 4.63367
      vertex 234.05 93.4882 2.96633
      vertex 234.05 93.5431 2.95727
    endloop
  endfacet
  facet normal 1 -0 0
    outer loop
      vertex 234.05 93.434 4.62104
      vertex 234.05 93.4882 2.96633
      vertex 234.05 93.4882 4.63367
    endloop
  endfacet
  facet normal 1 0 0
    outer loop
      vertex 234.05 93.434 4.62104
      vertex 234.05 93.434 2.97896
      vertex 234.05 93.4882 2.96633
    endloop
  endfacet
  facet normal 1 -0 0
    outer loop
      vertex 234.05 93.3808 4.60489
      vertex 234.05 93.434 2.97896
      vertex 234.05 93.434 4.62104
    endloop
  endfacet
  facet normal 1 0 0
    outer loop
      vertex 234.05 93.3808 4.60489
      vertex 234.05 93.3808 2.99511
      vertex 234.05 93.434 2.97896
    endloop
  endfacet
  facet normal 1 -0 0
    outer loop
      vertex 234.05 93.3287 4.5853
      vertex 234.05 93.3808 2.99511
      vertex 234.05 93.3808 4.60489
    endloop
  endfacet
  facet normal 1 0 0
    outer loop
      vertex 234.05 93.3287 4.5853
      vertex 234.05 93.3287 3.0147
      vertex 234.05 93.3808 2.99511
    endloop
  endfacet
  facet normal 1 -0 0
    outer loop
      vertex 234.05 93.2781 4.56234
      vertex 234.05 93.3287 3.0147
      vertex 234.05 93.3287 4.5853
    endloop
  endfacet
  facet normal 1 0 0
    outer loop
      vertex 234.05 93.2781 4.56234
      vertex 234.05 93.2781 3.03766
      vertex 234.05 93.3287 3.0147
    endloop
  endfacet
  facet normal 1 -0 0
    outer loop
      vertex 234.05 93.229 4.53612
      vertex 234.05 93.2781 3.03766
      vertex 234.05 93.2781 4.56234
    endloop
  endfacet
  facet normal 1 0 0
    outer loop
      vertex 234.05 93.229 4.53612
      vertex 234.05 93.229 3.06388
      vertex 234.05 93.2781 3.03766
    endloop
  endfacet
  facet normal 1 -0 0
    outer loop
      vertex 234.05 93.1818 4.50675
      vertex 234.05 93.229 3.06388
      vertex 234.05 93.229 4.53612
    endloop
  endfacet
  facet normal 1 0 0
    outer loop
      vertex 234.05 93.1818 4.50675
      vertex 234.05 93.1818 3.09325
      vertex 234.05 93.229 3.06388
    endloop
  endfacet
  facet normal 1 -0 0
    outer loop
      vertex 234.05 93.1366 4.47435
      vertex 234.05 93.1818 3.09325
      vertex 234.05 93.1818 4.50675
    endloop
  endfacet
  facet normal 1 0 0
    outer loop
      vertex 234.05 93.1366 4.47435
      vertex 234.05 93.1366 3.12565
      vertex 234.05 93.1818 3.09325
    endloop
  endfacet
  facet normal 1 -0 0
    outer loop
      vertex 234.05 93.0936 4.43906
      vertex 234.05 93.1366 3.12565
      vertex 234.05 93.1366 4.47435
    endloop
  endfacet
  facet normal 1 0 0
    outer loop
      vertex 234.05 93.0936 4.43906
      vertex 234.05 93.0936 3.16094
      vertex 234.05 93.1366 3.12565
    endloop
  endfacet
  facet normal 1 -0 0
    outer loop
      vertex 234.05 93.053 4.40104
      vertex 234.05 93.0936 3.16094
      vertex 234.05 93.0936 4.43906
    endloop
  endfacet
  facet normal 1 0 0
    outer loop
      vertex 234.05 93.053 4.40104
      vertex 234.05 93.053 3.19896
      vertex 234.05 93.0936 3.16094
    endloop
  endfacet
  facet normal 1 -0 0
    outer loop
      vertex 234.05 93.0149 4.36044
      vertex 234.05 93.053 3.19896
      vertex 234.05 93.053 4.40104
    endloop
  endfacet
  facet normal 1 0 0
    outer loop
      vertex 234.05 93.0149 4.36044
      vertex 234.05 93.0149 3.23956
      vertex 234.05 93.053 3.19896
    endloop
  endfacet
  facet normal 1 -0 0
    outer loop
      vertex 234.05 92.9797 4.31745
      vertex 234.05 93.0149 3.23956
      vertex 234.05 93.0149 4.36044
    endloop
  endfacet
  facet normal 1 0 0
    outer loop
      vertex 234.05 92.9797 4.31745
      vertex 234.05 92.9797 3.28255
      vertex 234.05 93.0149 3.23956
    endloop
  endfacet
  facet normal 1 -0 0
    outer loop
      vertex 234.05 92.9473 4.27223
      vertex 234.05 92.9797 3.28255
      vertex 234.05 92.9797 4.31745
    endloop
  endfacet
  facet normal 1 0 0
    outer loop
      vertex 234.05 92.9473 4.27223
      vertex 234.05 92.9473 3.32776
      vertex 234.05 92.9797 3.28255
    endloop
  endfacet
  facet normal 1 -0 0
    outer loop
      vertex 234.05 92.9179 4.225
      vertex 234.05 92.9473 3.32776
      vertex 234.05 92.9473 4.27223
    endloop
  endfacet
  facet normal 1 0 0
    outer loop
      vertex 234.05 92.9179 4.225
      vertex 234.05 92.9179 3.375
      vertex 234.05 92.9473 3.32776
    endloop
  endfacet
  facet normal 1 -0 0
    outer loop
      vertex 234.05 92.8917 4.17595
      vertex 234.05 92.9179 3.375
      vertex 234.05 92.9179 4.225
    endloop
  endfacet
  facet normal 1 0 0
    outer loop
      vertex 234.05 92.8917 4.17595
      vertex 234.05 92.8917 3.42405
      vertex 234.05 92.9179 3.375
    endloop
  endfacet
  facet normal 1 -0 0
    outer loop
      vertex 234.05 92.8687 4.12528
      vertex 234.05 92.8917 3.42405
      vertex 234.05 92.8917 4.17595
    endloop
  endfacet
  facet normal 1 0 0
    outer loop
      vertex 234.05 92.8687 4.12528
      vertex 234.05 92.8687 3.47472
      vertex 234.05 92.8917 3.42405
    endloop
  endfacet
  facet normal 1 -0 0
    outer loop
      vertex 234.05 92.8491 4.07322
      vertex 234.05 92.8687 3.47472
      vertex 234.05 92.8687 4.12528
    endloop
  endfacet
  facet normal 1 0 0
    outer loop
      vertex 234.05 92.8491 4.07322
      vertex 234.05 92.8491 3.52678
      vertex 234.05 92.8687 3.47472
    endloop
  endfacet
  facet normal 1 -0 0
    outer loop
      vertex 234.05 92.833 4.02
      vertex 234.05 92.8491 3.52678
      vertex 234.05 92.8491 4.07322
    endloop
  endfacet
  facet normal 1 0 0
    outer loop
      vertex 234.05 92.833 4.02
      vertex 234.05 92.833 3.58
      vertex 234.05 92.8491 3.52678
    endloop
  endfacet
  facet normal 1 -0 0
    outer loop
      vertex 234.05 92.8203 3.96583
      vertex 234.05 92.833 3.58
      vertex 234.05 92.833 4.02
    endloop
  endfacet
  facet normal 1 0 0
    outer loop
      vertex 234.05 92.8203 3.96583
      vertex 234.05 92.8203 3.63417
      vertex 234.05 92.833 3.58
    endloop
  endfacet
  facet normal 1 -0 0
    outer loop
      vertex 234.05 92.8113 3.91095
      vertex 234.05 92.8203 3.63417
      vertex 234.05 92.8203 3.96583
    endloop
  endfacet
  facet normal 1 0 0
    outer loop
      vertex 234.05 92.8113 3.91095
      vertex 234.05 92.8113 3.68905
      vertex 234.05 92.8203 3.63417
    endloop
  endfacet
  facet normal 1 -0 0
    outer loop
      vertex 234.05 92.8058 3.85559
      vertex 234.05 92.8113 3.68905
      vertex 234.05 92.8113 3.91095
    endloop
  endfacet
  facet normal 1 0 0
    outer loop
      vertex 234.05 92.8058 3.85559
      vertex 234.05 92.8058 3.74441
      vertex 234.05 92.8113 3.68905
    endloop
  endfacet
  facet normal 1 0 -0
    outer loop
      vertex 234.05 92.8058 3.74441
      vertex 234.05 92.8058 3.85559
      vertex 234.05 92.804 3.8
    endloop
  endfacet
  facet normal 0 0.883547 -0.468343
    outer loop
      vertex 234.05 103.69 3.375
      vertex 233.6 103.716 3.42405
      vertex 234.05 103.716 3.42405
    endloop
  endfacet
  facet normal 0 0.883547 -0.468343
    outer loop
      vertex 233.6 103.716 3.42405
      vertex 234.05 103.69 3.375
      vertex 233.6 103.69 3.375
    endloop
  endfacet
  facet normal 0 0.0324828 -0.999472
    outer loop
      vertex 233.6 102.954 2.95
      vertex 234.05 103.01 2.95182
      vertex 234.05 102.954 2.95
    endloop
  endfacet
  facet normal 0 0.0324828 -0.999472
    outer loop
      vertex 234.05 103.01 2.95182
      vertex 233.6 102.954 2.95
      vertex 233.6 103.01 2.95182
    endloop
  endfacet
  facet normal 0 -0.413206 -0.910637
    outer loop
      vertex 233.6 93.2781 3.03766
      vertex 234.05 93.3287 3.0147
      vertex 234.05 93.2781 3.03766
    endloop
  endfacet
  facet normal -0 -0.413206 -0.910637
    outer loop
      vertex 234.05 93.3287 3.0147
      vertex 233.6 93.2781 3.03766
      vertex 233.6 93.3287 3.0147
    endloop
  endfacet
  facet normal 0 -0.226946 0.973907
    outer loop
      vertex 233.6 93.4882 4.63367
      vertex 234.05 93.434 4.62104
      vertex 234.05 93.4882 4.63367
    endloop
  endfacet
  facet normal 0 -0.226946 0.973907
    outer loop
      vertex 234.05 93.434 4.62104
      vertex 233.6 93.4882 4.63367
      vertex 233.6 93.434 4.62104
    endloop
  endfacet
  facet normal -0 0.162537 0.986702
    outer loop
      vertex 233.6 103.12 4.63367
      vertex 234.05 103.065 4.64273
      vertex 234.05 103.12 4.63367
    endloop
  endfacet
  facet normal 0 0.162537 0.986702
    outer loop
      vertex 234.05 103.065 4.64273
      vertex 233.6 103.12 4.63367
      vertex 233.6 103.065 4.64273
    endloop
  endfacet
  facet normal 0 -0.683534 -0.729918
    outer loop
      vertex 233.6 93.053 3.19896
      vertex 234.05 93.0936 3.16094
      vertex 234.05 93.053 3.19896
    endloop
  endfacet
  facet normal -0 -0.683534 -0.729918
    outer loop
      vertex 234.05 93.0936 3.16094
      vertex 233.6 93.053 3.19896
      vertex 233.6 93.0936 3.16094
    endloop
  endfacet
  facet normal 0 0.529934 -0.848039
    outer loop
      vertex 233.6 103.379 3.06388
      vertex 234.05 103.426 3.09325
      vertex 234.05 103.379 3.06388
    endloop
  endfacet
  facet normal 0 0.529934 -0.848039
    outer loop
      vertex 234.05 103.426 3.09325
      vertex 233.6 103.379 3.06388
      vertex 233.6 103.426 3.09325
    endloop
  endfacet
  facet normal 0 -0.995101 0.098863
    outer loop
      vertex 233.6 92.8058 3.85559
      vertex 234.05 92.8113 3.91095
      vertex 233.6 92.8113 3.91095
    endloop
  endfacet
  facet normal 0 -0.995101 0.098863
    outer loop
      vertex 234.05 92.8113 3.91095
      vertex 233.6 92.8058 3.85559
      vertex 234.05 92.8058 3.85559
    endloop
  endfacet
  facet normal 0 0.730098 0.683343
    outer loop
      vertex 234.05 103.593 4.36044
      vertex 233.6 103.555 4.40104
      vertex 234.05 103.555 4.40104
    endloop
  endfacet
  facet normal 0 0.730098 0.683343
    outer loop
      vertex 233.6 103.555 4.40104
      vertex 234.05 103.593 4.36044
      vertex 233.6 103.593 4.36044
    endloop
  endfacet
  facet normal 0 0.999353 0.0359544
    outer loop
      vertex 234.05 103.804 3.8
      vertex 233.6 103.802 3.85559
      vertex 234.05 103.802 3.85559
    endloop
  endfacet
  facet normal 0 0.999353 0.0359544
    outer loop
      vertex 233.6 103.802 3.85559
      vertex 234.05 103.804 3.8
      vertex 233.6 103.804 3.8
    endloop
  endfacet
  facet normal 0 -0.848956 0.528463
    outer loop
      vertex 233.6 92.9179 4.225
      vertex 234.05 92.9473 4.27223
      vertex 233.6 92.9473 4.27223
    endloop
  endfacet
  facet normal 0 -0.848956 0.528463
    outer loop
      vertex 234.05 92.9473 4.27223
      vertex 233.6 92.9179 4.225
      vertex 234.05 92.9179 4.225
    endloop
  endfacet
  facet normal 0 -0.812882 0.582428
    outer loop
      vertex 233.6 92.9473 4.27223
      vertex 234.05 92.9797 4.31745
      vertex 233.6 92.9797 4.31745
    endloop
  endfacet
  facet normal 0 -0.812882 0.582428
    outer loop
      vertex 234.05 92.9797 4.31745
      vertex 233.6 92.9473 4.27223
      vertex 234.05 92.9473 4.27223
    endloop
  endfacet
  facet normal 0 -0.986818 -0.161832
    outer loop
      vertex 233.6 92.8203 3.63417
      vertex 234.05 92.8113 3.68905
      vertex 233.6 92.8113 3.68905
    endloop
  endfacet
  facet normal 0 -0.986818 -0.161832
    outer loop
      vertex 234.05 92.8113 3.68905
      vertex 233.6 92.8203 3.63417
      vertex 234.05 92.8203 3.63417
    endloop
  endfacet
  facet normal 0 0.471802 -0.881705
    outer loop
      vertex 233.6 103.33 3.03766
      vertex 234.05 103.379 3.06388
      vertex 234.05 103.33 3.03766
    endloop
  endfacet
  facet normal 0 0.471802 -0.881705
    outer loop
      vertex 234.05 103.379 3.06388
      vertex 233.6 103.33 3.03766
      vertex 233.6 103.379 3.06388
    endloop
  endfacet
  facet normal 0 -0.0327163 -0.999465
    outer loop
      vertex 233.6 93.5984 2.95182
      vertex 234.05 93.654 2.95
      vertex 234.05 93.5984 2.95182
    endloop
  endfacet
  facet normal -0 -0.0327163 -0.999465
    outer loop
      vertex 234.05 93.654 2.95
      vertex 233.6 93.5984 2.95182
      vertex 233.6 93.654 2.95
    endloop
  endfacet
  facet normal 0 0.852228 -0.523171
    outer loop
      vertex 234.05 103.661 3.32776
      vertex 233.6 103.69 3.375
      vertex 234.05 103.69 3.375
    endloop
  endfacet
  facet normal 0 0.852228 -0.523171
    outer loop
      vertex 233.6 103.69 3.375
      vertex 234.05 103.661 3.32776
      vertex 233.6 103.661 3.32776
    endloop
  endfacet
  facet normal 0 -0.290482 0.956881
    outer loop
      vertex 233.6 93.434 4.62104
      vertex 234.05 93.3808 4.60489
      vertex 234.05 93.434 4.62104
    endloop
  endfacet
  facet normal 0 -0.290482 0.956881
    outer loop
      vertex 234.05 93.3808 4.60489
      vertex 233.6 93.434 4.62104
      vertex 233.6 93.3808 4.60489
    endloop
  endfacet
  facet normal 0 -0.471054 0.882104
    outer loop
      vertex 233.6 93.2781 4.56234
      vertex 234.05 93.229 4.53612
      vertex 234.05 93.2781 4.56234
    endloop
  endfacet
  facet normal 0 -0.471054 0.882104
    outer loop
      vertex 234.05 93.229 4.53612
      vertex 233.6 93.2781 4.56234
      vertex 233.6 93.229 4.53612
    endloop
  endfacet
  facet normal 0 0.634402 -0.773003
    outer loop
      vertex 233.6 103.471 3.12565
      vertex 234.05 103.514 3.16094
      vertex 234.05 103.471 3.12565
    endloop
  endfacet
  facet normal 0 0.634402 -0.773003
    outer loop
      vertex 234.05 103.514 3.16094
      vertex 233.6 103.471 3.12565
      vertex 233.6 103.514 3.16094
    endloop
  endfacet
  facet normal 0 0.584305 -0.811534
    outer loop
      vertex 233.6 103.426 3.09325
      vertex 234.05 103.471 3.12565
      vertex 234.05 103.426 3.09325
    endloop
  endfacet
  facet normal 0 0.584305 -0.811534
    outer loop
      vertex 234.05 103.471 3.12565
      vertex 233.6 103.426 3.09325
      vertex 233.6 103.471 3.12565
    endloop
  endfacet
  facet normal 0 -0.986818 0.161832
    outer loop
      vertex 233.6 92.8113 3.91095
      vertex 234.05 92.8203 3.96583
      vertex 233.6 92.8203 3.96583
    endloop
  endfacet
  facet normal 0 -0.986818 0.161832
    outer loop
      vertex 234.05 92.8203 3.96583
      vertex 233.6 92.8113 3.91095
      vertex 234.05 92.8113 3.91095
    endloop
  endfacet
  facet normal -0 0.227743 0.973721
    outer loop
      vertex 233.6 103.174 4.62104
      vertex 234.05 103.12 4.63367
      vertex 234.05 103.174 4.62104
    endloop
  endfacet
  facet normal 0 0.227743 0.973721
    outer loop
      vertex 234.05 103.12 4.63367
      vertex 233.6 103.174 4.62104
      vertex 233.6 103.12 4.63367
    endloop
  endfacet
  facet normal 0 0.972391 0.233359
    outer loop
      vertex 234.05 103.788 3.96583
      vertex 233.6 103.775 4.02
      vertex 234.05 103.775 4.02
    endloop
  endfacet
  facet normal 0 0.972391 0.233359
    outer loop
      vertex 233.6 103.775 4.02
      vertex 234.05 103.788 3.96583
      vertex 233.6 103.788 3.96583
    endloop
  endfacet
  facet normal 0 -0.162825 0.986655
    outer loop
      vertex 233.6 93.5431 4.64273
      vertex 234.05 93.4882 4.63367
      vertex 234.05 93.5431 4.64273
    endloop
  endfacet
  facet normal 0 -0.162825 0.986655
    outer loop
      vertex 234.05 93.4882 4.63367
      vertex 233.6 93.5431 4.64273
      vertex 233.6 93.4882 4.63367
    endloop
  endfacet
  facet normal 0 0.910582 0.413329
    outer loop
      vertex 234.05 103.739 4.12528
      vertex 233.6 103.716 4.17595
      vertex 234.05 103.716 4.17595
    endloop
  endfacet
  facet normal 0 0.910582 0.413329
    outer loop
      vertex 233.6 103.716 4.17595
      vertex 234.05 103.739 4.12528
      vertex 233.6 103.739 4.12528
    endloop
  endfacet
  facet normal 0 0.972391 -0.233359
    outer loop
      vertex 234.05 103.775 3.58
      vertex 233.6 103.788 3.63417
      vertex 234.05 103.788 3.63417
    endloop
  endfacet
  facet normal 0 0.972391 -0.233359
    outer loop
      vertex 233.6 103.788 3.63417
      vertex 234.05 103.775 3.58
      vertex 233.6 103.775 3.58
    endloop
  endfacet
  facet normal -0 0.291485 0.956575
    outer loop
      vertex 233.6 103.227 4.60489
      vertex 234.05 103.174 4.62104
      vertex 234.05 103.227 4.60489
    endloop
  endfacet
  facet normal 0 0.291485 0.956575
    outer loop
      vertex 234.05 103.174 4.62104
      vertex 233.6 103.227 4.60489
      vertex 233.6 103.174 4.62104
    endloop
  endfacet
  facet normal 0 -0.35195 -0.936019
    outer loop
      vertex 233.6 93.3287 3.0147
      vertex 234.05 93.3808 2.99511
      vertex 234.05 93.3287 3.0147
    endloop
  endfacet
  facet normal -0 -0.35195 -0.936019
    outer loop
      vertex 234.05 93.3808 2.99511
      vertex 233.6 93.3287 3.0147
      vertex 233.6 93.3808 2.99511
    endloop
  endfacet
  facet normal 0 -0.634402 0.773003
    outer loop
      vertex 233.6 93.1366 4.47435
      vertex 234.05 93.0936 4.43906
      vertex 234.05 93.1366 4.47435
    endloop
  endfacet
  facet normal 0 -0.634402 0.773003
    outer loop
      vertex 234.05 93.0936 4.43906
      vertex 233.6 93.1366 4.47435
      vertex 233.6 93.0936 4.43906
    endloop
  endfacet
  facet normal 0 0.995946 0.0899518
    outer loop
      vertex 234.05 103.802 3.85559
      vertex 233.6 103.797 3.91095
      vertex 234.05 103.797 3.91095
    endloop
  endfacet
  facet normal 0 0.995946 0.0899518
    outer loop
      vertex 233.6 103.797 3.91095
      vertex 234.05 103.802 3.85559
      vertex 233.6 103.802 3.85559
    endloop
  endfacet
  facet normal 0 -0.0980782 0.995179
    outer loop
      vertex 233.6 93.5984 4.64818
      vertex 234.05 93.5431 4.64273
      vertex 234.05 93.5984 4.64818
    endloop
  endfacet
  facet normal 0 -0.0980782 0.995179
    outer loop
      vertex 234.05 93.5431 4.64273
      vertex 233.6 93.5984 4.64818
      vertex 233.6 93.5431 4.64273
    endloop
  endfacet
  facet normal 0 -0.528316 0.849048
    outer loop
      vertex 233.6 93.229 4.53612
      vertex 234.05 93.1818 4.50675
      vertex 234.05 93.229 4.53612
    endloop
  endfacet
  facet normal 0 -0.528316 0.849048
    outer loop
      vertex 234.05 93.1818 4.50675
      vertex 233.6 93.229 4.53612
      vertex 233.6 93.1818 4.50675
    endloop
  endfacet
  facet normal 0 -0.93587 -0.352345
    outer loop
      vertex 233.6 92.8687 3.47472
      vertex 234.05 92.8491 3.52678
      vertex 233.6 92.8491 3.52678
    endloop
  endfacet
  facet normal 0 -0.93587 -0.352345
    outer loop
      vertex 234.05 92.8491 3.52678
      vertex 233.6 92.8687 3.47472
      vertex 234.05 92.8687 3.47472
    endloop
  endfacet
  facet normal 0 0.995946 -0.0899518
    outer loop
      vertex 234.05 103.797 3.68905
      vertex 233.6 103.802 3.74441
      vertex 234.05 103.802 3.74441
    endloop
  endfacet
  facet normal 0 0.995946 -0.0899518
    outer loop
      vertex 233.6 103.802 3.74441
      vertex 234.05 103.797 3.68905
      vertex 233.6 103.797 3.68905
    endloop
  endfacet
  facet normal 0 0.77549 0.63136
    outer loop
      vertex 234.05 103.628 4.31745
      vertex 233.6 103.593 4.36044
      vertex 234.05 103.593 4.36044
    endloop
  endfacet
  facet normal 0 0.77549 0.63136
    outer loop
      vertex 233.6 103.593 4.36044
      vertex 234.05 103.628 4.31745
      vertex 233.6 103.628 4.31745
    endloop
  endfacet
  facet normal 0 -0.162825 -0.986655
    outer loop
      vertex 233.6 93.4882 2.96633
      vertex 234.05 93.5431 2.95727
      vertex 234.05 93.4882 2.96633
    endloop
  endfacet
  facet normal -0 -0.162825 -0.986655
    outer loop
      vertex 234.05 93.5431 2.95727
      vertex 233.6 93.4882 2.96633
      vertex 233.6 93.5431 2.95727
    endloop
  endfacet
  facet normal 0 -0.290482 -0.956881
    outer loop
      vertex 233.6 93.3808 2.99511
      vertex 234.05 93.434 2.97896
      vertex 234.05 93.3808 2.99511
    endloop
  endfacet
  facet normal -0 -0.290482 -0.956881
    outer loop
      vertex 234.05 93.434 2.97896
      vertex 233.6 93.3808 2.99511
      vertex 233.6 93.434 2.97896
    endloop
  endfacet
  facet normal 0 -0.973601 -0.228258
    outer loop
      vertex 233.6 92.833 3.58
      vertex 234.05 92.8203 3.63417
      vertex 233.6 92.8203 3.63417
    endloop
  endfacet
  facet normal 0 -0.973601 -0.228258
    outer loop
      vertex 234.05 92.8203 3.63417
      vertex 233.6 92.833 3.58
      vertex 234.05 92.833 3.58
    endloop
  endfacet
  facet normal 0 -0.471054 -0.882104
    outer loop
      vertex 233.6 93.229 3.06388
      vertex 234.05 93.2781 3.03766
      vertex 234.05 93.229 3.06388
    endloop
  endfacet
  facet normal -0 -0.471054 -0.882104
    outer loop
      vertex 234.05 93.2781 3.03766
      vertex 233.6 93.229 3.06388
      vertex 233.6 93.2781 3.03766
    endloop
  endfacet
  facet normal 0 -0.634402 -0.773003
    outer loop
      vertex 233.6 93.0936 3.16094
      vertex 234.05 93.1366 3.12565
      vertex 234.05 93.0936 3.16094
    endloop
  endfacet
  facet normal -0 -0.634402 -0.773003
    outer loop
      vertex 234.05 93.1366 3.12565
      vertex 233.6 93.0936 3.16094
      vertex 233.6 93.1366 3.12565
    endloop
  endfacet
  facet normal 0 -0.93587 0.352345
    outer loop
      vertex 233.6 92.8491 4.07322
      vertex 234.05 92.8687 4.12528
      vertex 233.6 92.8687 4.12528
    endloop
  endfacet
  facet normal 0 -0.93587 0.352345
    outer loop
      vertex 234.05 92.8687 4.12528
      vertex 233.6 92.8491 4.07322
      vertex 234.05 92.8491 4.07322
    endloop
  endfacet
  facet normal 0 0.679957 -0.733252
    outer loop
      vertex 233.6 103.514 3.16094
      vertex 234.05 103.555 3.19896
      vertex 234.05 103.514 3.16094
    endloop
  endfacet
  facet normal 0 0.679957 -0.733252
    outer loop
      vertex 234.05 103.555 3.19896
      vertex 233.6 103.514 3.16094
      vertex 233.6 103.555 3.19896
    endloop
  endfacet
  facet normal 0 -0.683534 0.729918
    outer loop
      vertex 233.6 93.0936 4.43906
      vertex 234.05 93.053 4.40104
      vertex 234.05 93.0936 4.43906
    endloop
  endfacet
  facet normal 0 -0.683534 0.729918
    outer loop
      vertex 234.05 93.053 4.40104
      vertex 233.6 93.0936 4.43906
      vertex 233.6 93.053 4.40104
    endloop
  endfacet
  facet normal 0 0.910582 -0.413329
    outer loop
      vertex 234.05 103.716 3.42405
      vertex 233.6 103.739 3.47472
      vertex 234.05 103.739 3.47472
    endloop
  endfacet
  facet normal 0 0.910582 -0.413329
    outer loop
      vertex 233.6 103.739 3.47472
      vertex 234.05 103.716 3.42405
      vertex 233.6 103.716 3.42405
    endloop
  endfacet
  facet normal 0 0.77549 -0.63136
    outer loop
      vertex 234.05 103.593 3.23956
      vertex 233.6 103.628 3.28255
      vertex 234.05 103.628 3.28255
    endloop
  endfacet
  facet normal 0 0.77549 -0.63136
    outer loop
      vertex 233.6 103.628 3.28255
      vertex 234.05 103.593 3.23956
      vertex 233.6 103.593 3.23956
    endloop
  endfacet
  facet normal 0 0.807715 -0.589573
    outer loop
      vertex 234.05 103.628 3.28255
      vertex 233.6 103.661 3.32776
      vertex 234.05 103.661 3.32776
    endloop
  endfacet
  facet normal 0 0.807715 -0.589573
    outer loop
      vertex 233.6 103.661 3.32776
      vertex 234.05 103.628 3.28255
      vertex 233.6 103.628 3.28255
    endloop
  endfacet
  facet normal 0 0.957658 0.287909
    outer loop
      vertex 234.05 103.775 4.02
      vertex 233.6 103.759 4.07322
      vertex 234.05 103.759 4.07322
    endloop
  endfacet
  facet normal 0 0.957658 0.287909
    outer loop
      vertex 233.6 103.759 4.07322
      vertex 234.05 103.775 4.02
      vertex 233.6 103.775 4.02
    endloop
  endfacet
  facet normal 0 0.883547 0.468343
    outer loop
      vertex 234.05 103.716 4.17595
      vertex 233.6 103.69 4.225
      vertex 234.05 103.69 4.225
    endloop
  endfacet
  facet normal 0 0.883547 0.468343
    outer loop
      vertex 233.6 103.69 4.225
      vertex 234.05 103.716 4.17595
      vertex 233.6 103.716 4.17595
    endloop
  endfacet
  facet normal 0 -0.999476 0.032363
    outer loop
      vertex 233.6 92.804 3.8
      vertex 234.05 92.8058 3.85559
      vertex 233.6 92.8058 3.85559
    endloop
  endfacet
  facet normal 0 -0.999476 0.032363
    outer loop
      vertex 234.05 92.8058 3.85559
      vertex 233.6 92.804 3.8
      vertex 234.05 92.804 3.8
    endloop
  endfacet
  facet normal 0 0.986818 -0.161832
    outer loop
      vertex 234.05 103.788 3.63417
      vertex 233.6 103.797 3.68905
      vertex 234.05 103.797 3.68905
    endloop
  endfacet
  facet normal 0 0.986818 -0.161832
    outer loop
      vertex 233.6 103.797 3.68905
      vertex 234.05 103.788 3.63417
      vertex 233.6 103.788 3.63417
    endloop
  endfacet
  facet normal -0 0.584305 0.811534
    outer loop
      vertex 233.6 103.471 4.47435
      vertex 234.05 103.426 4.50675
      vertex 234.05 103.471 4.47435
    endloop
  endfacet
  facet normal 0 0.584305 0.811534
    outer loop
      vertex 234.05 103.426 4.50675
      vertex 233.6 103.471 4.47435
      vertex 233.6 103.426 4.50675
    endloop
  endfacet
  facet normal 0 -0.582598 -0.81276
    outer loop
      vertex 233.6 93.1366 3.12565
      vertex 234.05 93.1818 3.09325
      vertex 234.05 93.1366 3.12565
    endloop
  endfacet
  facet normal -0 -0.582598 -0.81276
    outer loop
      vertex 234.05 93.1818 3.09325
      vertex 233.6 93.1366 3.12565
      vertex 233.6 93.1818 3.09325
    endloop
  endfacet
  facet normal 0 -0.226946 -0.973907
    outer loop
      vertex 233.6 93.434 2.97896
      vertex 234.05 93.4882 2.96633
      vertex 234.05 93.434 2.97896
    endloop
  endfacet
  facet normal -0 -0.226946 -0.973907
    outer loop
      vertex 234.05 93.4882 2.96633
      vertex 233.6 93.434 2.97896
      vertex 233.6 93.4882 2.96633
    endloop
  endfacet
  facet normal 0 0.933484 -0.358619
    outer loop
      vertex 234.05 103.739 3.47472
      vertex 233.6 103.759 3.52678
      vertex 234.05 103.759 3.52678
    endloop
  endfacet
  facet normal 0 0.933484 -0.358619
    outer loop
      vertex 233.6 103.759 3.52678
      vertex 234.05 103.739 3.47472
      vertex 233.6 103.739 3.47472
    endloop
  endfacet
  facet normal 0 -0.528316 -0.849048
    outer loop
      vertex 233.6 93.1818 3.09325
      vertex 234.05 93.229 3.06388
      vertex 234.05 93.1818 3.09325
    endloop
  endfacet
  facet normal -0 -0.528316 -0.849048
    outer loop
      vertex 234.05 93.229 3.06388
      vertex 233.6 93.1818 3.09325
      vertex 233.6 93.229 3.06388
    endloop
  endfacet
  facet normal 0 0.730098 -0.683343
    outer loop
      vertex 234.05 103.555 3.19896
      vertex 233.6 103.593 3.23956
      vertex 234.05 103.593 3.23956
    endloop
  endfacet
  facet normal 0 0.730098 -0.683343
    outer loop
      vertex 233.6 103.593 3.23956
      vertex 234.05 103.555 3.19896
      vertex 233.6 103.555 3.19896
    endloop
  endfacet
  facet normal 0 -0.812821 -0.582513
    outer loop
      vertex 233.6 92.9797 3.28255
      vertex 234.05 92.9473 3.32776
      vertex 233.6 92.9473 3.32776
    endloop
  endfacet
  facet normal 0 -0.812821 -0.582513
    outer loop
      vertex 234.05 92.9473 3.32776
      vertex 233.6 92.9797 3.28255
      vertex 234.05 92.9797 3.28255
    endloop
  endfacet
  facet normal -0 0.410513 0.911855
    outer loop
      vertex 233.6 103.33 4.56234
      vertex 234.05 103.279 4.5853
      vertex 234.05 103.33 4.56234
    endloop
  endfacet
  facet normal 0 0.410513 0.911855
    outer loop
      vertex 234.05 103.279 4.5853
      vertex 233.6 103.33 4.56234
      vertex 233.6 103.279 4.5853
    endloop
  endfacet
  facet normal 0 -0.729201 0.6843
    outer loop
      vertex 233.6 93.0149 4.36044
      vertex 234.05 93.053 4.40104
      vertex 233.6 93.053 4.40104
    endloop
  endfacet
  facet normal 0 -0.729201 0.6843
    outer loop
      vertex 234.05 93.053 4.40104
      vertex 233.6 93.0149 4.36044
      vertex 234.05 93.0149 4.36044
    endloop
  endfacet
  facet normal 0 -0.999476 -0.032363
    outer loop
      vertex 233.6 92.8058 3.74441
      vertex 234.05 92.804 3.8
      vertex 233.6 92.804 3.8
    endloop
  endfacet
  facet normal 0 -0.999476 -0.032363
    outer loop
      vertex 234.05 92.804 3.8
      vertex 233.6 92.8058 3.74441
      vertex 234.05 92.8058 3.74441
    endloop
  endfacet
  facet normal 0 -0.882054 0.471148
    outer loop
      vertex 233.6 92.8917 4.17595
      vertex 234.05 92.9179 4.225
      vertex 233.6 92.9179 4.225
    endloop
  endfacet
  facet normal 0 -0.882054 0.471148
    outer loop
      vertex 234.05 92.9179 4.225
      vertex 233.6 92.8917 4.17595
      vertex 234.05 92.8917 4.17595
    endloop
  endfacet
  facet normal 0 0.807777 0.589488
    outer loop
      vertex 234.05 103.661 4.27223
      vertex 233.6 103.628 4.31745
      vertex 234.05 103.628 4.31745
    endloop
  endfacet
  facet normal 0 0.807777 0.589488
    outer loop
      vertex 233.6 103.628 4.31745
      vertex 234.05 103.661 4.27223
      vertex 233.6 103.661 4.27223
    endloop
  endfacet
  facet normal 0 -0.413206 0.910637
    outer loop
      vertex 233.6 93.3287 4.5853
      vertex 234.05 93.2781 4.56234
      vertex 234.05 93.3287 4.5853
    endloop
  endfacet
  facet normal 0 -0.413206 0.910637
    outer loop
      vertex 234.05 93.2781 4.56234
      vertex 233.6 93.3287 4.5853
      vertex 233.6 93.2781 4.56234
    endloop
  endfacet
  facet normal 0 -0.773725 0.633522
    outer loop
      vertex 233.6 92.9797 4.31745
      vertex 234.05 93.0149 4.36044
      vertex 233.6 93.0149 4.36044
    endloop
  endfacet
  facet normal 0 -0.773725 0.633522
    outer loop
      vertex 234.05 93.0149 4.36044
      vertex 233.6 92.9797 4.31745
      vertex 234.05 92.9797 4.31745
    endloop
  endfacet
  facet normal -0 0.471802 0.881705
    outer loop
      vertex 233.6 103.379 4.53612
      vertex 234.05 103.33 4.56234
      vertex 234.05 103.379 4.53612
    endloop
  endfacet
  facet normal 0 0.471802 0.881705
    outer loop
      vertex 234.05 103.33 4.56234
      vertex 233.6 103.379 4.53612
      vertex 233.6 103.33 4.56234
    endloop
  endfacet
  facet normal 0 -0.729201 -0.6843
    outer loop
      vertex 233.6 93.053 3.19896
      vertex 234.05 93.0149 3.23956
      vertex 233.6 93.0149 3.23956
    endloop
  endfacet
  facet normal 0 -0.729201 -0.6843
    outer loop
      vertex 234.05 93.0149 3.23956
      vertex 233.6 93.053 3.19896
      vertex 234.05 93.053 3.19896
    endloop
  endfacet
  facet normal -0 0.634402 0.773003
    outer loop
      vertex 233.6 103.514 4.43906
      vertex 234.05 103.471 4.47435
      vertex 234.05 103.514 4.43906
    endloop
  endfacet
  facet normal 0 0.634402 0.773003
    outer loop
      vertex 234.05 103.471 4.47435
      vertex 233.6 103.514 4.43906
      vertex 233.6 103.471 4.47435
    endloop
  endfacet
  facet normal 0 0.999353 -0.0359544
    outer loop
      vertex 234.05 103.802 3.74441
      vertex 233.6 103.804 3.8
      vertex 234.05 103.804 3.8
    endloop
  endfacet
  facet normal 0 0.999353 -0.0359544
    outer loop
      vertex 233.6 103.804 3.8
      vertex 234.05 103.802 3.74441
      vertex 233.6 103.802 3.74441
    endloop
  endfacet
  facet normal -0 0.529934 0.848039
    outer loop
      vertex 233.6 103.426 4.50675
      vertex 234.05 103.379 4.53612
      vertex 234.05 103.426 4.50675
    endloop
  endfacet
  facet normal 0 0.529934 0.848039
    outer loop
      vertex 234.05 103.379 4.53612
      vertex 233.6 103.426 4.50675
      vertex 233.6 103.379 4.53612
    endloop
  endfacet
  facet normal 0 -0.910582 0.413329
    outer loop
      vertex 233.6 92.8687 4.12528
      vertex 234.05 92.8917 4.17595
      vertex 233.6 92.8917 4.17595
    endloop
  endfacet
  facet normal 0 -0.910582 0.413329
    outer loop
      vertex 234.05 92.8917 4.17595
      vertex 233.6 92.8687 4.12528
      vertex 234.05 92.8687 4.12528
    endloop
  endfacet
  facet normal 0 -0.95716 0.289558
    outer loop
      vertex 233.6 92.833 4.02
      vertex 234.05 92.8491 4.07322
      vertex 233.6 92.8491 4.07322
    endloop
  endfacet
  facet normal 0 -0.95716 0.289558
    outer loop
      vertex 234.05 92.8491 4.07322
      vertex 233.6 92.833 4.02
      vertex 234.05 92.833 4.02
    endloop
  endfacet
  facet normal 0 -0.973601 0.228258
    outer loop
      vertex 233.6 92.8203 3.96583
      vertex 234.05 92.833 4.02
      vertex 233.6 92.833 4.02
    endloop
  endfacet
  facet normal 0 -0.973601 0.228258
    outer loop
      vertex 234.05 92.833 4.02
      vertex 233.6 92.8203 3.96583
      vertex 234.05 92.8203 3.96583
    endloop
  endfacet
  facet normal 0 -0.0980782 0.995179
    outer loop
      vertex -0.45 76.2744 4.64818
      vertex 0 76.2191 4.64273
      vertex 0 76.2744 4.64818
    endloop
  endfacet
  facet normal 0 -0.0980782 0.995179
    outer loop
      vertex 0 76.2191 4.64273
      vertex -0.45 76.2744 4.64818
      vertex -0.45 76.2191 4.64273
    endloop
  endfacet
  facet normal 0 -0.910582 0.413329
    outer loop
      vertex -0.45 75.5447 4.12528
      vertex 0 75.5677 4.17595
      vertex -0.45 75.5677 4.17595
    endloop
  endfacet
  facet normal 0 -0.910582 0.413329
    outer loop
      vertex 0 75.5677 4.17595
      vertex -0.45 75.5447 4.12528
      vertex 0 75.5447 4.12528
    endloop
  endfacet
  facet normal 0 0.683534 -0.729918
    outer loop
      vertex -0.45 93.1904 3.16094
      vertex 0 93.231 3.19896
      vertex 0 93.1904 3.16094
    endloop
  endfacet
  facet normal 0 0.683534 -0.729918
    outer loop
      vertex 0 93.231 3.19896
      vertex -0.45 93.1904 3.16094
      vertex -0.45 93.231 3.19896
    endloop
  endfacet
  facet normal -0 0.582598 0.81276
    outer loop
      vertex -0.45 93.1474 4.47435
      vertex 0 93.1022 4.50675
      vertex 0 93.1474 4.47435
    endloop
  endfacet
  facet normal 0 0.582598 0.81276
    outer loop
      vertex 0 93.1022 4.50675
      vertex -0.45 93.1474 4.47435
      vertex -0.45 93.1022 4.50675
    endloop
  endfacet
  facet normal -0 0.634402 0.773003
    outer loop
      vertex -0.45 93.1904 4.43906
      vertex 0 93.1474 4.47435
      vertex 0 93.1904 4.43906
    endloop
  endfacet
  facet normal 0 0.634402 0.773003
    outer loop
      vertex 0 93.1474 4.47435
      vertex -0.45 93.1904 4.43906
      vertex -0.45 93.1474 4.47435
    endloop
  endfacet
  facet normal -0 0.226946 0.973907
    outer loop
      vertex -0.45 92.85 4.62104
      vertex 0 92.7958 4.63367
      vertex 0 92.85 4.62104
    endloop
  endfacet
  facet normal 0 0.226946 0.973907
    outer loop
      vertex 0 92.7958 4.63367
      vertex -0.45 92.85 4.62104
      vertex -0.45 92.7958 4.63367
    endloop
  endfacet
  facet normal 0 0.813733 0.581238
    outer loop
      vertex 0 93.3367 4.27223
      vertex -0.45 93.3044 4.31745
      vertex 0 93.3044 4.31745
    endloop
  endfacet
  facet normal 0 0.813733 0.581238
    outer loop
      vertex -0.45 93.3044 4.31745
      vertex 0 93.3367 4.27223
      vertex -0.45 93.3367 4.27223
    endloop
  endfacet
  facet normal 0 -0.848956 0.528463
    outer loop
      vertex -0.45 75.5939 4.225
      vertex 0 75.6233 4.27223
      vertex -0.45 75.6233 4.27223
    endloop
  endfacet
  facet normal 0 -0.848956 0.528463
    outer loop
      vertex 0 75.6233 4.27223
      vertex -0.45 75.5939 4.225
      vertex 0 75.5939 4.225
    endloop
  endfacet
  facet normal -0 0 1
    outer loop
      vertex -0.45 92.63 4.65
      vertex 0 76.33 4.65
      vertex 0 92.63 4.65
    endloop
  endfacet
  facet normal 0 0 1
    outer loop
      vertex 0 76.33 4.65
      vertex -0.45 92.63 4.65
      vertex -0.45 76.33 4.65
    endloop
  endfacet
  facet normal -0 0.471054 0.882104
    outer loop
      vertex -0.45 93.055 4.53612
      vertex 0 93.0059 4.56234
      vertex 0 93.055 4.53612
    endloop
  endfacet
  facet normal 0 0.471054 0.882104
    outer loop
      vertex 0 93.0059 4.56234
      vertex -0.45 93.055 4.53612
      vertex -0.45 93.0059 4.56234
    endloop
  endfacet
  facet normal -0 0.0327163 0.999465
    outer loop
      vertex -0.45 92.6856 4.64818
      vertex 0 92.63 4.65
      vertex 0 92.6856 4.64818
    endloop
  endfacet
  facet normal 0 0.0327163 0.999465
    outer loop
      vertex 0 92.63 4.65
      vertex -0.45 92.6856 4.64818
      vertex -0.45 92.63 4.65
    endloop
  endfacet
  facet normal 0 -0.729201 -0.6843
    outer loop
      vertex -0.45 75.729 3.19896
      vertex 0 75.6909 3.23956
      vertex -0.45 75.6909 3.23956
    endloop
  endfacet
  facet normal 0 -0.729201 -0.6843
    outer loop
      vertex 0 75.6909 3.23956
      vertex -0.45 75.729 3.19896
      vertex 0 75.729 3.19896
    endloop
  endfacet
  facet normal 0 0.973601 0.228258
    outer loop
      vertex 0 93.4637 3.96583
      vertex -0.45 93.451 4.02
      vertex 0 93.451 4.02
    endloop
  endfacet
  facet normal 0 0.973601 0.228258
    outer loop
      vertex -0.45 93.451 4.02
      vertex 0 93.4637 3.96583
      vertex -0.45 93.4637 3.96583
    endloop
  endfacet
  facet normal 0 0.995101 -0.098863
    outer loop
      vertex 0 93.4727 3.68905
      vertex -0.45 93.4782 3.74441
      vertex 0 93.4782 3.74441
    endloop
  endfacet
  facet normal 0 0.995101 -0.098863
    outer loop
      vertex -0.45 93.4782 3.74441
      vertex 0 93.4727 3.68905
      vertex -0.45 93.4727 3.68905
    endloop
  endfacet
  facet normal 0 -0.0327163 -0.999465
    outer loop
      vertex -0.45 76.2744 2.95182
      vertex 0 76.33 2.95
      vertex 0 76.2744 2.95182
    endloop
  endfacet
  facet normal -0 -0.0327163 -0.999465
    outer loop
      vertex 0 76.33 2.95
      vertex -0.45 76.2744 2.95182
      vertex -0.45 76.33 2.95
    endloop
  endfacet
  facet normal 0 -0.0327163 0.999465
    outer loop
      vertex -0.45 76.33 4.65
      vertex 0 76.2744 4.64818
      vertex 0 76.33 4.65
    endloop
  endfacet
  facet normal 0 -0.0327163 0.999465
    outer loop
      vertex 0 76.2744 4.64818
      vertex -0.45 76.33 4.65
      vertex -0.45 76.2744 4.64818
    endloop
  endfacet
  facet normal 0 -0.0980782 -0.995179
    outer loop
      vertex -0.45 76.2191 2.95727
      vertex 0 76.2744 2.95182
      vertex 0 76.2191 2.95727
    endloop
  endfacet
  facet normal -0 -0.0980782 -0.995179
    outer loop
      vertex 0 76.2744 2.95182
      vertex -0.45 76.2191 2.95727
      vertex -0.45 76.2744 2.95182
    endloop
  endfacet
  facet normal 0 0.999476 -0.032363
    outer loop
      vertex 0 93.4782 3.74441
      vertex -0.45 93.48 3.8
      vertex 0 93.48 3.8
    endloop
  endfacet
  facet normal 0 0.999476 -0.032363
    outer loop
      vertex -0.45 93.48 3.8
      vertex 0 93.4782 3.74441
      vertex -0.45 93.4782 3.74441
    endloop
  endfacet
  facet normal 0 0.882054 -0.471148
    outer loop
      vertex 0 93.3661 3.375
      vertex -0.45 93.3923 3.42405
      vertex 0 93.3923 3.42405
    endloop
  endfacet
  facet normal 0 0.882054 -0.471148
    outer loop
      vertex -0.45 93.3923 3.42405
      vertex 0 93.3661 3.375
      vertex -0.45 93.3661 3.375
    endloop
  endfacet
  facet normal 0 -0.471054 -0.882104
    outer loop
      vertex -0.45 75.905 3.06388
      vertex 0 75.9541 3.03766
      vertex 0 75.905 3.06388
    endloop
  endfacet
  facet normal -0 -0.471054 -0.882104
    outer loop
      vertex 0 75.9541 3.03766
      vertex -0.45 75.905 3.06388
      vertex -0.45 75.9541 3.03766
    endloop
  endfacet
  facet normal 0 -0.528316 0.849048
    outer loop
      vertex -0.45 75.905 4.53612
      vertex 0 75.8578 4.50675
      vertex 0 75.905 4.53612
    endloop
  endfacet
  facet normal 0 -0.528316 0.849048
    outer loop
      vertex 0 75.8578 4.50675
      vertex -0.45 75.905 4.53612
      vertex -0.45 75.8578 4.50675
    endloop
  endfacet
  facet normal 0 0.910582 0.413329
    outer loop
      vertex 0 93.4153 4.12528
      vertex -0.45 93.3923 4.17595
      vertex 0 93.3923 4.17595
    endloop
  endfacet
  facet normal 0 0.910582 0.413329
    outer loop
      vertex -0.45 93.3923 4.17595
      vertex 0 93.4153 4.12528
      vertex -0.45 93.4153 4.12528
    endloop
  endfacet
  facet normal -1 0 0
    outer loop
      vertex -0.45 93.4782 3.74441
      vertex -0.45 93.4782 3.85559
      vertex -0.45 93.48 3.8
    endloop
  endfacet
  facet normal -1 0 0
    outer loop
      vertex -0.45 93.4727 3.68905
      vertex -0.45 93.4782 3.85559
      vertex -0.45 93.4782 3.74441
    endloop
  endfacet
  facet normal -1 0 0
    outer loop
      vertex -0.45 93.4727 3.68905
      vertex -0.45 93.4727 3.91095
      vertex -0.45 93.4782 3.85559
    endloop
  endfacet
  facet normal -1 0 0
    outer loop
      vertex -0.45 93.4637 3.63417
      vertex -0.45 93.4727 3.91095
      vertex -0.45 93.4727 3.68905
    endloop
  endfacet
  facet normal -1 0 0
    outer loop
      vertex -0.45 93.4637 3.63417
      vertex -0.45 93.4637 3.96583
      vertex -0.45 93.4727 3.91095
    endloop
  endfacet
  facet normal -1 0 0
    outer loop
      vertex -0.45 93.451 3.58
      vertex -0.45 93.4637 3.96583
      vertex -0.45 93.4637 3.63417
    endloop
  endfacet
  facet normal -1 0 0
    outer loop
      vertex -0.45 93.451 3.58
      vertex -0.45 93.451 4.02
      vertex -0.45 93.4637 3.96583
    endloop
  endfacet
  facet normal -1 0 0
    outer loop
      vertex -0.45 93.4349 3.52678
      vertex -0.45 93.451 4.02
      vertex -0.45 93.451 3.58
    endloop
  endfacet
  facet normal -1 0 0
    outer loop
      vertex -0.45 93.4349 3.52678
      vertex -0.45 93.4349 4.07322
      vertex -0.45 93.451 4.02
    endloop
  endfacet
  facet normal -1 0 0
    outer loop
      vertex -0.45 93.4153 3.47472
      vertex -0.45 93.4349 4.07322
      vertex -0.45 93.4349 3.52678
    endloop
  endfacet
  facet normal -1 0 0
    outer loop
      vertex -0.45 93.4153 3.47472
      vertex -0.45 93.4153 4.12528
      vertex -0.45 93.4349 4.07322
    endloop
  endfacet
  facet normal -1 0 0
    outer loop
      vertex -0.45 93.3923 3.42405
      vertex -0.45 93.4153 4.12528
      vertex -0.45 93.4153 3.47472
    endloop
  endfacet
  facet normal -1 0 0
    outer loop
      vertex -0.45 93.3923 3.42405
      vertex -0.45 93.3923 4.17595
      vertex -0.45 93.4153 4.12528
    endloop
  endfacet
  facet normal -1 0 0
    outer loop
      vertex -0.45 93.3661 3.375
      vertex -0.45 93.3923 4.17595
      vertex -0.45 93.3923 3.42405
    endloop
  endfacet
  facet normal -1 0 0
    outer loop
      vertex -0.45 93.3661 3.375
      vertex -0.45 93.3661 4.225
      vertex -0.45 93.3923 4.17595
    endloop
  endfacet
  facet normal -1 0 0
    outer loop
      vertex -0.45 93.3367 3.32776
      vertex -0.45 93.3661 4.225
      vertex -0.45 93.3661 3.375
    endloop
  endfacet
  facet normal -1 0 0
    outer loop
      vertex -0.45 93.3367 3.32776
      vertex -0.45 93.3367 4.27223
      vertex -0.45 93.3661 4.225
    endloop
  endfacet
  facet normal -1 0 0
    outer loop
      vertex -0.45 93.3044 3.28255
      vertex -0.45 93.3367 4.27223
      vertex -0.45 93.3367 3.32776
    endloop
  endfacet
  facet normal -1 0 0
    outer loop
      vertex -0.45 93.3044 3.28255
      vertex -0.45 93.3044 4.31745
      vertex -0.45 93.3367 4.27223
    endloop
  endfacet
  facet normal -1 0 0
    outer loop
      vertex -0.45 93.2691 3.23956
      vertex -0.45 93.3044 4.31745
      vertex -0.45 93.3044 3.28255
    endloop
  endfacet
  facet normal -1 0 0
    outer loop
      vertex -0.45 93.2691 3.23956
      vertex -0.45 93.2691 4.36044
      vertex -0.45 93.3044 4.31745
    endloop
  endfacet
  facet normal -1 0 0
    outer loop
      vertex -0.45 93.231 3.19896
      vertex -0.45 93.2691 4.36044
      vertex -0.45 93.2691 3.23956
    endloop
  endfacet
  facet normal -1 0 0
    outer loop
      vertex -0.45 93.231 3.19896
      vertex -0.45 93.231 4.40104
      vertex -0.45 93.2691 4.36044
    endloop
  endfacet
  facet normal -1 0 0
    outer loop
      vertex -0.45 93.1904 3.16094
      vertex -0.45 93.231 4.40104
      vertex -0.45 93.231 3.19896
    endloop
  endfacet
  facet normal -1 0 0
    outer loop
      vertex -0.45 93.1904 3.16094
      vertex -0.45 93.1904 4.43906
      vertex -0.45 93.231 4.40104
    endloop
  endfacet
  facet normal -1 0 0
    outer loop
      vertex -0.45 93.1474 3.12565
      vertex -0.45 93.1904 4.43906
      vertex -0.45 93.1904 3.16094
    endloop
  endfacet
  facet normal -1 0 0
    outer loop
      vertex -0.45 93.1474 3.12565
      vertex -0.45 93.1474 4.47435
      vertex -0.45 93.1904 4.43906
    endloop
  endfacet
  facet normal -1 0 0
    outer loop
      vertex -0.45 93.1022 3.09325
      vertex -0.45 93.1474 4.47435
      vertex -0.45 93.1474 3.12565
    endloop
  endfacet
  facet normal -1 0 0
    outer loop
      vertex -0.45 93.1022 3.09325
      vertex -0.45 93.1022 4.50675
      vertex -0.45 93.1474 4.47435
    endloop
  endfacet
  facet normal -1 0 0
    outer loop
      vertex -0.45 93.055 3.06388
      vertex -0.45 93.1022 4.50675
      vertex -0.45 93.1022 3.09325
    endloop
  endfacet
  facet normal -1 0 0
    outer loop
      vertex -0.45 93.055 3.06388
      vertex -0.45 93.055 4.53612
      vertex -0.45 93.1022 4.50675
    endloop
  endfacet
  facet normal -1 0 0
    outer loop
      vertex -0.45 93.0059 3.03766
      vertex -0.45 93.055 4.53612
      vertex -0.45 93.055 3.06388
    endloop
  endfacet
  facet normal -1 0 0
    outer loop
      vertex -0.45 93.0059 3.03766
      vertex -0.45 93.0059 4.56234
      vertex -0.45 93.055 4.53612
    endloop
  endfacet
  facet normal -1 0 0
    outer loop
      vertex -0.45 92.9553 3.0147
      vertex -0.45 93.0059 4.56234
      vertex -0.45 93.0059 3.03766
    endloop
  endfacet
  facet normal -1 0 0
    outer loop
      vertex -0.45 92.9553 3.0147
      vertex -0.45 92.9553 4.5853
      vertex -0.45 93.0059 4.56234
    endloop
  endfacet
  facet normal -1 0 0
    outer loop
      vertex -0.45 92.9032 2.99511
      vertex -0.45 92.9553 4.5853
      vertex -0.45 92.9553 3.0147
    endloop
  endfacet
  facet normal -1 0 0
    outer loop
      vertex -0.45 92.9032 2.99511
      vertex -0.45 92.9032 4.60489
      vertex -0.45 92.9553 4.5853
    endloop
  endfacet
  facet normal -1 0 0
    outer loop
      vertex -0.45 92.85 2.97896
      vertex -0.45 92.9032 4.60489
      vertex -0.45 92.9032 2.99511
    endloop
  endfacet
  facet normal -1 0 0
    outer loop
      vertex -0.45 92.85 2.97896
      vertex -0.45 92.85 4.62104
      vertex -0.45 92.9032 4.60489
    endloop
  endfacet
  facet normal -1 0 0
    outer loop
      vertex -0.45 92.7958 2.96633
      vertex -0.45 92.85 4.62104
      vertex -0.45 92.85 2.97896
    endloop
  endfacet
  facet normal -1 0 0
    outer loop
      vertex -0.45 92.7958 2.96633
      vertex -0.45 92.7958 4.63367
      vertex -0.45 92.85 4.62104
    endloop
  endfacet
  facet normal -1 0 0
    outer loop
      vertex -0.45 92.7409 2.95727
      vertex -0.45 92.7958 4.63367
      vertex -0.45 92.7958 2.96633
    endloop
  endfacet
  facet normal -1 0 0
    outer loop
      vertex -0.45 92.7409 2.95727
      vertex -0.45 92.7409 4.64273
      vertex -0.45 92.7958 4.63367
    endloop
  endfacet
  facet normal -1 0 0
    outer loop
      vertex -0.45 92.6856 2.95182
      vertex -0.45 92.7409 4.64273
      vertex -0.45 92.7409 2.95727
    endloop
  endfacet
  facet normal -1 0 0
    outer loop
      vertex -0.45 92.6856 2.95182
      vertex -0.45 92.6856 4.64818
      vertex -0.45 92.7409 4.64273
    endloop
  endfacet
  facet normal -1 0 0
    outer loop
      vertex -0.45 92.63 2.95
      vertex -0.45 92.6856 4.64818
      vertex -0.45 92.6856 2.95182
    endloop
  endfacet
  facet normal -1 0 0
    outer loop
      vertex -0.45 92.63 2.95
      vertex -0.45 92.63 4.65
      vertex -0.45 92.6856 4.64818
    endloop
  endfacet
  facet normal -1 0 0
    outer loop
      vertex -0.45 76.33 2.95
      vertex -0.45 92.63 4.65
      vertex -0.45 92.63 2.95
    endloop
  endfacet
  facet normal -1 0 0
    outer loop
      vertex -0.45 76.33 2.95
      vertex -0.45 76.33 4.65
      vertex -0.45 92.63 4.65
    endloop
  endfacet
  facet normal -1 0 0
    outer loop
      vertex -0.45 76.2744 2.95182
      vertex -0.45 76.33 4.65
      vertex -0.45 76.33 2.95
    endloop
  endfacet
  facet normal -1 0 0
    outer loop
      vertex -0.45 76.2744 2.95182
      vertex -0.45 76.2744 4.64818
      vertex -0.45 76.33 4.65
    endloop
  endfacet
  facet normal -1 0 0
    outer loop
      vertex -0.45 76.2191 2.95727
      vertex -0.45 76.2744 4.64818
      vertex -0.45 76.2744 2.95182
    endloop
  endfacet
  facet normal -1 0 0
    outer loop
      vertex -0.45 76.2191 2.95727
      vertex -0.45 76.2191 4.64273
      vertex -0.45 76.2744 4.64818
    endloop
  endfacet
  facet normal -1 0 0
    outer loop
      vertex -0.45 76.1642 2.96633
      vertex -0.45 76.2191 4.64273
      vertex -0.45 76.2191 2.95727
    endloop
  endfacet
  facet normal -1 0 0
    outer loop
      vertex -0.45 76.1642 2.96633
      vertex -0.45 76.1642 4.63367
      vertex -0.45 76.2191 4.64273
    endloop
  endfacet
  facet normal -1 0 0
    outer loop
      vertex -0.45 76.11 2.97896
      vertex -0.45 76.1642 4.63367
      vertex -0.45 76.1642 2.96633
    endloop
  endfacet
  facet normal -1 0 0
    outer loop
      vertex -0.45 76.11 2.97896
      vertex -0.45 76.11 4.62104
      vertex -0.45 76.1642 4.63367
    endloop
  endfacet
  facet normal -1 0 0
    outer loop
      vertex -0.45 76.0568 2.99511
      vertex -0.45 76.11 4.62104
      vertex -0.45 76.11 2.97896
    endloop
  endfacet
  facet normal -1 0 0
    outer loop
      vertex -0.45 76.0568 2.99511
      vertex -0.45 76.0568 4.60489
      vertex -0.45 76.11 4.62104
    endloop
  endfacet
  facet normal -1 0 0
    outer loop
      vertex -0.45 76.0047 3.0147
      vertex -0.45 76.0568 4.60489
      vertex -0.45 76.0568 2.99511
    endloop
  endfacet
  facet normal -1 0 0
    outer loop
      vertex -0.45 76.0047 3.0147
      vertex -0.45 76.0047 4.5853
      vertex -0.45 76.0568 4.60489
    endloop
  endfacet
  facet normal -1 0 0
    outer loop
      vertex -0.45 75.9541 3.03766
      vertex -0.45 76.0047 4.5853
      vertex -0.45 76.0047 3.0147
    endloop
  endfacet
  facet normal -1 0 0
    outer loop
      vertex -0.45 75.9541 3.03766
      vertex -0.45 75.9541 4.56234
      vertex -0.45 76.0047 4.5853
    endloop
  endfacet
  facet normal -1 0 0
    outer loop
      vertex -0.45 75.905 3.06388
      vertex -0.45 75.9541 4.56234
      vertex -0.45 75.9541 3.03766
    endloop
  endfacet
  facet normal -1 0 0
    outer loop
      vertex -0.45 75.905 3.06388
      vertex -0.45 75.905 4.53612
      vertex -0.45 75.9541 4.56234
    endloop
  endfacet
  facet normal -1 0 0
    outer loop
      vertex -0.45 75.8578 3.09325
      vertex -0.45 75.905 4.53612
      vertex -0.45 75.905 3.06388
    endloop
  endfacet
  facet normal -1 0 0
    outer loop
      vertex -0.45 75.8578 3.09325
      vertex -0.45 75.8578 4.50675
      vertex -0.45 75.905 4.53612
    endloop
  endfacet
  facet normal -1 0 0
    outer loop
      vertex -0.45 75.8126 3.12565
      vertex -0.45 75.8578 4.50675
      vertex -0.45 75.8578 3.09325
    endloop
  endfacet
  facet normal -1 0 0
    outer loop
      vertex -0.45 75.8126 3.12565
      vertex -0.45 75.8126 4.47435
      vertex -0.45 75.8578 4.50675
    endloop
  endfacet
  facet normal -1 0 0
    outer loop
      vertex -0.45 75.7696 3.16094
      vertex -0.45 75.8126 4.47435
      vertex -0.45 75.8126 3.12565
    endloop
  endfacet
  facet normal -1 0 0
    outer loop
      vertex -0.45 75.7696 3.16094
      vertex -0.45 75.7696 4.43906
      vertex -0.45 75.8126 4.47435
    endloop
  endfacet
  facet normal -1 0 0
    outer loop
      vertex -0.45 75.729 3.19896
      vertex -0.45 75.7696 4.43906
      vertex -0.45 75.7696 3.16094
    endloop
  endfacet
  facet normal -1 0 0
    outer loop
      vertex -0.45 75.729 3.19896
      vertex -0.45 75.729 4.40104
      vertex -0.45 75.7696 4.43906
    endloop
  endfacet
  facet normal -1 0 0
    outer loop
      vertex -0.45 75.6909 3.23956
      vertex -0.45 75.729 4.40104
      vertex -0.45 75.729 3.19896
    endloop
  endfacet
  facet normal -1 0 0
    outer loop
      vertex -0.45 75.6909 3.23956
      vertex -0.45 75.6909 4.36044
      vertex -0.45 75.729 4.40104
    endloop
  endfacet
  facet normal -1 0 0
    outer loop
      vertex -0.45 75.6556 3.28255
      vertex -0.45 75.6909 4.36044
      vertex -0.45 75.6909 3.23956
    endloop
  endfacet
  facet normal -1 0 0
    outer loop
      vertex -0.45 75.6556 3.28255
      vertex -0.45 75.6556 4.31745
      vertex -0.45 75.6909 4.36044
    endloop
  endfacet
  facet normal -1 0 0
    outer loop
      vertex -0.45 75.6233 3.32776
      vertex -0.45 75.6556 4.31745
      vertex -0.45 75.6556 3.28255
    endloop
  endfacet
  facet normal -1 0 0
    outer loop
      vertex -0.45 75.6233 3.32776
      vertex -0.45 75.6233 4.27223
      vertex -0.45 75.6556 4.31745
    endloop
  endfacet
  facet normal -1 0 0
    outer loop
      vertex -0.45 75.5939 3.375
      vertex -0.45 75.6233 4.27223
      vertex -0.45 75.6233 3.32776
    endloop
  endfacet
  facet normal -1 0 0
    outer loop
      vertex -0.45 75.5939 3.375
      vertex -0.45 75.5939 4.225
      vertex -0.45 75.6233 4.27223
    endloop
  endfacet
  facet normal -1 0 0
    outer loop
      vertex -0.45 75.5677 3.42405
      vertex -0.45 75.5939 4.225
      vertex -0.45 75.5939 3.375
    endloop
  endfacet
  facet normal -1 0 0
    outer loop
      vertex -0.45 75.5677 3.42405
      vertex -0.45 75.5677 4.17595
      vertex -0.45 75.5939 4.225
    endloop
  endfacet
  facet normal -1 0 0
    outer loop
      vertex -0.45 75.5447 3.47472
      vertex -0.45 75.5677 4.17595
      vertex -0.45 75.5677 3.42405
    endloop
  endfacet
  facet normal -1 0 0
    outer loop
      vertex -0.45 75.5447 3.47472
      vertex -0.45 75.5447 4.12528
      vertex -0.45 75.5677 4.17595
    endloop
  endfacet
  facet normal -1 0 0
    outer loop
      vertex -0.45 75.5251 3.52678
      vertex -0.45 75.5447 4.12528
      vertex -0.45 75.5447 3.47472
    endloop
  endfacet
  facet normal -1 0 0
    outer loop
      vertex -0.45 75.5251 3.52678
      vertex -0.45 75.5251 4.07322
      vertex -0.45 75.5447 4.12528
    endloop
  endfacet
  facet normal -1 0 0
    outer loop
      vertex -0.45 75.509 3.58
      vertex -0.45 75.5251 4.07322
      vertex -0.45 75.5251 3.52678
    endloop
  endfacet
  facet normal -1 0 0
    outer loop
      vertex -0.45 75.509 3.58
      vertex -0.45 75.509 4.02
      vertex -0.45 75.5251 4.07322
    endloop
  endfacet
  facet normal -1 0 0
    outer loop
      vertex -0.45 75.4963 3.63417
      vertex -0.45 75.509 4.02
      vertex -0.45 75.509 3.58
    endloop
  endfacet
  facet normal -1 0 0
    outer loop
      vertex -0.45 75.4963 3.63417
      vertex -0.45 75.4963 3.96583
      vertex -0.45 75.509 4.02
    endloop
  endfacet
  facet normal -1 0 0
    outer loop
      vertex -0.45 75.4873 3.68905
      vertex -0.45 75.4963 3.96583
      vertex -0.45 75.4963 3.63417
    endloop
  endfacet
  facet normal -1 0 0
    outer loop
      vertex -0.45 75.4873 3.68905
      vertex -0.45 75.4873 3.91095
      vertex -0.45 75.4963 3.96583
    endloop
  endfacet
  facet normal -1 0 0
    outer loop
      vertex -0.45 75.4818 3.74441
      vertex -0.45 75.4873 3.91095
      vertex -0.45 75.4873 3.68905
    endloop
  endfacet
  facet normal -1 0 0
    outer loop
      vertex -0.45 75.4818 3.74441
      vertex -0.45 75.4818 3.85559
      vertex -0.45 75.4873 3.91095
    endloop
  endfacet
  facet normal -1 0 -0
    outer loop
      vertex -0.45 75.4818 3.85559
      vertex -0.45 75.4818 3.74441
      vertex -0.45 75.48 3.8
    endloop
  endfacet
  facet normal 0 0.0327163 -0.999465
    outer loop
      vertex -0.45 92.63 2.95
      vertex 0 92.6856 2.95182
      vertex 0 92.63 2.95
    endloop
  endfacet
  facet normal 0 0.0327163 -0.999465
    outer loop
      vertex 0 92.6856 2.95182
      vertex -0.45 92.63 2.95
      vertex -0.45 92.6856 2.95182
    endloop
  endfacet
  facet normal 0 0 -1
    outer loop
      vertex -0.45 76.33 2.95
      vertex 0 92.63 2.95
      vertex 0 76.33 2.95
    endloop
  endfacet
  facet normal -0 0 -1
    outer loop
      vertex 0 92.63 2.95
      vertex -0.45 76.33 2.95
      vertex -0.45 92.63 2.95
    endloop
  endfacet
  facet normal 0 0.849006 -0.528383
    outer loop
      vertex 0 93.3367 3.32776
      vertex -0.45 93.3661 3.375
      vertex 0 93.3661 3.375
    endloop
  endfacet
  facet normal 0 0.849006 -0.528383
    outer loop
      vertex -0.45 93.3661 3.375
      vertex 0 93.3367 3.32776
      vertex -0.45 93.3367 3.32776
    endloop
  endfacet
  facet normal 0 -0.772843 0.634598
    outer loop
      vertex -0.45 75.6556 4.31745
      vertex 0 75.6909 4.36044
      vertex -0.45 75.6909 4.36044
    endloop
  endfacet
  facet normal 0 -0.772843 0.634598
    outer loop
      vertex 0 75.6909 4.36044
      vertex -0.45 75.6556 4.31745
      vertex 0 75.6556 4.31745
    endloop
  endfacet
  facet normal 0 -0.162825 -0.986655
    outer loop
      vertex -0.45 76.1642 2.96633
      vertex 0 76.2191 2.95727
      vertex 0 76.1642 2.96633
    endloop
  endfacet
  facet normal -0 -0.162825 -0.986655
    outer loop
      vertex 0 76.2191 2.95727
      vertex -0.45 76.1642 2.96633
      vertex -0.45 76.2191 2.95727
    endloop
  endfacet
  facet normal 0 -0.683534 -0.729918
    outer loop
      vertex -0.45 75.729 3.19896
      vertex 0 75.7696 3.16094
      vertex 0 75.729 3.19896
    endloop
  endfacet
  facet normal -0 -0.683534 -0.729918
    outer loop
      vertex 0 75.7696 3.16094
      vertex -0.45 75.729 3.19896
      vertex -0.45 75.7696 3.16094
    endloop
  endfacet
  facet normal -0 0.35195 0.936019
    outer loop
      vertex -0.45 92.9553 4.5853
      vertex 0 92.9032 4.60489
      vertex 0 92.9553 4.5853
    endloop
  endfacet
  facet normal 0 0.35195 0.936019
    outer loop
      vertex 0 92.9032 4.60489
      vertex -0.45 92.9553 4.5853
      vertex -0.45 92.9032 4.60489
    endloop
  endfacet
  facet normal 0 0.995101 0.098863
    outer loop
      vertex 0 93.4782 3.85559
      vertex -0.45 93.4727 3.91095
      vertex 0 93.4727 3.91095
    endloop
  endfacet
  facet normal 0 0.995101 0.098863
    outer loop
      vertex -0.45 93.4727 3.91095
      vertex 0 93.4782 3.85559
      vertex -0.45 93.4782 3.85559
    endloop
  endfacet
  facet normal 0 0.93587 0.352345
    outer loop
      vertex 0 93.4349 4.07322
      vertex -0.45 93.4153 4.12528
      vertex 0 93.4153 4.12528
    endloop
  endfacet
  facet normal 0 0.93587 0.352345
    outer loop
      vertex -0.45 93.4153 4.12528
      vertex 0 93.4349 4.07322
      vertex -0.45 93.4349 4.07322
    endloop
  endfacet
  facet normal 0 -0.290482 -0.956881
    outer loop
      vertex -0.45 76.0568 2.99511
      vertex 0 76.11 2.97896
      vertex 0 76.0568 2.99511
    endloop
  endfacet
  facet normal -0 -0.290482 -0.956881
    outer loop
      vertex 0 76.11 2.97896
      vertex -0.45 76.0568 2.99511
      vertex -0.45 76.11 2.97896
    endloop
  endfacet
  facet normal 0 0.848956 0.528463
    outer loop
      vertex 0 93.3661 4.225
      vertex -0.45 93.3367 4.27223
      vertex 0 93.3367 4.27223
    endloop
  endfacet
  facet normal 0 0.848956 0.528463
    outer loop
      vertex -0.45 93.3367 4.27223
      vertex 0 93.3661 4.225
      vertex -0.45 93.3661 4.225
    endloop
  endfacet
  facet normal 0 0.93587 -0.352345
    outer loop
      vertex 0 93.4153 3.47472
      vertex -0.45 93.4349 3.52678
      vertex 0 93.4349 3.52678
    endloop
  endfacet
  facet normal 0 0.93587 -0.352345
    outer loop
      vertex -0.45 93.4349 3.52678
      vertex 0 93.4153 3.47472
      vertex -0.45 93.4153 3.47472
    endloop
  endfacet
  facet normal 0 0.882054 0.471148
    outer loop
      vertex 0 93.3923 4.17595
      vertex -0.45 93.3661 4.225
      vertex 0 93.3661 4.225
    endloop
  endfacet
  facet normal 0 0.882054 0.471148
    outer loop
      vertex -0.45 93.3661 4.225
      vertex 0 93.3923 4.17595
      vertex -0.45 93.3923 4.17595
    endloop
  endfacet
  facet normal 0 -0.226946 -0.973907
    outer loop
      vertex -0.45 76.11 2.97896
      vertex 0 76.1642 2.96633
      vertex 0 76.11 2.97896
    endloop
  endfacet
  facet normal -0 -0.226946 -0.973907
    outer loop
      vertex 0 76.1642 2.96633
      vertex -0.45 76.11 2.97896
      vertex -0.45 76.1642 2.96633
    endloop
  endfacet
  facet normal 0 0.910582 -0.413329
    outer loop
      vertex 0 93.3923 3.42405
      vertex -0.45 93.4153 3.47472
      vertex 0 93.4153 3.47472
    endloop
  endfacet
  facet normal 0 0.910582 -0.413329
    outer loop
      vertex -0.45 93.4153 3.47472
      vertex 0 93.3923 3.42405
      vertex -0.45 93.3923 3.42405
    endloop
  endfacet
  facet normal 0 0.413206 -0.910637
    outer loop
      vertex -0.45 92.9553 3.0147
      vertex 0 93.0059 3.03766
      vertex 0 92.9553 3.0147
    endloop
  endfacet
  facet normal 0 0.413206 -0.910637
    outer loop
      vertex 0 93.0059 3.03766
      vertex -0.45 92.9553 3.0147
      vertex -0.45 93.0059 3.03766
    endloop
  endfacet
  facet normal 0 -0.882054 0.471148
    outer loop
      vertex -0.45 75.5677 4.17595
      vertex 0 75.5939 4.225
      vertex -0.45 75.5939 4.225
    endloop
  endfacet
  facet normal 0 -0.882054 0.471148
    outer loop
      vertex 0 75.5939 4.225
      vertex -0.45 75.5677 4.17595
      vertex 0 75.5677 4.17595
    endloop
  endfacet
  facet normal 0 -0.528316 -0.849048
    outer loop
      vertex -0.45 75.8578 3.09325
      vertex 0 75.905 3.06388
      vertex 0 75.8578 3.09325
    endloop
  endfacet
  facet normal -0 -0.528316 -0.849048
    outer loop
      vertex 0 75.905 3.06388
      vertex -0.45 75.8578 3.09325
      vertex -0.45 75.905 3.06388
    endloop
  endfacet
  facet normal 0 0.729201 -0.6843
    outer loop
      vertex 0 93.231 3.19896
      vertex -0.45 93.2691 3.23956
      vertex 0 93.2691 3.23956
    endloop
  endfacet
  facet normal 0 0.729201 -0.6843
    outer loop
      vertex -0.45 93.2691 3.23956
      vertex 0 93.231 3.19896
      vertex -0.45 93.231 3.19896
    endloop
  endfacet
  facet normal 0 -0.162825 0.986655
    outer loop
      vertex -0.45 76.2191 4.64273
      vertex 0 76.1642 4.63367
      vertex 0 76.2191 4.64273
    endloop
  endfacet
  facet normal 0 -0.162825 0.986655
    outer loop
      vertex 0 76.1642 4.63367
      vertex -0.45 76.2191 4.64273
      vertex -0.45 76.1642 4.63367
    endloop
  endfacet
  facet normal 0 0.999476 0.032363
    outer loop
      vertex 0 93.48 3.8
      vertex -0.45 93.4782 3.85559
      vertex 0 93.4782 3.85559
    endloop
  endfacet
  facet normal 0 0.999476 0.032363
    outer loop
      vertex -0.45 93.4782 3.85559
      vertex 0 93.48 3.8
      vertex -0.45 93.48 3.8
    endloop
  endfacet
  facet normal -0 0.162825 0.986655
    outer loop
      vertex -0.45 92.7958 4.63367
      vertex 0 92.7409 4.64273
      vertex 0 92.7958 4.63367
    endloop
  endfacet
  facet normal 0 0.162825 0.986655
    outer loop
      vertex 0 92.7409 4.64273
      vertex -0.45 92.7958 4.63367
      vertex -0.45 92.7409 4.64273
    endloop
  endfacet
  facet normal -0 0.290482 0.956881
    outer loop
      vertex -0.45 92.9032 4.60489
      vertex 0 92.85 4.62104
      vertex 0 92.9032 4.60489
    endloop
  endfacet
  facet normal 0 0.290482 0.956881
    outer loop
      vertex 0 92.85 4.62104
      vertex -0.45 92.9032 4.60489
      vertex -0.45 92.85 4.62104
    endloop
  endfacet
  facet normal 0 0.729201 0.6843
    outer loop
      vertex 0 93.2691 4.36044
      vertex -0.45 93.231 4.40104
      vertex 0 93.231 4.40104
    endloop
  endfacet
  facet normal 0 0.729201 0.6843
    outer loop
      vertex -0.45 93.231 4.40104
      vertex 0 93.2691 4.36044
      vertex -0.45 93.2691 4.36044
    endloop
  endfacet
  facet normal 0 0.0980782 -0.995179
    outer loop
      vertex -0.45 92.6856 2.95182
      vertex 0 92.7409 2.95727
      vertex 0 92.6856 2.95182
    endloop
  endfacet
  facet normal 0 0.0980782 -0.995179
    outer loop
      vertex 0 92.7409 2.95727
      vertex -0.45 92.6856 2.95182
      vertex -0.45 92.7409 2.95727
    endloop
  endfacet
  facet normal 0 0.813673 -0.581323
    outer loop
      vertex 0 93.3044 3.28255
      vertex -0.45 93.3367 3.32776
      vertex 0 93.3367 3.32776
    endloop
  endfacet
  facet normal 0 0.813673 -0.581323
    outer loop
      vertex -0.45 93.3367 3.32776
      vertex 0 93.3044 3.28255
      vertex -0.45 93.3044 3.28255
    endloop
  endfacet
  facet normal 0 0.772843 -0.634598
    outer loop
      vertex 0 93.2691 3.23956
      vertex -0.45 93.3044 3.28255
      vertex 0 93.3044 3.28255
    endloop
  endfacet
  facet normal 0 0.772843 -0.634598
    outer loop
      vertex -0.45 93.3044 3.28255
      vertex 0 93.2691 3.23956
      vertex -0.45 93.2691 3.23956
    endloop
  endfacet
  facet normal 0 0.95716 0.289558
    outer loop
      vertex 0 93.451 4.02
      vertex -0.45 93.4349 4.07322
      vertex 0 93.4349 4.07322
    endloop
  endfacet
  facet normal 0 0.95716 0.289558
    outer loop
      vertex -0.45 93.4349 4.07322
      vertex 0 93.451 4.02
      vertex -0.45 93.451 4.02
    endloop
  endfacet
  facet normal -0 0.528316 0.849048
    outer loop
      vertex -0.45 93.1022 4.50675
      vertex 0 93.055 4.53612
      vertex 0 93.1022 4.50675
    endloop
  endfacet
  facet normal 0 0.528316 0.849048
    outer loop
      vertex 0 93.055 4.53612
      vertex -0.45 93.1022 4.50675
      vertex -0.45 93.055 4.53612
    endloop
  endfacet
  facet normal 0 0.95716 -0.289558
    outer loop
      vertex 0 93.4349 3.52678
      vertex -0.45 93.451 3.58
      vertex 0 93.451 3.58
    endloop
  endfacet
  facet normal 0 0.95716 -0.289558
    outer loop
      vertex -0.45 93.451 3.58
      vertex 0 93.4349 3.52678
      vertex -0.45 93.4349 3.52678
    endloop
  endfacet
  facet normal 0 0.528316 -0.849048
    outer loop
      vertex -0.45 93.055 3.06388
      vertex 0 93.1022 3.09325
      vertex 0 93.055 3.06388
    endloop
  endfacet
  facet normal 0 0.528316 -0.849048
    outer loop
      vertex 0 93.1022 3.09325
      vertex -0.45 93.055 3.06388
      vertex -0.45 93.1022 3.09325
    endloop
  endfacet
  facet normal 0 0.986818 -0.161832
    outer loop
      vertex 0 93.4637 3.63417
      vertex -0.45 93.4727 3.68905
      vertex 0 93.4727 3.68905
    endloop
  endfacet
  facet normal 0 0.986818 -0.161832
    outer loop
      vertex -0.45 93.4727 3.68905
      vertex 0 93.4637 3.63417
      vertex -0.45 93.4637 3.63417
    endloop
  endfacet
  facet normal -0 0.0980782 0.995179
    outer loop
      vertex -0.45 92.7409 4.64273
      vertex 0 92.6856 4.64818
      vertex 0 92.7409 4.64273
    endloop
  endfacet
  facet normal 0 0.0980782 0.995179
    outer loop
      vertex 0 92.6856 4.64818
      vertex -0.45 92.7409 4.64273
      vertex -0.45 92.6856 4.64818
    endloop
  endfacet
  facet normal 0 -0.582598 0.81276
    outer loop
      vertex -0.45 75.8578 4.50675
      vertex 0 75.8126 4.47435
      vertex 0 75.8578 4.50675
    endloop
  endfacet
  facet normal 0 -0.582598 0.81276
    outer loop
      vertex 0 75.8126 4.47435
      vertex -0.45 75.8578 4.50675
      vertex -0.45 75.8126 4.47435
    endloop
  endfacet
  facet normal 0 0.471054 -0.882104
    outer loop
      vertex -0.45 93.0059 3.03766
      vertex 0 93.055 3.06388
      vertex 0 93.0059 3.03766
    endloop
  endfacet
  facet normal 0 0.471054 -0.882104
    outer loop
      vertex 0 93.055 3.06388
      vertex -0.45 93.0059 3.03766
      vertex -0.45 93.055 3.06388
    endloop
  endfacet
  facet normal 0 0.973601 -0.228258
    outer loop
      vertex 0 93.451 3.58
      vertex -0.45 93.4637 3.63417
      vertex 0 93.4637 3.63417
    endloop
  endfacet
  facet normal 0 0.973601 -0.228258
    outer loop
      vertex -0.45 93.4637 3.63417
      vertex 0 93.451 3.58
      vertex -0.45 93.451 3.58
    endloop
  endfacet
  facet normal 0 -0.471054 0.882104
    outer loop
      vertex -0.45 75.9541 4.56234
      vertex 0 75.905 4.53612
      vertex 0 75.9541 4.56234
    endloop
  endfacet
  facet normal 0 -0.471054 0.882104
    outer loop
      vertex 0 75.905 4.53612
      vertex -0.45 75.9541 4.56234
      vertex -0.45 75.905 4.53612
    endloop
  endfacet
  facet normal 0 0.35195 -0.936019
    outer loop
      vertex -0.45 92.9032 2.99511
      vertex 0 92.9553 3.0147
      vertex 0 92.9032 2.99511
    endloop
  endfacet
  facet normal 0 0.35195 -0.936019
    outer loop
      vertex 0 92.9553 3.0147
      vertex -0.45 92.9032 2.99511
      vertex -0.45 92.9553 3.0147
    endloop
  endfacet
  facet normal 0 0.290482 -0.956881
    outer loop
      vertex -0.45 92.85 2.97896
      vertex 0 92.9032 2.99511
      vertex 0 92.85 2.97896
    endloop
  endfacet
  facet normal 0 0.290482 -0.956881
    outer loop
      vertex 0 92.9032 2.99511
      vertex -0.45 92.85 2.97896
      vertex -0.45 92.9032 2.99511
    endloop
  endfacet
  facet normal 0 0.772843 0.634598
    outer loop
      vertex 0 93.3044 4.31745
      vertex -0.45 93.2691 4.36044
      vertex 0 93.2691 4.36044
    endloop
  endfacet
  facet normal 0 0.772843 0.634598
    outer loop
      vertex -0.45 93.2691 4.36044
      vertex 0 93.3044 4.31745
      vertex -0.45 93.3044 4.31745
    endloop
  endfacet
  facet normal 0 -0.882054 -0.471148
    outer loop
      vertex -0.45 75.5939 3.375
      vertex 0 75.5677 3.42405
      vertex -0.45 75.5677 3.42405
    endloop
  endfacet
  facet normal 0 -0.882054 -0.471148
    outer loop
      vertex 0 75.5677 3.42405
      vertex -0.45 75.5939 3.375
      vertex 0 75.5939 3.375
    endloop
  endfacet
  facet normal 0 0.226946 -0.973907
    outer loop
      vertex -0.45 92.7958 2.96633
      vertex 0 92.85 2.97896
      vertex 0 92.7958 2.96633
    endloop
  endfacet
  facet normal 0 0.226946 -0.973907
    outer loop
      vertex 0 92.85 2.97896
      vertex -0.45 92.7958 2.96633
      vertex -0.45 92.85 2.97896
    endloop
  endfacet
  facet normal 0 -0.729201 0.6843
    outer loop
      vertex -0.45 75.6909 4.36044
      vertex 0 75.729 4.40104
      vertex -0.45 75.729 4.40104
    endloop
  endfacet
  facet normal 0 -0.729201 0.6843
    outer loop
      vertex 0 75.729 4.40104
      vertex -0.45 75.6909 4.36044
      vertex 0 75.6909 4.36044
    endloop
  endfacet
  facet normal 0 -0.995101 -0.098863
    outer loop
      vertex -0.45 75.4873 3.68905
      vertex 0 75.4818 3.74441
      vertex -0.45 75.4818 3.74441
    endloop
  endfacet
  facet normal 0 -0.995101 -0.098863
    outer loop
      vertex 0 75.4818 3.74441
      vertex -0.45 75.4873 3.68905
      vertex 0 75.4873 3.68905
    endloop
  endfacet
  facet normal 0 -0.973601 0.228258
    outer loop
      vertex -0.45 75.4963 3.96583
      vertex 0 75.509 4.02
      vertex -0.45 75.509 4.02
    endloop
  endfacet
  facet normal 0 -0.973601 0.228258
    outer loop
      vertex 0 75.509 4.02
      vertex -0.45 75.4963 3.96583
      vertex 0 75.4963 3.96583
    endloop
  endfacet
  facet normal 0 -0.683534 0.729918
    outer loop
      vertex -0.45 75.7696 4.43906
      vertex 0 75.729 4.40104
      vertex 0 75.7696 4.43906
    endloop
  endfacet
  facet normal 0 -0.683534 0.729918
    outer loop
      vertex 0 75.729 4.40104
      vertex -0.45 75.7696 4.43906
      vertex -0.45 75.729 4.40104
    endloop
  endfacet
  facet normal 0 -0.813733 0.581238
    outer loop
      vertex -0.45 75.6233 4.27223
      vertex 0 75.6556 4.31745
      vertex -0.45 75.6556 4.31745
    endloop
  endfacet
  facet normal 0 -0.813733 0.581238
    outer loop
      vertex 0 75.6556 4.31745
      vertex -0.45 75.6233 4.27223
      vertex 0 75.6233 4.27223
    endloop
  endfacet
  facet normal -0 0.683534 0.729918
    outer loop
      vertex -0.45 93.231 4.40104
      vertex 0 93.1904 4.43906
      vertex 0 93.231 4.40104
    endloop
  endfacet
  facet normal 0 0.683534 0.729918
    outer loop
      vertex 0 93.1904 4.43906
      vertex -0.45 93.231 4.40104
      vertex -0.45 93.1904 4.43906
    endloop
  endfacet
  facet normal 0 -0.973601 -0.228258
    outer loop
      vertex -0.45 75.509 3.58
      vertex 0 75.4963 3.63417
      vertex -0.45 75.4963 3.63417
    endloop
  endfacet
  facet normal 0 -0.973601 -0.228258
    outer loop
      vertex 0 75.4963 3.63417
      vertex -0.45 75.509 3.58
      vertex 0 75.509 3.58
    endloop
  endfacet
  facet normal 0 -0.995101 0.098863
    outer loop
      vertex -0.45 75.4818 3.85559
      vertex 0 75.4873 3.91095
      vertex -0.45 75.4873 3.91095
    endloop
  endfacet
  facet normal 0 -0.995101 0.098863
    outer loop
      vertex 0 75.4873 3.91095
      vertex -0.45 75.4818 3.85559
      vertex 0 75.4818 3.85559
    endloop
  endfacet
  facet normal 0 -0.93587 -0.352345
    outer loop
      vertex -0.45 75.5447 3.47472
      vertex 0 75.5251 3.52678
      vertex -0.45 75.5251 3.52678
    endloop
  endfacet
  facet normal 0 -0.93587 -0.352345
    outer loop
      vertex 0 75.5251 3.52678
      vertex -0.45 75.5447 3.47472
      vertex 0 75.5447 3.47472
    endloop
  endfacet
  facet normal -0 0.413206 0.910637
    outer loop
      vertex -0.45 93.0059 4.56234
      vertex 0 92.9553 4.5853
      vertex 0 93.0059 4.56234
    endloop
  endfacet
  facet normal 0 0.413206 0.910637
    outer loop
      vertex 0 92.9553 4.5853
      vertex -0.45 93.0059 4.56234
      vertex -0.45 92.9553 4.5853
    endloop
  endfacet
  facet normal 0 -0.290482 0.956881
    outer loop
      vertex -0.45 76.11 4.62104
      vertex 0 76.0568 4.60489
      vertex 0 76.11 4.62104
    endloop
  endfacet
  facet normal 0 -0.290482 0.956881
    outer loop
      vertex 0 76.0568 4.60489
      vertex -0.45 76.11 4.62104
      vertex -0.45 76.0568 4.60489
    endloop
  endfacet
  facet normal 0 0.986818 0.161832
    outer loop
      vertex 0 93.4727 3.91095
      vertex -0.45 93.4637 3.96583
      vertex 0 93.4637 3.96583
    endloop
  endfacet
  facet normal 0 0.986818 0.161832
    outer loop
      vertex -0.45 93.4637 3.96583
      vertex 0 93.4727 3.91095
      vertex -0.45 93.4727 3.91095
    endloop
  endfacet
  facet normal 0 -0.226946 0.973907
    outer loop
      vertex -0.45 76.1642 4.63367
      vertex 0 76.11 4.62104
      vertex 0 76.1642 4.63367
    endloop
  endfacet
  facet normal 0 -0.226946 0.973907
    outer loop
      vertex 0 76.11 4.62104
      vertex -0.45 76.1642 4.63367
      vertex -0.45 76.11 4.62104
    endloop
  endfacet
  facet normal 0 0.582598 -0.81276
    outer loop
      vertex -0.45 93.1022 3.09325
      vertex 0 93.1474 3.12565
      vertex 0 93.1022 3.09325
    endloop
  endfacet
  facet normal 0 0.582598 -0.81276
    outer loop
      vertex 0 93.1474 3.12565
      vertex -0.45 93.1022 3.09325
      vertex -0.45 93.1474 3.12565
    endloop
  endfacet
  facet normal 0 0.634402 -0.773003
    outer loop
      vertex -0.45 93.1474 3.12565
      vertex 0 93.1904 3.16094
      vertex 0 93.1474 3.12565
    endloop
  endfacet
  facet normal 0 0.634402 -0.773003
    outer loop
      vertex 0 93.1904 3.16094
      vertex -0.45 93.1474 3.12565
      vertex -0.45 93.1904 3.16094
    endloop
  endfacet
  facet normal 0 -0.910582 -0.413329
    outer loop
      vertex -0.45 75.5677 3.42405
      vertex 0 75.5447 3.47472
      vertex -0.45 75.5447 3.47472
    endloop
  endfacet
  facet normal 0 -0.910582 -0.413329
    outer loop
      vertex 0 75.5447 3.47472
      vertex -0.45 75.5677 3.42405
      vertex 0 75.5677 3.42405
    endloop
  endfacet
  facet normal 0 -0.849006 -0.528383
    outer loop
      vertex -0.45 75.6233 3.32776
      vertex 0 75.5939 3.375
      vertex -0.45 75.5939 3.375
    endloop
  endfacet
  facet normal 0 -0.849006 -0.528383
    outer loop
      vertex 0 75.5939 3.375
      vertex -0.45 75.6233 3.32776
      vertex 0 75.6233 3.32776
    endloop
  endfacet
  facet normal 0 -0.999476 -0.032363
    outer loop
      vertex -0.45 75.4818 3.74441
      vertex 0 75.48 3.8
      vertex -0.45 75.48 3.8
    endloop
  endfacet
  facet normal 0 -0.999476 -0.032363
    outer loop
      vertex 0 75.48 3.8
      vertex -0.45 75.4818 3.74441
      vertex 0 75.4818 3.74441
    endloop
  endfacet
  facet normal 0 -0.986818 0.161832
    outer loop
      vertex -0.45 75.4873 3.91095
      vertex 0 75.4963 3.96583
      vertex -0.45 75.4963 3.96583
    endloop
  endfacet
  facet normal 0 -0.986818 0.161832
    outer loop
      vertex 0 75.4963 3.96583
      vertex -0.45 75.4873 3.91095
      vertex 0 75.4873 3.91095
    endloop
  endfacet
  facet normal 0 -0.986818 -0.161832
    outer loop
      vertex -0.45 75.4963 3.63417
      vertex 0 75.4873 3.68905
      vertex -0.45 75.4873 3.68905
    endloop
  endfacet
  facet normal 0 -0.986818 -0.161832
    outer loop
      vertex 0 75.4873 3.68905
      vertex -0.45 75.4963 3.63417
      vertex 0 75.4963 3.63417
    endloop
  endfacet
  facet normal 0 -0.95716 0.289558
    outer loop
      vertex -0.45 75.509 4.02
      vertex 0 75.5251 4.07322
      vertex -0.45 75.5251 4.07322
    endloop
  endfacet
  facet normal 0 -0.95716 0.289558
    outer loop
      vertex 0 75.5251 4.07322
      vertex -0.45 75.509 4.02
      vertex 0 75.509 4.02
    endloop
  endfacet
  facet normal 0 -0.413206 0.910637
    outer loop
      vertex -0.45 76.0047 4.5853
      vertex 0 75.9541 4.56234
      vertex 0 76.0047 4.5853
    endloop
  endfacet
  facet normal 0 -0.413206 0.910637
    outer loop
      vertex 0 75.9541 4.56234
      vertex -0.45 76.0047 4.5853
      vertex -0.45 75.9541 4.56234
    endloop
  endfacet
  facet normal 0 -0.35195 -0.936019
    outer loop
      vertex -0.45 76.0047 3.0147
      vertex 0 76.0568 2.99511
      vertex 0 76.0047 3.0147
    endloop
  endfacet
  facet normal -0 -0.35195 -0.936019
    outer loop
      vertex 0 76.0568 2.99511
      vertex -0.45 76.0047 3.0147
      vertex -0.45 76.0568 2.99511
    endloop
  endfacet
  facet normal 0 -0.634402 0.773003
    outer loop
      vertex -0.45 75.8126 4.47435
      vertex 0 75.7696 4.43906
      vertex 0 75.8126 4.47435
    endloop
  endfacet
  facet normal 0 -0.634402 0.773003
    outer loop
      vertex 0 75.7696 4.43906
      vertex -0.45 75.8126 4.47435
      vertex -0.45 75.7696 4.43906
    endloop
  endfacet
  facet normal 0 0.162825 -0.986655
    outer loop
      vertex -0.45 92.7409 2.95727
      vertex 0 92.7958 2.96633
      vertex 0 92.7409 2.95727
    endloop
  endfacet
  facet normal 0 0.162825 -0.986655
    outer loop
      vertex 0 92.7958 2.96633
      vertex -0.45 92.7409 2.95727
      vertex -0.45 92.7958 2.96633
    endloop
  endfacet
  facet normal 0 -0.813673 -0.581323
    outer loop
      vertex -0.45 75.6556 3.28255
      vertex 0 75.6233 3.32776
      vertex -0.45 75.6233 3.32776
    endloop
  endfacet
  facet normal 0 -0.813673 -0.581323
    outer loop
      vertex 0 75.6233 3.32776
      vertex -0.45 75.6556 3.28255
      vertex 0 75.6556 3.28255
    endloop
  endfacet
  facet normal 0 -0.772843 -0.634598
    outer loop
      vertex -0.45 75.6909 3.23956
      vertex 0 75.6556 3.28255
      vertex -0.45 75.6556 3.28255
    endloop
  endfacet
  facet normal 0 -0.772843 -0.634598
    outer loop
      vertex 0 75.6556 3.28255
      vertex -0.45 75.6909 3.23956
      vertex 0 75.6909 3.23956
    endloop
  endfacet
  facet normal 0 -0.413206 -0.910637
    outer loop
      vertex -0.45 75.9541 3.03766
      vertex 0 76.0047 3.0147
      vertex 0 75.9541 3.03766
    endloop
  endfacet
  facet normal -0 -0.413206 -0.910637
    outer loop
      vertex 0 76.0047 3.0147
      vertex -0.45 75.9541 3.03766
      vertex -0.45 76.0047 3.0147
    endloop
  endfacet
  facet normal 0 -0.95716 -0.289558
    outer loop
      vertex -0.45 75.5251 3.52678
      vertex 0 75.509 3.58
      vertex -0.45 75.509 3.58
    endloop
  endfacet
  facet normal 0 -0.95716 -0.289558
    outer loop
      vertex 0 75.509 3.58
      vertex -0.45 75.5251 3.52678
      vertex 0 75.5251 3.52678
    endloop
  endfacet
  facet normal 0 -0.582598 -0.81276
    outer loop
      vertex -0.45 75.8126 3.12565
      vertex 0 75.8578 3.09325
      vertex 0 75.8126 3.12565
    endloop
  endfacet
  facet normal -0 -0.582598 -0.81276
    outer loop
      vertex 0 75.8578 3.09325
      vertex -0.45 75.8126 3.12565
      vertex -0.45 75.8578 3.09325
    endloop
  endfacet
  facet normal 0 -0.634402 -0.773003
    outer loop
      vertex -0.45 75.7696 3.16094
      vertex 0 75.8126 3.12565
      vertex 0 75.7696 3.16094
    endloop
  endfacet
  facet normal -0 -0.634402 -0.773003
    outer loop
      vertex 0 75.8126 3.12565
      vertex -0.45 75.7696 3.16094
      vertex -0.45 75.8126 3.12565
    endloop
  endfacet
  facet normal 0 -0.35195 0.936019
    outer loop
      vertex -0.45 76.0568 4.60489
      vertex 0 76.0047 4.5853
      vertex 0 76.0568 4.60489
    endloop
  endfacet
  facet normal 0 -0.35195 0.936019
    outer loop
      vertex 0 76.0047 4.5853
      vertex -0.45 76.0568 4.60489
      vertex -0.45 76.0047 4.5853
    endloop
  endfacet
  facet normal 0 -0.93587 0.352345
    outer loop
      vertex -0.45 75.5251 4.07322
      vertex 0 75.5447 4.12528
      vertex -0.45 75.5447 4.12528
    endloop
  endfacet
  facet normal 0 -0.93587 0.352345
    outer loop
      vertex 0 75.5447 4.12528
      vertex -0.45 75.5251 4.07322
      vertex 0 75.5251 4.07322
    endloop
  endfacet
  facet normal 0 -0.999476 0.032363
    outer loop
      vertex -0.45 75.48 3.8
      vertex 0 75.4818 3.85559
      vertex -0.45 75.4818 3.85559
    endloop
  endfacet
  facet normal 0 -0.999476 0.032363
    outer loop
      vertex 0 75.4818 3.85559
      vertex -0.45 75.48 3.8
      vertex 0 75.48 3.8
    endloop
  endfacet
  facet normal 0.55596 0.831209 -0
    outer loop
      vertex 228.311 149.953 6.68
      vertex 227.55 150.462 7.5
      vertex 228.311 149.953 7.5
    endloop
  endfacet
  facet normal 0.55596 0.831209 0
    outer loop
      vertex 227.55 150.462 7.5
      vertex 228.311 149.953 6.68
      vertex 227.55 150.462 6.68
    endloop
  endfacet
  facet normal 0.442383 -0.896826 0
    outer loop
      vertex 226.729 2.73284 6.68
      vertex 227.55 3.13782 7.5
      vertex 226.729 2.73284 7.5
    endloop
  endfacet
  facet normal 0.442383 -0.896826 0
    outer loop
      vertex 227.55 3.13782 7.5
      vertex 226.729 2.73284 6.68
      vertex 227.55 3.13782 6.68
    endloop
  endfacet
  facet normal 0.896817 0.442401 0
    outer loop
      vertex 230.517 147.079 7.5
      vertex 230.112 147.9 6.68
      vertex 230.112 147.9 7.5
    endloop
  endfacet
  facet normal 0.896817 0.442401 0
    outer loop
      vertex 230.112 147.9 6.68
      vertex 230.517 147.079 7.5
      vertex 230.517 147.079 6.68
    endloop
  endfacet
  facet normal -0.896871 -0.442292 0
    outer loop
      vertex 3.48782 5.7 6.68
      vertex 3.08284 6.52121 7.5
      vertex 3.08284 6.52121 6.68
    endloop
  endfacet
  facet normal -0.896871 -0.442292 0
    outer loop
      vertex 3.08284 6.52121 7.5
      vertex 3.48782 5.7 6.68
      vertex 3.48782 5.7 7.5
    endloop
  endfacet
  facet normal -0.44231 0.896862 0
    outer loop
      vertex 6.87121 150.867 6.68
      vertex 6.05 150.462 7.5
      vertex 6.87121 150.867 7.5
    endloop
  endfacet
  facet normal -0.44231 0.896862 0
    outer loop
      vertex 6.05 150.462 7.5
      vertex 6.87121 150.867 6.68
      vertex 6.05 150.462 6.68
    endloop
  endfacet
  facet normal 0.659027 -0.752119 0
    outer loop
      vertex 228.311 3.64653 6.68
      vertex 229 4.25025 7.5
      vertex 228.311 3.64653 7.5
    endloop
  endfacet
  facet normal 0.659027 -0.752119 0
    outer loop
      vertex 229 4.25025 7.5
      vertex 228.311 3.64653 6.68
      vertex 229 4.25025 6.68
    endloop
  endfacet
  facet normal 0.321443 -0.946929 0
    outer loop
      vertex 225.862 2.43853 6.68
      vertex 226.729 2.73284 7.5
      vertex 225.862 2.43853 7.5
    endloop
  endfacet
  facet normal 0.321443 -0.946929 0
    outer loop
      vertex 226.729 2.73284 7.5
      vertex 225.862 2.43853 6.68
      vertex 226.729 2.73284 6.68
    endloop
  endfacet
  facet normal 0.947038 -0.321122 0
    outer loop
      vertex 230.517 6.52121 7.5
      vertex 230.811 7.38826 6.68
      vertex 230.811 7.38826 7.5
    endloop
  endfacet
  facet normal 0.947038 -0.321122 0
    outer loop
      vertex 230.811 7.38826 6.68
      vertex 230.517 6.52121 7.5
      vertex 230.517 6.52121 6.68
    endloop
  endfacet
  facet normal -0.321426 -0.946935 0
    outer loop
      vertex 6.87121 2.73284 6.68
      vertex 7.73826 2.43853 7.5
      vertex 6.87121 2.73284 7.5
    endloop
  endfacet
  facet normal -0.321426 -0.946935 -0
    outer loop
      vertex 7.73826 2.43853 7.5
      vertex 6.87121 2.73284 6.68
      vertex 7.73826 2.43853 6.68
    endloop
  endfacet
  facet normal 0.997852 0.0655045 0
    outer loop
      vertex 231.05 144.4 7.5
      vertex 230.99 145.314 6.68
      vertex 230.99 145.314 7.5
    endloop
  endfacet
  facet normal 0.997852 0.0655045 0
    outer loop
      vertex 230.99 145.314 6.68
      vertex 231.05 144.4 7.5
      vertex 231.05 144.4 6.68
    endloop
  endfacet
  facet normal -0.997859 -0.0654077 0
    outer loop
      vertex 2.60989 8.28632 6.68
      vertex 2.55 9.2 7.5
      vertex 2.55 9.2 6.68
    endloop
  endfacet
  facet normal -0.997859 -0.0654077 0
    outer loop
      vertex 2.55 9.2 7.5
      vertex 2.60989 8.28632 6.68
      vertex 2.60989 8.28632 7.5
    endloop
  endfacet
  facet normal -0.83147 -0.555569 0
    outer loop
      vertex 3.99653 4.93866 6.68
      vertex 3.48782 5.7 7.5
      vertex 3.48782 5.7 6.68
    endloop
  endfacet
  facet normal -0.83147 -0.555569 0
    outer loop
      vertex 3.48782 5.7 7.5
      vertex 3.99653 4.93866 6.68
      vertex 3.99653 4.93866 7.5
    endloop
  endfacet
  facet normal 0.980709 -0.195473 0
    outer loop
      vertex 230.811 7.38826 7.5
      vertex 230.99 8.28632 6.68
      vertex 230.99 8.28632 7.5
    endloop
  endfacet
  facet normal 0.980709 -0.195473 0
    outer loop
      vertex 230.99 8.28632 6.68
      vertex 230.811 7.38826 7.5
      vertex 230.811 7.38826 6.68
    endloop
  endfacet
  facet normal 0.321139 0.947032 -0
    outer loop
      vertex 226.729 150.867 6.68
      vertex 225.862 151.161 7.5
      vertex 226.729 150.867 7.5
    endloop
  endfacet
  facet normal 0.321139 0.947032 0
    outer loop
      vertex 225.862 151.161 7.5
      vertex 226.729 150.867 6.68
      vertex 225.862 151.161 6.68
    endloop
  endfacet
  facet normal -0.831356 0.555741 0
    outer loop
      vertex 3.48782 147.9 6.68
      vertex 3.99653 148.661 7.5
      vertex 3.99653 148.661 6.68
    endloop
  endfacet
  facet normal -0.831356 0.555741 0
    outer loop
      vertex 3.99653 148.661 7.5
      vertex 3.48782 147.9 6.68
      vertex 3.48782 147.9 7.5
    endloop
  endfacet
  facet normal -0.658901 0.752229 0
    outer loop
      vertex 5.28866 149.953 6.68
      vertex 4.60025 149.35 7.5
      vertex 5.28866 149.953 7.5
    endloop
  endfacet
  facet normal -0.658901 0.752229 0
    outer loop
      vertex 4.60025 149.35 7.5
      vertex 5.28866 149.953 6.68
      vertex 4.60025 149.35 6.68
    endloop
  endfacet
  facet normal 0.195108 -0.980782 0
    outer loop
      vertex 224.964 2.25989 6.68
      vertex 225.862 2.43853 7.5
      vertex 224.964 2.25989 7.5
    endloop
  endfacet
  facet normal 0.195108 -0.980782 0
    outer loop
      vertex 225.862 2.43853 7.5
      vertex 224.964 2.25989 6.68
      vertex 225.862 2.43853 6.68
    endloop
  endfacet
  facet normal 0.896862 -0.44231 0
    outer loop
      vertex 230.112 5.7 7.5
      vertex 230.517 6.52121 6.68
      vertex 230.517 6.52121 7.5
    endloop
  endfacet
  facet normal 0.896862 -0.44231 0
    outer loop
      vertex 230.517 6.52121 6.68
      vertex 230.112 5.7 7.5
      vertex 230.112 5.7 6.68
    endloop
  endfacet
  facet normal 0.947032 0.321139 0
    outer loop
      vertex 230.811 146.212 7.5
      vertex 230.517 147.079 6.68
      vertex 230.517 147.079 7.5
    endloop
  endfacet
  facet normal 0.947032 0.321139 0
    outer loop
      vertex 230.517 147.079 6.68
      vertex 230.811 146.212 7.5
      vertex 230.811 146.212 6.68
    endloop
  endfacet
  facet normal 0.555741 -0.831356 0
    outer loop
      vertex 227.55 3.13782 6.68
      vertex 228.311 3.64653 7.5
      vertex 227.55 3.13782 7.5
    endloop
  endfacet
  facet normal 0.555741 -0.831356 0
    outer loop
      vertex 228.311 3.64653 7.5
      vertex 227.55 3.13782 6.68
      vertex 228.311 3.64653 6.68
    endloop
  endfacet
  facet normal 0.997851 -0.0655274 0
    outer loop
      vertex 230.99 8.28632 7.5
      vertex 231.05 9.2 6.68
      vertex 231.05 9.2 7.5
    endloop
  endfacet
  facet normal 0.997851 -0.0655274 0
    outer loop
      vertex 231.05 9.2 6.68
      vertex 230.99 8.28632 7.5
      vertex 230.99 8.28632 6.68
    endloop
  endfacet
  facet normal -0.980786 -0.195085 0
    outer loop
      vertex 2.78852 7.38826 6.68
      vertex 2.60989 8.28632 7.5
      vertex 2.60989 8.28632 6.68
    endloop
  endfacet
  facet normal -0.980786 -0.195085 0
    outer loop
      vertex 2.60989 8.28632 7.5
      vertex 2.78852 7.38826 6.68
      vertex 2.78852 7.38826 7.5
    endloop
  endfacet
  facet normal -0.0655274 0.997851 0
    outer loop
      vertex 9.55 151.4 6.68
      vertex 8.63632 151.34 7.5
      vertex 9.55 151.4 7.5
    endloop
  endfacet
  facet normal -0.0655274 0.997851 0
    outer loop
      vertex 8.63632 151.34 7.5
      vertex 9.55 151.4 6.68
      vertex 8.63632 151.34 6.68
    endloop
  endfacet
  facet normal -0.0654077 -0.997859 0
    outer loop
      vertex 8.63632 2.25989 6.68
      vertex 9.55 2.2 7.5
      vertex 8.63632 2.25989 7.5
    endloop
  endfacet
  facet normal -0.0654077 -0.997859 -0
    outer loop
      vertex 9.55 2.2 7.5
      vertex 8.63632 2.25989 6.68
      vertex 9.55 2.2 6.68
    endloop
  endfacet
  facet normal -0.195473 0.980709 0
    outer loop
      vertex 8.63632 151.34 6.68
      vertex 7.73826 151.161 7.5
      vertex 8.63632 151.34 7.5
    endloop
  endfacet
  facet normal -0.195473 0.980709 0
    outer loop
      vertex 7.73826 151.161 7.5
      vertex 8.63632 151.34 6.68
      vertex 7.73826 151.161 6.68
    endloop
  endfacet
  facet normal 0.0653849 -0.99786 0
    outer loop
      vertex 224.05 2.2 6.68
      vertex 224.964 2.25989 7.5
      vertex 224.05 2.2 7.5
    endloop
  endfacet
  facet normal 0.0653849 -0.99786 0
    outer loop
      vertex 224.964 2.25989 7.5
      vertex 224.05 2.2 6.68
      vertex 224.964 2.25989 6.68
    endloop
  endfacet
  facet normal -0.555569 -0.83147 0
    outer loop
      vertex 5.28866 3.64653 6.68
      vertex 6.05 3.13782 7.5
      vertex 5.28866 3.64653 7.5
    endloop
  endfacet
  facet normal -0.555569 -0.83147 -0
    outer loop
      vertex 6.05 3.13782 7.5
      vertex 5.28866 3.64653 6.68
      vertex 6.05 3.13782 6.68
    endloop
  endfacet
  facet normal -0.946926 0.321452 0
    outer loop
      vertex 2.78852 146.212 6.68
      vertex 3.08284 147.079 7.5
      vertex 3.08284 147.079 6.68
    endloop
  endfacet
  facet normal -0.946926 0.321452 0
    outer loop
      vertex 3.08284 147.079 7.5
      vertex 2.78852 146.212 6.68
      vertex 2.78852 146.212 7.5
    endloop
  endfacet
  facet normal 0.752509 0.658582 0
    outer loop
      vertex 229.603 148.661 7.5
      vertex 229 149.35 6.68
      vertex 229 149.35 7.5
    endloop
  endfacet
  facet normal 0.752509 0.658582 0
    outer loop
      vertex 229 149.35 6.68
      vertex 229.603 148.661 7.5
      vertex 229.603 148.661 6.68
    endloop
  endfacet
  facet normal 0.442401 0.896817 -0
    outer loop
      vertex 227.55 150.462 6.68
      vertex 226.729 150.867 7.5
      vertex 227.55 150.462 7.5
    endloop
  endfacet
  facet normal 0.442401 0.896817 0
    outer loop
      vertex 226.729 150.867 7.5
      vertex 227.55 150.462 6.68
      vertex 226.729 150.867 6.68
    endloop
  endfacet
  facet normal -0.321122 0.947038 0
    outer loop
      vertex 7.73826 151.161 6.68
      vertex 6.87121 150.867 7.5
      vertex 7.73826 151.161 7.5
    endloop
  endfacet
  facet normal -0.321122 0.947038 0
    outer loop
      vertex 6.87121 150.867 7.5
      vertex 7.73826 151.161 6.68
      vertex 6.87121 150.867 6.68
    endloop
  endfacet
  facet normal -0.442292 -0.896871 0
    outer loop
      vertex 6.05 3.13782 6.68
      vertex 6.87121 2.73284 7.5
      vertex 6.05 3.13782 7.5
    endloop
  endfacet
  facet normal -0.442292 -0.896871 -0
    outer loop
      vertex 6.87121 2.73284 7.5
      vertex 6.05 3.13782 6.68
      vertex 6.87121 2.73284 6.68
    endloop
  endfacet
  facet normal 0 0 -1
    outer loop
      vertex 224.05 2.2 6.68
      vertex 231.05 13.6355 6.68
      vertex 231.05 9.2 6.68
    endloop
  endfacet
  facet normal -0 0 -1
    outer loop
      vertex 231.05 13.6355 6.68
      vertex 219.255 2.2 6.68
      vertex 231.05 15.0443 6.68
    endloop
  endfacet
  facet normal -0 0 -1
    outer loop
      vertex 231.05 15.0443 6.68
      vertex 217.584 2.2 6.68
      vertex 231.05 138.556 6.68
    endloop
  endfacet
  facet normal 0 0 -1
    outer loop
      vertex 217.584 151.4 6.68
      vertex 231.05 138.556 6.68
      vertex 217.584 2.2 6.68
    endloop
  endfacet
  facet normal 0 0 -1
    outer loop
      vertex 224.05 2.2 6.68
      vertex 231.05 9.2 6.68
      vertex 230.99 8.28632 6.68
    endloop
  endfacet
  facet normal -0 -0 -1
    outer loop
      vertex 219.255 151.4 6.68
      vertex 231.05 138.556 6.68
      vertex 217.584 151.4 6.68
    endloop
  endfacet
  facet normal 0 0 -1
    outer loop
      vertex 224.05 2.2 6.68
      vertex 230.99 8.28632 6.68
      vertex 230.811 7.38826 6.68
    endloop
  endfacet
  facet normal 0 0 -1
    outer loop
      vertex 231.05 138.556 6.68
      vertex 219.255 151.4 6.68
      vertex 231.05 139.965 6.68
    endloop
  endfacet
  facet normal 0 0 -1
    outer loop
      vertex 224.05 2.2 6.68
      vertex 230.811 7.38826 6.68
      vertex 230.517 6.52121 6.68
    endloop
  endfacet
  facet normal -0 -0 -1
    outer loop
      vertex 224.05 151.4 6.68
      vertex 231.05 139.965 6.68
      vertex 219.255 151.4 6.68
    endloop
  endfacet
  facet normal 0 0 -1
    outer loop
      vertex 224.05 2.2 6.68
      vertex 230.517 6.52121 6.68
      vertex 230.112 5.7 6.68
    endloop
  endfacet
  facet normal 0 0 -1
    outer loop
      vertex 231.05 139.965 6.68
      vertex 224.05 151.4 6.68
      vertex 231.05 144.4 6.68
    endloop
  endfacet
  facet normal 0 0 -1
    outer loop
      vertex 224.05 2.2 6.68
      vertex 230.112 5.7 6.68
      vertex 229.603 4.93866 6.68
    endloop
  endfacet
  facet normal 0 0 -1
    outer loop
      vertex 231.05 144.4 6.68
      vertex 224.05 151.4 6.68
      vertex 230.99 145.314 6.68
    endloop
  endfacet
  facet normal 0 0 -1
    outer loop
      vertex 224.05 2.2 6.68
      vertex 229.603 4.93866 6.68
      vertex 229 4.25025 6.68
    endloop
  endfacet
  facet normal 0 0 -1
    outer loop
      vertex 230.99 145.314 6.68
      vertex 224.05 151.4 6.68
      vertex 230.811 146.212 6.68
    endloop
  endfacet
  facet normal 0 0 -1
    outer loop
      vertex 224.05 2.2 6.68
      vertex 229 4.25025 6.68
      vertex 228.311 3.64653 6.68
    endloop
  endfacet
  facet normal 0 0 -1
    outer loop
      vertex 230.811 146.212 6.68
      vertex 224.05 151.4 6.68
      vertex 230.517 147.079 6.68
    endloop
  endfacet
  facet normal 0 0 -1
    outer loop
      vertex 224.05 2.2 6.68
      vertex 228.311 3.64653 6.68
      vertex 227.55 3.13782 6.68
    endloop
  endfacet
  facet normal 0 0 -1
    outer loop
      vertex 230.517 147.079 6.68
      vertex 224.05 151.4 6.68
      vertex 230.112 147.9 6.68
    endloop
  endfacet
  facet normal 0 0 -1
    outer loop
      vertex 224.05 2.2 6.68
      vertex 227.55 3.13782 6.68
      vertex 226.729 2.73284 6.68
    endloop
  endfacet
  facet normal 0 0 -1
    outer loop
      vertex 231.05 15.0443 6.68
      vertex 219.255 2.2 6.68
      vertex 217.584 2.2 6.68
    endloop
  endfacet
  facet normal 0 0 -1
    outer loop
      vertex 224.05 2.2 6.68
      vertex 226.729 2.73284 6.68
      vertex 225.862 2.43853 6.68
    endloop
  endfacet
  facet normal 0 0 -1
    outer loop
      vertex 230.112 147.9 6.68
      vertex 224.05 151.4 6.68
      vertex 229.603 148.661 6.68
    endloop
  endfacet
  facet normal 0 0 -1
    outer loop
      vertex 224.05 2.2 6.68
      vertex 225.862 2.43853 6.68
      vertex 224.964 2.25989 6.68
    endloop
  endfacet
  facet normal 0 0 -1
    outer loop
      vertex 228.311 149.953 6.68
      vertex 224.05 151.4 6.68
      vertex 227.55 150.462 6.68
    endloop
  endfacet
  facet normal 0 0 -1
    outer loop
      vertex 231.05 13.6355 6.68
      vertex 224.05 2.2 6.68
      vertex 219.255 2.2 6.68
    endloop
  endfacet
  facet normal 0 0 -1
    outer loop
      vertex 227.55 150.462 6.68
      vertex 224.05 151.4 6.68
      vertex 226.729 150.867 6.68
    endloop
  endfacet
  facet normal 0 0 -1
    outer loop
      vertex 226.729 150.867 6.68
      vertex 224.05 151.4 6.68
      vertex 225.862 151.161 6.68
    endloop
  endfacet
  facet normal 0 0 -1
    outer loop
      vertex 225.862 151.161 6.68
      vertex 224.05 151.4 6.68
      vertex 224.964 151.34 6.68
    endloop
  endfacet
  facet normal 0 0 -1
    outer loop
      vertex 229.603 148.661 6.68
      vertex 224.05 151.4 6.68
      vertex 229 149.35 6.68
    endloop
  endfacet
  facet normal 0 0 -1
    outer loop
      vertex 229 149.35 6.68
      vertex 224.05 151.4 6.68
      vertex 228.311 149.953 6.68
    endloop
  endfacet
  facet normal 0 0 -1
    outer loop
      vertex 16.0157 2.2 6.68
      vertex 217.584 151.4 6.68
      vertex 217.584 2.2 6.68
    endloop
  endfacet
  facet normal 0 0 -1
    outer loop
      vertex 16.0157 2.2 6.68
      vertex 16.0157 151.4 6.68
      vertex 217.584 151.4 6.68
    endloop
  endfacet
  facet normal 0 0 -1
    outer loop
      vertex 2.55 138.556 6.68
      vertex 16.0157 151.4 6.68
      vertex 16.0157 2.2 6.68
    endloop
  endfacet
  facet normal 0 0 -1
    outer loop
      vertex 2.55 15.0443 6.68
      vertex 16.0157 2.2 6.68
      vertex 14.3452 2.2 6.68
    endloop
  endfacet
  facet normal 0 0 -1
    outer loop
      vertex 2.55 13.6354 6.68
      vertex 14.3452 2.2 6.68
      vertex 9.55 2.2 6.68
    endloop
  endfacet
  facet normal 0 0 -1
    outer loop
      vertex 2.55 138.556 6.68
      vertex 16.0157 2.2 6.68
      vertex 2.55 15.0443 6.68
    endloop
  endfacet
  facet normal 0 0 -1
    outer loop
      vertex 2.55 9.2 6.68
      vertex 9.55 2.2 6.68
      vertex 8.63632 2.25989 6.68
    endloop
  endfacet
  facet normal -0 0 -1
    outer loop
      vertex 16.0157 151.4 6.68
      vertex 2.55 138.556 6.68
      vertex 14.3452 151.4 6.68
    endloop
  endfacet
  facet normal 0 0 -1
    outer loop
      vertex 2.55 9.2 6.68
      vertex 8.63632 2.25989 6.68
      vertex 7.73826 2.43853 6.68
    endloop
  endfacet
  facet normal 0 0 -1
    outer loop
      vertex 2.55 139.965 6.68
      vertex 14.3452 151.4 6.68
      vertex 2.55 138.556 6.68
    endloop
  endfacet
  facet normal 0 0 -1
    outer loop
      vertex 2.55 9.2 6.68
      vertex 7.73826 2.43853 6.68
      vertex 6.87121 2.73284 6.68
    endloop
  endfacet
  facet normal -0 0 -1
    outer loop
      vertex 14.3452 151.4 6.68
      vertex 2.55 139.965 6.68
      vertex 9.55 151.4 6.68
    endloop
  endfacet
  facet normal 0 0 -1
    outer loop
      vertex 2.55 9.2 6.68
      vertex 6.87121 2.73284 6.68
      vertex 6.05 3.13782 6.68
    endloop
  endfacet
  facet normal 0 0 -1
    outer loop
      vertex 2.55 144.4 6.68
      vertex 9.55 151.4 6.68
      vertex 2.55 139.965 6.68
    endloop
  endfacet
  facet normal 0 0 -1
    outer loop
      vertex 2.55 9.2 6.68
      vertex 6.05 3.13782 6.68
      vertex 5.28866 3.64653 6.68
    endloop
  endfacet
  facet normal 0 0 -1
    outer loop
      vertex 9.55 151.4 6.68
      vertex 2.55 144.4 6.68
      vertex 8.63632 151.34 6.68
    endloop
  endfacet
  facet normal 0 0 -1
    outer loop
      vertex 2.55 9.2 6.68
      vertex 5.28866 3.64653 6.68
      vertex 4.60025 4.25025 6.68
    endloop
  endfacet
  facet normal 0 0 -1
    outer loop
      vertex 8.63632 151.34 6.68
      vertex 2.55 144.4 6.68
      vertex 7.73826 151.161 6.68
    endloop
  endfacet
  facet normal 0 0 -1
    outer loop
      vertex 2.55 9.2 6.68
      vertex 4.60025 4.25025 6.68
      vertex 3.99653 4.93866 6.68
    endloop
  endfacet
  facet normal 0 0 -1
    outer loop
      vertex 7.73826 151.161 6.68
      vertex 2.55 144.4 6.68
      vertex 6.87121 150.867 6.68
    endloop
  endfacet
  facet normal 0 0 -1
    outer loop
      vertex 2.55 9.2 6.68
      vertex 3.99653 4.93866 6.68
      vertex 3.48782 5.7 6.68
    endloop
  endfacet
  facet normal 0 0 -1
    outer loop
      vertex 6.87121 150.867 6.68
      vertex 2.55 144.4 6.68
      vertex 6.05 150.462 6.68
    endloop
  endfacet
  facet normal 0 0 -1
    outer loop
      vertex 2.55 9.2 6.68
      vertex 3.48782 5.7 6.68
      vertex 3.08284 6.52121 6.68
    endloop
  endfacet
  facet normal 0 0 -1
    outer loop
      vertex 6.05 150.462 6.68
      vertex 2.55 144.4 6.68
      vertex 5.28866 149.953 6.68
    endloop
  endfacet
  facet normal 0 0 -1
    outer loop
      vertex 2.55 9.2 6.68
      vertex 3.08284 6.52121 6.68
      vertex 2.78852 7.38826 6.68
    endloop
  endfacet
  facet normal 0 0 -1
    outer loop
      vertex 5.28866 149.953 6.68
      vertex 2.55 144.4 6.68
      vertex 4.60025 149.35 6.68
    endloop
  endfacet
  facet normal 0 0 -1
    outer loop
      vertex 2.55 9.2 6.68
      vertex 2.78852 7.38826 6.68
      vertex 2.60989 8.28632 6.68
    endloop
  endfacet
  facet normal 0 0 -1
    outer loop
      vertex 4.60025 149.35 6.68
      vertex 2.55 144.4 6.68
      vertex 3.99653 148.661 6.68
    endloop
  endfacet
  facet normal 0 0 -1
    outer loop
      vertex 9.55 2.2 6.68
      vertex 2.55 9.2 6.68
      vertex 2.55 13.6354 6.68
    endloop
  endfacet
  facet normal 0 0 -1
    outer loop
      vertex 14.3452 2.2 6.68
      vertex 2.55 13.6354 6.68
      vertex 2.55 15.0443 6.68
    endloop
  endfacet
  facet normal 0 0 -1
    outer loop
      vertex 3.99653 148.661 6.68
      vertex 2.55 144.4 6.68
      vertex 3.48782 147.9 6.68
    endloop
  endfacet
  facet normal 0 0 -1
    outer loop
      vertex 3.48782 147.9 6.68
      vertex 2.55 144.4 6.68
      vertex 3.08284 147.079 6.68
    endloop
  endfacet
  facet normal 0 0 -1
    outer loop
      vertex 3.08284 147.079 6.68
      vertex 2.55 144.4 6.68
      vertex 2.78852 146.212 6.68
    endloop
  endfacet
  facet normal 0 0 -1
    outer loop
      vertex 2.78852 146.212 6.68
      vertex 2.55 144.4 6.68
      vertex 2.60989 145.314 6.68
    endloop
  endfacet
  facet normal 0.0655045 0.997852 -0
    outer loop
      vertex 224.964 151.34 6.68
      vertex 224.05 151.4 7.5
      vertex 224.964 151.34 7.5
    endloop
  endfacet
  facet normal 0.0655045 0.997852 0
    outer loop
      vertex 224.05 151.4 7.5
      vertex 224.964 151.34 6.68
      vertex 224.05 151.4 6.68
    endloop
  endfacet
  facet normal -0.555788 0.831324 0
    outer loop
      vertex 6.05 150.462 6.68
      vertex 5.28866 149.953 7.5
      vertex 6.05 150.462 7.5
    endloop
  endfacet
  facet normal -0.555788 0.831324 0
    outer loop
      vertex 5.28866 149.953 7.5
      vertex 6.05 150.462 6.68
      vertex 5.28866 149.953 6.68
    endloop
  endfacet
  facet normal -0.896826 0.442383 0
    outer loop
      vertex 3.08284 147.079 6.68
      vertex 3.48782 147.9 7.5
      vertex 3.48782 147.9 6.68
    endloop
  endfacet
  facet normal -0.896826 0.442383 0
    outer loop
      vertex 3.48782 147.9 7.5
      vertex 3.08284 147.079 6.68
      vertex 3.08284 147.079 7.5
    endloop
  endfacet
  facet normal -0.946931 -0.321436 0
    outer loop
      vertex 3.08284 6.52121 6.68
      vertex 2.78852 7.38826 7.5
      vertex 2.78852 7.38826 6.68
    endloop
  endfacet
  facet normal -0.946931 -0.321436 0
    outer loop
      vertex 2.78852 7.38826 7.5
      vertex 3.08284 6.52121 6.68
      vertex 3.08284 6.52121 7.5
    endloop
  endfacet
  facet normal 0 0 1
    outer loop
      vertex 224.05 151.4 7.5
      vertex 231.05 139.965 7.5
      vertex 231.05 144.4 7.5
    endloop
  endfacet
  facet normal 0 0 1
    outer loop
      vertex 231.05 139.965 7.5
      vertex 219.255 151.4 7.5
      vertex 231.05 138.556 7.5
    endloop
  endfacet
  facet normal 0 0 1
    outer loop
      vertex 231.05 138.556 7.5
      vertex 217.584 151.4 7.5
      vertex 231.05 15.0443 7.5
    endloop
  endfacet
  facet normal 0 0 1
    outer loop
      vertex 217.584 2.2 7.5
      vertex 231.05 15.0443 7.5
      vertex 217.584 151.4 7.5
    endloop
  endfacet
  facet normal 0 0 1
    outer loop
      vertex 224.05 151.4 7.5
      vertex 231.05 144.4 7.5
      vertex 230.99 145.314 7.5
    endloop
  endfacet
  facet normal 0 -0 1
    outer loop
      vertex 219.255 2.2 7.5
      vertex 231.05 15.0443 7.5
      vertex 217.584 2.2 7.5
    endloop
  endfacet
  facet normal 0 0 1
    outer loop
      vertex 224.05 151.4 7.5
      vertex 230.99 145.314 7.5
      vertex 230.811 146.212 7.5
    endloop
  endfacet
  facet normal 0 0 1
    outer loop
      vertex 231.05 15.0443 7.5
      vertex 219.255 2.2 7.5
      vertex 231.05 13.6355 7.5
    endloop
  endfacet
  facet normal 0 0 1
    outer loop
      vertex 224.05 151.4 7.5
      vertex 230.811 146.212 7.5
      vertex 230.517 147.079 7.5
    endloop
  endfacet
  facet normal 0 -0 1
    outer loop
      vertex 224.05 2.2 7.5
      vertex 231.05 13.6355 7.5
      vertex 219.255 2.2 7.5
    endloop
  endfacet
  facet normal 0 0 1
    outer loop
      vertex 224.05 151.4 7.5
      vertex 230.517 147.079 7.5
      vertex 230.112 147.9 7.5
    endloop
  endfacet
  facet normal 0 0 1
    outer loop
      vertex 231.05 13.6355 7.5
      vertex 224.05 2.2 7.5
      vertex 231.05 9.2 7.5
    endloop
  endfacet
  facet normal 0 0 1
    outer loop
      vertex 224.05 151.4 7.5
      vertex 230.112 147.9 7.5
      vertex 229.603 148.661 7.5
    endloop
  endfacet
  facet normal 0 0 1
    outer loop
      vertex 231.05 9.2 7.5
      vertex 224.05 2.2 7.5
      vertex 230.99 8.28632 7.5
    endloop
  endfacet
  facet normal 0 0 1
    outer loop
      vertex 224.05 151.4 7.5
      vertex 229.603 148.661 7.5
      vertex 229 149.35 7.5
    endloop
  endfacet
  facet normal 0 0 1
    outer loop
      vertex 230.99 8.28632 7.5
      vertex 224.05 2.2 7.5
      vertex 230.811 7.38826 7.5
    endloop
  endfacet
  facet normal 0 0 1
    outer loop
      vertex 224.05 151.4 7.5
      vertex 229 149.35 7.5
      vertex 228.311 149.953 7.5
    endloop
  endfacet
  facet normal 0 0 1
    outer loop
      vertex 230.811 7.38826 7.5
      vertex 224.05 2.2 7.5
      vertex 230.517 6.52121 7.5
    endloop
  endfacet
  facet normal 0 0 1
    outer loop
      vertex 224.05 151.4 7.5
      vertex 228.311 149.953 7.5
      vertex 227.55 150.462 7.5
    endloop
  endfacet
  facet normal 0 0 1
    outer loop
      vertex 230.517 6.52121 7.5
      vertex 224.05 2.2 7.5
      vertex 230.112 5.7 7.5
    endloop
  endfacet
  facet normal 0 0 1
    outer loop
      vertex 224.05 151.4 7.5
      vertex 227.55 150.462 7.5
      vertex 226.729 150.867 7.5
    endloop
  endfacet
  facet normal 0 0 1
    outer loop
      vertex 231.05 138.556 7.5
      vertex 219.255 151.4 7.5
      vertex 217.584 151.4 7.5
    endloop
  endfacet
  facet normal 0 0 1
    outer loop
      vertex 224.05 151.4 7.5
      vertex 226.729 150.867 7.5
      vertex 225.862 151.161 7.5
    endloop
  endfacet
  facet normal 0 0 1
    outer loop
      vertex 230.112 5.7 7.5
      vertex 224.05 2.2 7.5
      vertex 229.603 4.93866 7.5
    endloop
  endfacet
  facet normal 0 0 1
    outer loop
      vertex 224.05 151.4 7.5
      vertex 225.862 151.161 7.5
      vertex 224.964 151.34 7.5
    endloop
  endfacet
  facet normal 0 0 1
    outer loop
      vertex 228.311 3.64653 7.5
      vertex 224.05 2.2 7.5
      vertex 227.55 3.13782 7.5
    endloop
  endfacet
  facet normal 0 0 1
    outer loop
      vertex 231.05 139.965 7.5
      vertex 224.05 151.4 7.5
      vertex 219.255 151.4 7.5
    endloop
  endfacet
  facet normal 0 0 1
    outer loop
      vertex 226.729 2.73284 7.5
      vertex 224.05 2.2 7.5
      vertex 225.862 2.43853 7.5
    endloop
  endfacet
  facet normal 0 0 1
    outer loop
      vertex 225.862 2.43853 7.5
      vertex 224.05 2.2 7.5
      vertex 224.964 2.25989 7.5
    endloop
  endfacet
  facet normal 0 0 1
    outer loop
      vertex 227.55 3.13782 7.5
      vertex 224.05 2.2 7.5
      vertex 226.729 2.73284 7.5
    endloop
  endfacet
  facet normal 0 0 1
    outer loop
      vertex 229.603 4.93866 7.5
      vertex 224.05 2.2 7.5
      vertex 229 4.25025 7.5
    endloop
  endfacet
  facet normal 0 0 1
    outer loop
      vertex 229 4.25025 7.5
      vertex 224.05 2.2 7.5
      vertex 228.311 3.64653 7.5
    endloop
  endfacet
  facet normal -0 0 1
    outer loop
      vertex 16.0157 151.4 7.5
      vertex 217.584 2.2 7.5
      vertex 217.584 151.4 7.5
    endloop
  endfacet
  facet normal 0 0 1
    outer loop
      vertex 16.0157 151.4 7.5
      vertex 16.0157 2.2 7.5
      vertex 217.584 2.2 7.5
    endloop
  endfacet
  facet normal 0 0 1
    outer loop
      vertex 2.55 138.556 7.5
      vertex 16.0157 151.4 7.5
      vertex 14.3452 151.4 7.5
    endloop
  endfacet
  facet normal 0 0 1
    outer loop
      vertex 16.0157 151.4 7.5
      vertex 2.55 138.556 7.5
      vertex 16.0157 2.2 7.5
    endloop
  endfacet
  facet normal 0 0 1
    outer loop
      vertex 2.55 139.965 7.5
      vertex 14.3452 151.4 7.5
      vertex 9.55 151.4 7.5
    endloop
  endfacet
  facet normal -0 0 1
    outer loop
      vertex 2.55 15.0443 7.5
      vertex 16.0157 2.2 7.5
      vertex 2.55 138.556 7.5
    endloop
  endfacet
  facet normal 0 0 1
    outer loop
      vertex 2.55 144.4 7.5
      vertex 9.55 151.4 7.5
      vertex 8.63632 151.34 7.5
    endloop
  endfacet
  facet normal 0 0 1
    outer loop
      vertex 16.0157 2.2 7.5
      vertex 2.55 15.0443 7.5
      vertex 14.3452 2.2 7.5
    endloop
  endfacet
  facet normal 0 0 1
    outer loop
      vertex 2.55 144.4 7.5
      vertex 8.63632 151.34 7.5
      vertex 7.73826 151.161 7.5
    endloop
  endfacet
  facet normal -0 0 1
    outer loop
      vertex 2.55 13.6354 7.5
      vertex 14.3452 2.2 7.5
      vertex 2.55 15.0443 7.5
    endloop
  endfacet
  facet normal 0 0 1
    outer loop
      vertex 2.55 144.4 7.5
      vertex 7.73826 151.161 7.5
      vertex 6.87121 150.867 7.5
    endloop
  endfacet
  facet normal 0 0 1
    outer loop
      vertex 14.3452 2.2 7.5
      vertex 2.55 13.6354 7.5
      vertex 9.55 2.2 7.5
    endloop
  endfacet
  facet normal 0 0 1
    outer loop
      vertex 2.55 144.4 7.5
      vertex 6.87121 150.867 7.5
      vertex 6.05 150.462 7.5
    endloop
  endfacet
  facet normal -0 0 1
    outer loop
      vertex 2.55 9.2 7.5
      vertex 9.55 2.2 7.5
      vertex 2.55 13.6354 7.5
    endloop
  endfacet
  facet normal 0 0 1
    outer loop
      vertex 2.55 144.4 7.5
      vertex 6.05 150.462 7.5
      vertex 5.28866 149.953 7.5
    endloop
  endfacet
  facet normal 0 0 1
    outer loop
      vertex 9.55 2.2 7.5
      vertex 2.55 9.2 7.5
      vertex 8.63632 2.25989 7.5
    endloop
  endfacet
  facet normal 0 0 1
    outer loop
      vertex 2.55 144.4 7.5
      vertex 5.28866 149.953 7.5
      vertex 4.60025 149.35 7.5
    endloop
  endfacet
  facet normal 0 0 1
    outer loop
      vertex 8.63632 2.25989 7.5
      vertex 2.55 9.2 7.5
      vertex 7.73826 2.43853 7.5
    endloop
  endfacet
  facet normal 0 0 1
    outer loop
      vertex 2.55 144.4 7.5
      vertex 4.60025 149.35 7.5
      vertex 3.99653 148.661 7.5
    endloop
  endfacet
  facet normal 0 0 1
    outer loop
      vertex 7.73826 2.43853 7.5
      vertex 2.55 9.2 7.5
      vertex 6.87121 2.73284 7.5
    endloop
  endfacet
  facet normal 0 0 1
    outer loop
      vertex 2.55 144.4 7.5
      vertex 3.99653 148.661 7.5
      vertex 3.48782 147.9 7.5
    endloop
  endfacet
  facet normal 0 0 1
    outer loop
      vertex 6.87121 2.73284 7.5
      vertex 2.55 9.2 7.5
      vertex 6.05 3.13782 7.5
    endloop
  endfacet
  facet normal 0 0 1
    outer loop
      vertex 2.55 144.4 7.5
      vertex 3.48782 147.9 7.5
      vertex 3.08284 147.079 7.5
    endloop
  endfacet
  facet normal 0 0 1
    outer loop
      vertex 6.05 3.13782 7.5
      vertex 2.55 9.2 7.5
      vertex 5.28866 3.64653 7.5
    endloop
  endfacet
  facet normal 0 0 1
    outer loop
      vertex 2.55 144.4 7.5
      vertex 3.08284 147.079 7.5
      vertex 2.78852 146.212 7.5
    endloop
  endfacet
  facet normal 0 0 1
    outer loop
      vertex 5.28866 3.64653 7.5
      vertex 2.55 9.2 7.5
      vertex 4.60025 4.25025 7.5
    endloop
  endfacet
  facet normal 0 0 1
    outer loop
      vertex 2.55 144.4 7.5
      vertex 2.78852 146.212 7.5
      vertex 2.60989 145.314 7.5
    endloop
  endfacet
  facet normal 0 0 1
    outer loop
      vertex 4.60025 4.25025 7.5
      vertex 2.55 9.2 7.5
      vertex 3.99653 4.93866 7.5
    endloop
  endfacet
  facet normal 0 0 1
    outer loop
      vertex 9.55 151.4 7.5
      vertex 2.55 144.4 7.5
      vertex 2.55 139.965 7.5
    endloop
  endfacet
  facet normal 0 0 1
    outer loop
      vertex 14.3452 151.4 7.5
      vertex 2.55 139.965 7.5
      vertex 2.55 138.556 7.5
    endloop
  endfacet
  facet normal 0 0 1
    outer loop
      vertex 3.99653 4.93866 7.5
      vertex 2.55 9.2 7.5
      vertex 3.48782 5.7 7.5
    endloop
  endfacet
  facet normal 0 0 1
    outer loop
      vertex 3.48782 5.7 7.5
      vertex 2.55 9.2 7.5
      vertex 3.08284 6.52121 7.5
    endloop
  endfacet
  facet normal 0 0 1
    outer loop
      vertex 3.08284 6.52121 7.5
      vertex 2.55 9.2 7.5
      vertex 2.78852 7.38826 7.5
    endloop
  endfacet
  facet normal 0 0 1
    outer loop
      vertex 2.78852 7.38826 7.5
      vertex 2.55 9.2 7.5
      vertex 2.60989 8.28632 7.5
    endloop
  endfacet
  facet normal 0.831209 0.55596 0
    outer loop
      vertex 230.112 147.9 7.5
      vertex 229.603 148.661 6.68
      vertex 229.603 148.661 7.5
    endloop
  endfacet
  facet normal 0.831209 0.55596 0
    outer loop
      vertex 229.603 148.661 6.68
      vertex 230.112 147.9 7.5
      vertex 230.112 147.9 6.68
    endloop
  endfacet
  facet normal -0.980784 0.195097 0
    outer loop
      vertex 2.60989 145.314 6.68
      vertex 2.78852 146.212 7.5
      vertex 2.78852 146.212 6.68
    endloop
  endfacet
  facet normal -0.980784 0.195097 0
    outer loop
      vertex 2.78852 146.212 7.5
      vertex 2.60989 145.314 6.68
      vertex 2.60989 145.314 7.5
    endloop
  endfacet
  facet normal 0.658582 0.752509 -0
    outer loop
      vertex 229 149.35 6.68
      vertex 228.311 149.953 7.5
      vertex 229 149.35 7.5
    endloop
  endfacet
  facet normal 0.658582 0.752509 0
    outer loop
      vertex 228.311 149.953 7.5
      vertex 229 149.35 6.68
      vertex 228.311 149.953 6.68
    endloop
  endfacet
  facet normal -0.751839 -0.659346 0
    outer loop
      vertex 4.60025 4.25025 6.68
      vertex 3.99653 4.93866 7.5
      vertex 3.99653 4.93866 6.68
    endloop
  endfacet
  facet normal -0.751839 -0.659346 0
    outer loop
      vertex 3.99653 4.93866 7.5
      vertex 4.60025 4.25025 6.68
      vertex 4.60025 4.25025 7.5
    endloop
  endfacet
  facet normal 0.831324 -0.555788 0
    outer loop
      vertex 229.603 4.93866 7.5
      vertex 230.112 5.7 6.68
      vertex 230.112 5.7 7.5
    endloop
  endfacet
  facet normal 0.831324 -0.555788 0
    outer loop
      vertex 230.112 5.7 6.68
      vertex 229.603 4.93866 7.5
      vertex 229.603 4.93866 6.68
    endloop
  endfacet
  facet normal -0.659346 -0.751839 0
    outer loop
      vertex 4.60025 4.25025 6.68
      vertex 5.28866 3.64653 7.5
      vertex 4.60025 4.25025 7.5
    endloop
  endfacet
  facet normal -0.659346 -0.751839 -0
    outer loop
      vertex 5.28866 3.64653 7.5
      vertex 4.60025 4.25025 6.68
      vertex 5.28866 3.64653 6.68
    endloop
  endfacet
  facet normal 0.752229 -0.658901 0
    outer loop
      vertex 229 4.25025 7.5
      vertex 229.603 4.93866 6.68
      vertex 229.603 4.93866 7.5
    endloop
  endfacet
  facet normal 0.752229 -0.658901 0
    outer loop
      vertex 229.603 4.93866 6.68
      vertex 229 4.25025 7.5
      vertex 229 4.25025 6.68
    endloop
  endfacet
  facet normal -0.752119 0.659027 0
    outer loop
      vertex 3.99653 148.661 6.68
      vertex 4.60025 149.35 7.5
      vertex 4.60025 149.35 6.68
    endloop
  endfacet
  facet normal -0.752119 0.659027 0
    outer loop
      vertex 4.60025 149.35 7.5
      vertex 3.99653 148.661 6.68
      vertex 3.99653 148.661 7.5
    endloop
  endfacet
  facet normal 0.980706 0.195486 0
    outer loop
      vertex 230.99 145.314 7.5
      vertex 230.811 146.212 6.68
      vertex 230.811 146.212 7.5
    endloop
  endfacet
  facet normal 0.980706 0.195486 0
    outer loop
      vertex 230.811 146.212 6.68
      vertex 230.99 145.314 7.5
      vertex 230.99 145.314 6.68
    endloop
  endfacet
  facet normal -0.99786 0.0653849 0
    outer loop
      vertex 2.55 144.4 6.68
      vertex 2.60989 145.314 7.5
      vertex 2.60989 145.314 6.68
    endloop
  endfacet
  facet normal -0.99786 0.0653849 0
    outer loop
      vertex 2.60989 145.314 7.5
      vertex 2.55 144.4 6.68
      vertex 2.55 144.4 7.5
    endloop
  endfacet
  facet normal 0.195486 0.980706 -0
    outer loop
      vertex 225.862 151.161 6.68
      vertex 224.964 151.34 7.5
      vertex 225.862 151.161 7.5
    endloop
  endfacet
  facet normal 0.195486 0.980706 0
    outer loop
      vertex 224.964 151.34 7.5
      vertex 225.862 151.161 6.68
      vertex 224.964 151.34 6.68
    endloop
  endfacet
  facet normal -0.195095 -0.980784 0
    outer loop
      vertex 7.73826 2.43853 6.68
      vertex 8.63632 2.25989 7.5
      vertex 7.73826 2.43853 7.5
    endloop
  endfacet
  facet normal -0.195095 -0.980784 -0
    outer loop
      vertex 8.63632 2.25989 7.5
      vertex 7.73826 2.43853 6.68
      vertex 8.63632 2.25989 6.68
    endloop
  endfacet
  facet normal 0.31953 -0.947576 0
    outer loop
      vertex 132.14 6.03032 7.54
      vertex 132.251 6.06775 7.64
      vertex 132.14 6.03032 7.64
    endloop
  endfacet
  facet normal 0.31953 -0.947576 0
    outer loop
      vertex 132.251 6.06775 7.64
      vertex 132.14 6.03032 7.54
      vertex 132.251 6.06775 7.54
    endloop
  endfacet
  facet normal 0.981942 0.189182 0
    outer loop
      vertex 132.792 7.02615 7.64
      vertex 132.77 7.14034 7.54
      vertex 132.77 7.14034 7.64
    endloop
  endfacet
  facet normal 0.981942 0.189182 0
    outer loop
      vertex 132.77 7.14034 7.54
      vertex 132.792 7.02615 7.64
      vertex 132.792 7.02615 7.54
    endloop
  endfacet
  facet normal 0.195372 -0.980729 0
    outer loop
      vertex 132.026 6.00761 7.54
      vertex 132.14 6.03032 7.64
      vertex 132.026 6.00761 7.64
    endloop
  endfacet
  facet normal 0.195372 -0.980729 0
    outer loop
      vertex 132.14 6.03032 7.64
      vertex 132.026 6.00761 7.54
      vertex 132.14 6.03032 7.54
    endloop
  endfacet
  facet normal 0 -1 0
    outer loop
      vertex 101.69 6 7.54
      vertex 131.91 6 7.64
      vertex 101.69 6 7.64
    endloop
  endfacet
  facet normal 0 -1 -0
    outer loop
      vertex 131.91 6 7.64
      vertex 101.69 6 7.54
      vertex 131.91 6 7.54
    endloop
  endfacet
  facet normal 0.0654627 -0.997855 0
    outer loop
      vertex 131.91 6 7.54
      vertex 132.026 6.00761 7.64
      vertex 131.91 6 7.64
    endloop
  endfacet
  facet normal 0.0654627 -0.997855 0
    outer loop
      vertex 132.026 6.00761 7.64
      vertex 131.91 6 7.54
      vertex 132.026 6.00761 7.54
    endloop
  endfacet
  facet normal 0.0655484 0.997849 -0
    outer loop
      vertex 132.026 7.79237 7.54
      vertex 131.91 7.79999 7.64
      vertex 132.026 7.79237 7.64
    endloop
  endfacet
  facet normal 0.0655484 0.997849 0
    outer loop
      vertex 131.91 7.79999 7.64
      vertex 132.026 7.79237 7.54
      vertex 131.91 7.79999 7.54
    endloop
  endfacet
  facet normal -0.31953 -0.947576 0
    outer loop
      vertex 101.349 6.06775 7.54
      vertex 101.46 6.03032 7.64
      vertex 101.349 6.06775 7.64
    endloop
  endfacet
  facet normal -0.31953 -0.947576 -0
    outer loop
      vertex 101.46 6.03032 7.64
      vertex 101.349 6.06775 7.54
      vertex 101.46 6.03032 7.54
    endloop
  endfacet
  facet normal -0.661647 -0.749815 0
    outer loop
      vertex 101.061 6.26068 7.54
      vertex 101.148 6.18391 7.64
      vertex 101.061 6.26068 7.64
    endloop
  endfacet
  facet normal -0.661647 -0.749815 -0
    outer loop
      vertex 101.148 6.18391 7.64
      vertex 101.061 6.26068 7.54
      vertex 101.148 6.18391 7.54
    endloop
  endfacet
  facet normal -0.554839 0.831958 0
    outer loop
      vertex 101.245 7.68076 7.54
      vertex 101.148 7.61607 7.64
      vertex 101.245 7.68076 7.64
    endloop
  endfacet
  facet normal -0.554839 0.831958 0
    outer loop
      vertex 101.148 7.61607 7.64
      vertex 101.245 7.68076 7.54
      vertex 101.148 7.61607 7.54
    endloop
  endfacet
  facet normal -0.195372 -0.980729 0
    outer loop
      vertex 101.46 6.03032 7.54
      vertex 101.574 6.00761 7.64
      vertex 101.46 6.03032 7.64
    endloop
  endfacet
  facet normal -0.195372 -0.980729 -0
    outer loop
      vertex 101.574 6.00761 7.64
      vertex 101.46 6.03032 7.54
      vertex 101.574 6.00761 7.54
    endloop
  endfacet
  facet normal -0.554779 -0.831998 0
    outer loop
      vertex 101.148 6.18391 7.54
      vertex 101.245 6.11923 7.64
      vertex 101.148 6.18391 7.64
    endloop
  endfacet
  facet normal -0.554779 -0.831998 -0
    outer loop
      vertex 101.245 6.11923 7.64
      vertex 101.148 6.18391 7.54
      vertex 101.245 6.11923 7.54
    endloop
  endfacet
  facet normal -0.830145 0.557547 0
    outer loop
      vertex 100.919 7.355 7.54
      vertex 100.984 7.45178 7.64
      vertex 100.984 7.45178 7.54
    endloop
  endfacet
  facet normal -0.830145 0.557547 0
    outer loop
      vertex 100.984 7.45178 7.64
      vertex 100.919 7.355 7.54
      vertex 100.919 7.355 7.64
    endloop
  endfacet
  facet normal 0 1 -0
    outer loop
      vertex 131.91 7.79999 7.54
      vertex 101.69 7.79999 7.64
      vertex 131.91 7.79999 7.64
    endloop
  endfacet
  facet normal 0 1 0
    outer loop
      vertex 101.69 7.79999 7.64
      vertex 131.91 7.79999 7.54
      vertex 101.69 7.79999 7.54
    endloop
  endfacet
  facet normal -0.195289 0.980746 0
    outer loop
      vertex 101.574 7.79237 7.54
      vertex 101.46 7.76967 7.64
      vertex 101.574 7.79237 7.64
    endloop
  endfacet
  facet normal -0.195289 0.980746 0
    outer loop
      vertex 101.46 7.76967 7.64
      vertex 101.574 7.79237 7.54
      vertex 101.46 7.76967 7.54
    endloop
  endfacet
  facet normal -0.945409 -0.325885 0
    outer loop
      vertex 100.868 6.54941 7.54
      vertex 100.83 6.65965 7.64
      vertex 100.83 6.65965 7.54
    endloop
  endfacet
  facet normal -0.945409 -0.325885 0
    outer loop
      vertex 100.83 6.65965 7.64
      vertex 100.868 6.54941 7.54
      vertex 100.868 6.54941 7.64
    endloop
  endfacet
  facet normal -0.0655484 0.997849 0
    outer loop
      vertex 101.69 7.79999 7.54
      vertex 101.574 7.79237 7.64
      vertex 101.69 7.79999 7.64
    endloop
  endfacet
  facet normal -0.0655484 0.997849 0
    outer loop
      vertex 101.574 7.79237 7.64
      vertex 101.69 7.79999 7.54
      vertex 101.574 7.79237 7.54
    endloop
  endfacet
  facet normal -0.31953 0.947576 0
    outer loop
      vertex 101.46 7.76967 7.54
      vertex 101.349 7.73224 7.64
      vertex 101.46 7.76967 7.64
    endloop
  endfacet
  facet normal -0.31953 0.947576 0
    outer loop
      vertex 101.349 7.73224 7.64
      vertex 101.46 7.76967 7.54
      vertex 101.349 7.73224 7.54
    endloop
  endfacet
  facet normal -0.661599 0.749858 0
    outer loop
      vertex 101.148 7.61607 7.54
      vertex 101.061 7.53931 7.64
      vertex 101.148 7.61607 7.64
    endloop
  endfacet
  facet normal -0.661599 0.749858 0
    outer loop
      vertex 101.061 7.53931 7.64
      vertex 101.148 7.61607 7.54
      vertex 101.061 7.53931 7.54
    endloop
  endfacet
  facet normal -0.443625 0.896212 0
    outer loop
      vertex 101.349 7.73224 7.54
      vertex 101.245 7.68076 7.64
      vertex 101.349 7.73224 7.64
    endloop
  endfacet
  facet normal -0.443625 0.896212 0
    outer loop
      vertex 101.245 7.68076 7.64
      vertex 101.349 7.73224 7.54
      vertex 101.245 7.68076 7.54
    endloop
  endfacet
  facet normal 0.443625 0.896212 -0
    outer loop
      vertex 132.355 7.68076 7.54
      vertex 132.251 7.73224 7.64
      vertex 132.355 7.68076 7.64
    endloop
  endfacet
  facet normal 0.443625 0.896212 0
    outer loop
      vertex 132.251 7.73224 7.64
      vertex 132.355 7.68076 7.54
      vertex 132.251 7.73224 7.54
    endloop
  endfacet
  facet normal 0.554779 -0.831998 0
    outer loop
      vertex 132.355 6.11923 7.54
      vertex 132.452 6.18391 7.64
      vertex 132.355 6.11923 7.64
    endloop
  endfacet
  facet normal 0.554779 -0.831998 0
    outer loop
      vertex 132.452 6.18391 7.64
      vertex 132.355 6.11923 7.54
      vertex 132.452 6.18391 7.54
    endloop
  endfacet
  facet normal 0.661647 -0.749815 0
    outer loop
      vertex 132.452 6.18391 7.54
      vertex 132.539 6.26068 7.64
      vertex 132.452 6.18391 7.64
    endloop
  endfacet
  facet normal 0.661647 -0.749815 0
    outer loop
      vertex 132.539 6.26068 7.64
      vertex 132.452 6.18391 7.54
      vertex 132.539 6.26068 7.54
    endloop
  endfacet
  facet normal -0.750826 -0.6605 0
    outer loop
      vertex 101.061 6.26068 7.54
      vertex 100.984 6.34821 7.64
      vertex 100.984 6.34821 7.54
    endloop
  endfacet
  facet normal -0.750826 -0.6605 0
    outer loop
      vertex 100.984 6.34821 7.64
      vertex 101.061 6.26068 7.54
      vertex 101.061 6.26068 7.64
    endloop
  endfacet
  facet normal 0.830145 0.557547 0
    outer loop
      vertex 132.681 7.355 7.64
      vertex 132.616 7.45178 7.54
      vertex 132.616 7.45178 7.64
    endloop
  endfacet
  facet normal 0.830145 0.557547 0
    outer loop
      vertex 132.616 7.45178 7.54
      vertex 132.681 7.355 7.64
      vertex 132.681 7.355 7.54
    endloop
  endfacet
  facet normal -0.981942 0.189182 0
    outer loop
      vertex 100.808 7.02615 7.54
      vertex 100.83 7.14034 7.64
      vertex 100.83 7.14034 7.54
    endloop
  endfacet
  facet normal -0.981942 0.189182 0
    outer loop
      vertex 100.83 7.14034 7.64
      vertex 100.808 7.02615 7.54
      vertex 100.808 7.02615 7.64
    endloop
  endfacet
  facet normal 0.661599 0.749858 -0
    outer loop
      vertex 132.539 7.53931 7.54
      vertex 132.452 7.61607 7.64
      vertex 132.539 7.53931 7.64
    endloop
  endfacet
  facet normal 0.661599 0.749858 0
    outer loop
      vertex 132.452 7.61607 7.64
      vertex 132.539 7.53931 7.54
      vertex 132.452 7.61607 7.54
    endloop
  endfacet
  facet normal 0.997637 0.0687078 0
    outer loop
      vertex 132.8 6.90999 7.64
      vertex 132.792 7.02615 7.54
      vertex 132.792 7.02615 7.64
    endloop
  endfacet
  facet normal 0.997637 0.0687078 0
    outer loop
      vertex 132.792 7.02615 7.54
      vertex 132.8 6.90999 7.64
      vertex 132.8 6.90999 7.54
    endloop
  endfacet
  facet normal 0.195289 0.980746 -0
    outer loop
      vertex 132.14 7.76967 7.54
      vertex 132.026 7.79237 7.64
      vertex 132.14 7.76967 7.64
    endloop
  endfacet
  facet normal 0.195289 0.980746 0
    outer loop
      vertex 132.026 7.79237 7.64
      vertex 132.14 7.76967 7.54
      vertex 132.026 7.79237 7.54
    endloop
  endfacet
  facet normal 0.750826 0.6605 0
    outer loop
      vertex 132.616 7.45178 7.64
      vertex 132.539 7.53931 7.54
      vertex 132.539 7.53931 7.64
    endloop
  endfacet
  facet normal 0.750826 0.6605 0
    outer loop
      vertex 132.539 7.53931 7.54
      vertex 132.616 7.45178 7.64
      vertex 132.616 7.45178 7.54
    endloop
  endfacet
  facet normal -0.981939 -0.189198 0
    outer loop
      vertex 100.83 6.65965 7.54
      vertex 100.808 6.77383 7.64
      vertex 100.808 6.77383 7.54
    endloop
  endfacet
  facet normal -0.981939 -0.189198 0
    outer loop
      vertex 100.808 6.77383 7.64
      vertex 100.83 6.65965 7.54
      vertex 100.83 6.65965 7.64
    endloop
  endfacet
  facet normal -0.830145 -0.557547 0
    outer loop
      vertex 100.984 6.34821 7.54
      vertex 100.919 6.44499 7.64
      vertex 100.919 6.44499 7.54
    endloop
  endfacet
  facet normal -0.830145 -0.557547 0
    outer loop
      vertex 100.919 6.44499 7.64
      vertex 100.984 6.34821 7.54
      vertex 100.984 6.34821 7.64
    endloop
  endfacet
  facet normal -0.898553 0.438864 0
    outer loop
      vertex 100.868 7.25058 7.54
      vertex 100.919 7.355 7.64
      vertex 100.919 7.355 7.54
    endloop
  endfacet
  facet normal -0.898553 0.438864 0
    outer loop
      vertex 100.919 7.355 7.64
      vertex 100.868 7.25058 7.54
      vertex 100.868 7.25058 7.64
    endloop
  endfacet
  facet normal 0.554839 0.831958 -0
    outer loop
      vertex 132.452 7.61607 7.54
      vertex 132.355 7.68076 7.64
      vertex 132.452 7.61607 7.64
    endloop
  endfacet
  facet normal 0.554839 0.831958 0
    outer loop
      vertex 132.355 7.68076 7.64
      vertex 132.452 7.61607 7.54
      vertex 132.355 7.68076 7.54
    endloop
  endfacet
  facet normal -0.0654627 -0.997855 0
    outer loop
      vertex 101.574 6.00761 7.54
      vertex 101.69 6 7.64
      vertex 101.574 6.00761 7.64
    endloop
  endfacet
  facet normal -0.0654627 -0.997855 -0
    outer loop
      vertex 101.69 6 7.64
      vertex 101.574 6.00761 7.54
      vertex 101.69 6 7.54
    endloop
  endfacet
  facet normal 0.945409 0.325885 0
    outer loop
      vertex 132.77 7.14034 7.64
      vertex 132.732 7.25058 7.54
      vertex 132.732 7.25058 7.64
    endloop
  endfacet
  facet normal 0.945409 0.325885 0
    outer loop
      vertex 132.732 7.25058 7.54
      vertex 132.77 7.14034 7.64
      vertex 132.77 7.14034 7.54
    endloop
  endfacet
  facet normal 0.830145 -0.557547 0
    outer loop
      vertex 132.616 6.34821 7.64
      vertex 132.681 6.44499 7.54
      vertex 132.681 6.44499 7.64
    endloop
  endfacet
  facet normal 0.830145 -0.557547 0
    outer loop
      vertex 132.681 6.44499 7.54
      vertex 132.616 6.34821 7.64
      vertex 132.616 6.34821 7.54
    endloop
  endfacet
  facet normal -0.750826 0.6605 0
    outer loop
      vertex 100.984 7.45178 7.54
      vertex 101.061 7.53931 7.64
      vertex 101.061 7.53931 7.54
    endloop
  endfacet
  facet normal -0.750826 0.6605 0
    outer loop
      vertex 101.061 7.53931 7.64
      vertex 100.984 7.45178 7.54
      vertex 100.984 7.45178 7.64
    endloop
  endfacet
  facet normal -0.945409 0.325885 0
    outer loop
      vertex 100.83 7.14034 7.54
      vertex 100.868 7.25058 7.64
      vertex 100.868 7.25058 7.54
    endloop
  endfacet
  facet normal -0.945409 0.325885 0
    outer loop
      vertex 100.868 7.25058 7.64
      vertex 100.83 7.14034 7.54
      vertex 100.83 7.14034 7.64
    endloop
  endfacet
  facet normal 0.945409 -0.325885 0
    outer loop
      vertex 132.732 6.54941 7.64
      vertex 132.77 6.65965 7.54
      vertex 132.77 6.65965 7.64
    endloop
  endfacet
  facet normal 0.945409 -0.325885 0
    outer loop
      vertex 132.77 6.65965 7.54
      vertex 132.732 6.54941 7.64
      vertex 132.732 6.54941 7.54
    endloop
  endfacet
  facet normal -0.898553 -0.438864 0
    outer loop
      vertex 100.919 6.44499 7.54
      vertex 100.868 6.54941 7.64
      vertex 100.868 6.54941 7.54
    endloop
  endfacet
  facet normal -0.898553 -0.438864 0
    outer loop
      vertex 100.868 6.54941 7.64
      vertex 100.919 6.44499 7.54
      vertex 100.919 6.44499 7.64
    endloop
  endfacet
  facet normal 0.750826 -0.6605 0
    outer loop
      vertex 132.539 6.26068 7.64
      vertex 132.616 6.34821 7.54
      vertex 132.616 6.34821 7.64
    endloop
  endfacet
  facet normal 0.750826 -0.6605 0
    outer loop
      vertex 132.616 6.34821 7.54
      vertex 132.539 6.26068 7.64
      vertex 132.539 6.26068 7.54
    endloop
  endfacet
  facet normal 0.31953 0.947576 -0
    outer loop
      vertex 132.251 7.73224 7.54
      vertex 132.14 7.76967 7.64
      vertex 132.251 7.73224 7.64
    endloop
  endfacet
  facet normal 0.31953 0.947576 0
    outer loop
      vertex 132.14 7.76967 7.64
      vertex 132.251 7.73224 7.54
      vertex 132.14 7.76967 7.54
    endloop
  endfacet
  facet normal 0.898553 0.438864 0
    outer loop
      vertex 132.732 7.25058 7.64
      vertex 132.681 7.355 7.54
      vertex 132.681 7.355 7.64
    endloop
  endfacet
  facet normal 0.898553 0.438864 0
    outer loop
      vertex 132.681 7.355 7.54
      vertex 132.732 7.25058 7.64
      vertex 132.732 7.25058 7.54
    endloop
  endfacet
  facet normal 0 0 -1
    outer loop
      vertex 132.77 6.65965 7.54
      vertex 132.8 6.89 7.54
      vertex 132.792 6.77383 7.54
    endloop
  endfacet
  facet normal 0 0 -1
    outer loop
      vertex 132.732 6.54941 7.54
      vertex 132.8 6.89 7.54
      vertex 132.77 6.65965 7.54
    endloop
  endfacet
  facet normal 0 0 -1
    outer loop
      vertex 132.681 6.44499 7.54
      vertex 132.8 6.89 7.54
      vertex 132.732 6.54941 7.54
    endloop
  endfacet
  facet normal 0 0 -1
    outer loop
      vertex 132.8 6.90999 7.54
      vertex 132.77 7.14034 7.54
      vertex 132.792 7.02615 7.54
    endloop
  endfacet
  facet normal 0 0 -1
    outer loop
      vertex 132.616 6.34821 7.54
      vertex 132.8 6.89 7.54
      vertex 132.681 6.44499 7.54
    endloop
  endfacet
  facet normal 0 0 -1
    outer loop
      vertex 132.8 6.90999 7.54
      vertex 132.732 7.25058 7.54
      vertex 132.77 7.14034 7.54
    endloop
  endfacet
  facet normal 0 0 -1
    outer loop
      vertex 132.539 6.26068 7.54
      vertex 132.8 6.89 7.54
      vertex 132.616 6.34821 7.54
    endloop
  endfacet
  facet normal 0 0 -1
    outer loop
      vertex 132.8 6.90999 7.54
      vertex 132.681 7.355 7.54
      vertex 132.732 7.25058 7.54
    endloop
  endfacet
  facet normal 0 0 -1
    outer loop
      vertex 132.452 6.18391 7.54
      vertex 132.8 6.89 7.54
      vertex 132.539 6.26068 7.54
    endloop
  endfacet
  facet normal 0 0 -1
    outer loop
      vertex 132.8 6.90999 7.54
      vertex 132.616 7.45178 7.54
      vertex 132.681 7.355 7.54
    endloop
  endfacet
  facet normal 0 0 -1
    outer loop
      vertex 132.355 6.11923 7.54
      vertex 132.8 6.89 7.54
      vertex 132.452 6.18391 7.54
    endloop
  endfacet
  facet normal 0 0 -1
    outer loop
      vertex 132.8 6.90999 7.54
      vertex 132.539 7.53931 7.54
      vertex 132.616 7.45178 7.54
    endloop
  endfacet
  facet normal 0 0 -1
    outer loop
      vertex 132.251 6.06775 7.54
      vertex 132.8 6.89 7.54
      vertex 132.355 6.11923 7.54
    endloop
  endfacet
  facet normal 0 0 -1
    outer loop
      vertex 132.8 6.90999 7.54
      vertex 132.452 7.61607 7.54
      vertex 132.539 7.53931 7.54
    endloop
  endfacet
  facet normal 0 0 -1
    outer loop
      vertex 132.14 6.03032 7.54
      vertex 132.8 6.89 7.54
      vertex 132.251 6.06775 7.54
    endloop
  endfacet
  facet normal 0 0 -1
    outer loop
      vertex 132.8 6.90999 7.54
      vertex 132.355 7.68076 7.54
      vertex 132.452 7.61607 7.54
    endloop
  endfacet
  facet normal 0 0 -1
    outer loop
      vertex 132.026 6.00761 7.54
      vertex 132.8 6.89 7.54
      vertex 132.14 6.03032 7.54
    endloop
  endfacet
  facet normal 0 0 -1
    outer loop
      vertex 132.8 6.90999 7.54
      vertex 132.251 7.73224 7.54
      vertex 132.355 7.68076 7.54
    endloop
  endfacet
  facet normal 0 0 -1
    outer loop
      vertex 131.91 6 7.54
      vertex 132.8 6.89 7.54
      vertex 132.026 6.00761 7.54
    endloop
  endfacet
  facet normal 0 0 -1
    outer loop
      vertex 132.8 6.90999 7.54
      vertex 132.14 7.76967 7.54
      vertex 132.251 7.73224 7.54
    endloop
  endfacet
  facet normal -0 0 -1
    outer loop
      vertex 132.8 6.89 7.54
      vertex 131.91 6 7.54
      vertex 132.8 6.90999 7.54
    endloop
  endfacet
  facet normal 0 0 -1
    outer loop
      vertex 132.8 6.90999 7.54
      vertex 132.026 7.79237 7.54
      vertex 132.14 7.76967 7.54
    endloop
  endfacet
  facet normal 0 0 -1
    outer loop
      vertex 131.91 7.79999 7.54
      vertex 132.8 6.90999 7.54
      vertex 131.91 6 7.54
    endloop
  endfacet
  facet normal 0 0 -1
    outer loop
      vertex 132.8 6.90999 7.54
      vertex 131.91 7.79999 7.54
      vertex 132.026 7.79237 7.54
    endloop
  endfacet
  facet normal 0 0 -1
    outer loop
      vertex 101.69 6 7.54
      vertex 131.91 7.79999 7.54
      vertex 131.91 6 7.54
    endloop
  endfacet
  facet normal 0 0 -1
    outer loop
      vertex 101.69 6 7.54
      vertex 101.69 7.79999 7.54
      vertex 131.91 7.79999 7.54
    endloop
  endfacet
  facet normal 0 0 -1
    outer loop
      vertex 100.8 6.89 7.54
      vertex 101.69 6 7.54
      vertex 101.574 6.00761 7.54
    endloop
  endfacet
  facet normal 0 0 -1
    outer loop
      vertex 101.69 6 7.54
      vertex 100.8 6.89 7.54
      vertex 101.69 7.79999 7.54
    endloop
  endfacet
  facet normal 0 0 -1
    outer loop
      vertex 100.8 6.89 7.54
      vertex 101.574 6.00761 7.54
      vertex 101.46 6.03032 7.54
    endloop
  endfacet
  facet normal 0 0 -1
    outer loop
      vertex 100.8 6.90999 7.54
      vertex 101.69 7.79999 7.54
      vertex 100.8 6.89 7.54
    endloop
  endfacet
  facet normal 0 0 -1
    outer loop
      vertex 100.8 6.89 7.54
      vertex 101.46 6.03032 7.54
      vertex 101.349 6.06775 7.54
    endloop
  endfacet
  facet normal 0 0 -1
    outer loop
      vertex 101.69 7.79999 7.54
      vertex 100.8 6.90999 7.54
      vertex 101.574 7.79237 7.54
    endloop
  endfacet
  facet normal 0 0 -1
    outer loop
      vertex 100.8 6.89 7.54
      vertex 101.349 6.06775 7.54
      vertex 101.245 6.11923 7.54
    endloop
  endfacet
  facet normal 0 0 -1
    outer loop
      vertex 101.574 7.79237 7.54
      vertex 100.8 6.90999 7.54
      vertex 101.46 7.76967 7.54
    endloop
  endfacet
  facet normal 0 0 -1
    outer loop
      vertex 100.8 6.89 7.54
      vertex 101.245 6.11923 7.54
      vertex 101.148 6.18391 7.54
    endloop
  endfacet
  facet normal 0 0 -1
    outer loop
      vertex 101.46 7.76967 7.54
      vertex 100.8 6.90999 7.54
      vertex 101.349 7.73224 7.54
    endloop
  endfacet
  facet normal 0 0 -1
    outer loop
      vertex 100.8 6.89 7.54
      vertex 101.148 6.18391 7.54
      vertex 101.061 6.26068 7.54
    endloop
  endfacet
  facet normal 0 0 -1
    outer loop
      vertex 101.349 7.73224 7.54
      vertex 100.8 6.90999 7.54
      vertex 101.245 7.68076 7.54
    endloop
  endfacet
  facet normal 0 0 -1
    outer loop
      vertex 100.8 6.89 7.54
      vertex 101.061 6.26068 7.54
      vertex 100.984 6.34821 7.54
    endloop
  endfacet
  facet normal 0 0 -1
    outer loop
      vertex 101.245 7.68076 7.54
      vertex 100.8 6.90999 7.54
      vertex 101.148 7.61607 7.54
    endloop
  endfacet
  facet normal 0 0 -1
    outer loop
      vertex 100.8 6.89 7.54
      vertex 100.984 6.34821 7.54
      vertex 100.919 6.44499 7.54
    endloop
  endfacet
  facet normal 0 0 -1
    outer loop
      vertex 101.148 7.61607 7.54
      vertex 100.8 6.90999 7.54
      vertex 101.061 7.53931 7.54
    endloop
  endfacet
  facet normal 0 0 -1
    outer loop
      vertex 100.8 6.89 7.54
      vertex 100.919 6.44499 7.54
      vertex 100.868 6.54941 7.54
    endloop
  endfacet
  facet normal 0 0 -1
    outer loop
      vertex 101.061 7.53931 7.54
      vertex 100.8 6.90999 7.54
      vertex 100.984 7.45178 7.54
    endloop
  endfacet
  facet normal 0 0 -1
    outer loop
      vertex 100.8 6.89 7.54
      vertex 100.868 6.54941 7.54
      vertex 100.83 6.65965 7.54
    endloop
  endfacet
  facet normal 0 0 -1
    outer loop
      vertex 100.984 7.45178 7.54
      vertex 100.8 6.90999 7.54
      vertex 100.919 7.355 7.54
    endloop
  endfacet
  facet normal 0 0 -1
    outer loop
      vertex 100.8 6.89 7.54
      vertex 100.83 6.65965 7.54
      vertex 100.808 6.77383 7.54
    endloop
  endfacet
  facet normal 0 0 -1
    outer loop
      vertex 100.919 7.355 7.54
      vertex 100.8 6.90999 7.54
      vertex 100.868 7.25058 7.54
    endloop
  endfacet
  facet normal 0 0 -1
    outer loop
      vertex 100.868 7.25058 7.54
      vertex 100.8 6.90999 7.54
      vertex 100.83 7.14034 7.54
    endloop
  endfacet
  facet normal 0 0 -1
    outer loop
      vertex 100.83 7.14034 7.54
      vertex 100.8 6.90999 7.54
      vertex 100.808 7.02615 7.54
    endloop
  endfacet
  facet normal 0.981939 -0.189198 0
    outer loop
      vertex 132.77 6.65965 7.64
      vertex 132.792 6.77383 7.54
      vertex 132.792 6.77383 7.64
    endloop
  endfacet
  facet normal 0.981939 -0.189198 0
    outer loop
      vertex 132.792 6.77383 7.54
      vertex 132.77 6.65965 7.64
      vertex 132.77 6.65965 7.54
    endloop
  endfacet
  facet normal -0.443625 -0.896212 0
    outer loop
      vertex 101.245 6.11923 7.54
      vertex 101.349 6.06775 7.64
      vertex 101.245 6.11923 7.64
    endloop
  endfacet
  facet normal -0.443625 -0.896212 -0
    outer loop
      vertex 101.349 6.06775 7.64
      vertex 101.245 6.11923 7.54
      vertex 101.349 6.06775 7.54
    endloop
  endfacet
  facet normal -0.997637 -0.0687019 0
    outer loop
      vertex 100.808 6.77383 7.54
      vertex 100.8 6.89 7.64
      vertex 100.8 6.89 7.54
    endloop
  endfacet
  facet normal -0.997637 -0.0687019 0
    outer loop
      vertex 100.8 6.89 7.64
      vertex 100.808 6.77383 7.54
      vertex 100.808 6.77383 7.64
    endloop
  endfacet
  facet normal -0.997637 0.0687078 0
    outer loop
      vertex 100.8 6.90999 7.54
      vertex 100.808 7.02615 7.64
      vertex 100.808 7.02615 7.54
    endloop
  endfacet
  facet normal -0.997637 0.0687078 0
    outer loop
      vertex 100.808 7.02615 7.64
      vertex 100.8 6.90999 7.54
      vertex 100.8 6.90999 7.64
    endloop
  endfacet
  facet normal -1 0 0
    outer loop
      vertex 100.8 6.89 7.54
      vertex 100.8 6.90999 7.64
      vertex 100.8 6.90999 7.54
    endloop
  endfacet
  facet normal -1 -0 0
    outer loop
      vertex 100.8 6.90999 7.64
      vertex 100.8 6.89 7.54
      vertex 100.8 6.89 7.64
    endloop
  endfacet
  facet normal 0 0 1
    outer loop
      vertex 132.77 7.14034 7.64
      vertex 132.8 6.90999 7.64
      vertex 132.792 7.02615 7.64
    endloop
  endfacet
  facet normal 0 0 1
    outer loop
      vertex 132.732 7.25058 7.64
      vertex 132.8 6.90999 7.64
      vertex 132.77 7.14034 7.64
    endloop
  endfacet
  facet normal 0 0 1
    outer loop
      vertex 132.681 7.355 7.64
      vertex 132.8 6.90999 7.64
      vertex 132.732 7.25058 7.64
    endloop
  endfacet
  facet normal 0 0 1
    outer loop
      vertex 132.8 6.89 7.64
      vertex 132.77 6.65965 7.64
      vertex 132.792 6.77383 7.64
    endloop
  endfacet
  facet normal 0 0 1
    outer loop
      vertex 132.616 7.45178 7.64
      vertex 132.8 6.90999 7.64
      vertex 132.681 7.355 7.64
    endloop
  endfacet
  facet normal 0 0 1
    outer loop
      vertex 132.8 6.89 7.64
      vertex 132.732 6.54941 7.64
      vertex 132.77 6.65965 7.64
    endloop
  endfacet
  facet normal 0 0 1
    outer loop
      vertex 132.539 7.53931 7.64
      vertex 132.8 6.90999 7.64
      vertex 132.616 7.45178 7.64
    endloop
  endfacet
  facet normal 0 0 1
    outer loop
      vertex 132.8 6.89 7.64
      vertex 132.681 6.44499 7.64
      vertex 132.732 6.54941 7.64
    endloop
  endfacet
  facet normal 0 0 1
    outer loop
      vertex 132.452 7.61607 7.64
      vertex 132.8 6.90999 7.64
      vertex 132.539 7.53931 7.64
    endloop
  endfacet
  facet normal 0 0 1
    outer loop
      vertex 132.8 6.89 7.64
      vertex 132.616 6.34821 7.64
      vertex 132.681 6.44499 7.64
    endloop
  endfacet
  facet normal 0 0 1
    outer loop
      vertex 132.355 7.68076 7.64
      vertex 132.8 6.90999 7.64
      vertex 132.452 7.61607 7.64
    endloop
  endfacet
  facet normal 0 0 1
    outer loop
      vertex 132.8 6.89 7.64
      vertex 132.539 6.26068 7.64
      vertex 132.616 6.34821 7.64
    endloop
  endfacet
  facet normal 0 0 1
    outer loop
      vertex 132.251 7.73224 7.64
      vertex 132.8 6.90999 7.64
      vertex 132.355 7.68076 7.64
    endloop
  endfacet
  facet normal 0 0 1
    outer loop
      vertex 132.8 6.89 7.64
      vertex 132.452 6.18391 7.64
      vertex 132.539 6.26068 7.64
    endloop
  endfacet
  facet normal 0 0 1
    outer loop
      vertex 132.14 7.76967 7.64
      vertex 132.8 6.90999 7.64
      vertex 132.251 7.73224 7.64
    endloop
  endfacet
  facet normal 0 0 1
    outer loop
      vertex 132.8 6.89 7.64
      vertex 132.355 6.11923 7.64
      vertex 132.452 6.18391 7.64
    endloop
  endfacet
  facet normal 0 0 1
    outer loop
      vertex 132.026 7.79237 7.64
      vertex 132.8 6.90999 7.64
      vertex 132.14 7.76967 7.64
    endloop
  endfacet
  facet normal 0 0 1
    outer loop
      vertex 132.8 6.89 7.64
      vertex 132.251 6.06775 7.64
      vertex 132.355 6.11923 7.64
    endloop
  endfacet
  facet normal 0 0 1
    outer loop
      vertex 131.91 7.79999 7.64
      vertex 132.8 6.90999 7.64
      vertex 132.026 7.79237 7.64
    endloop
  endfacet
  facet normal 0 0 1
    outer loop
      vertex 132.8 6.89 7.64
      vertex 132.14 6.03032 7.64
      vertex 132.251 6.06775 7.64
    endloop
  endfacet
  facet normal 0 0 1
    outer loop
      vertex 132.8 6.90999 7.64
      vertex 131.91 7.79999 7.64
      vertex 132.8 6.89 7.64
    endloop
  endfacet
  facet normal 0 0 1
    outer loop
      vertex 132.8 6.89 7.64
      vertex 132.026 6.00761 7.64
      vertex 132.14 6.03032 7.64
    endloop
  endfacet
  facet normal 0 0 1
    outer loop
      vertex 131.91 6 7.64
      vertex 132.8 6.89 7.64
      vertex 131.91 7.79999 7.64
    endloop
  endfacet
  facet normal 0 0 1
    outer loop
      vertex 132.8 6.89 7.64
      vertex 131.91 6 7.64
      vertex 132.026 6.00761 7.64
    endloop
  endfacet
  facet normal -0 0 1
    outer loop
      vertex 101.69 7.79999 7.64
      vertex 131.91 6 7.64
      vertex 131.91 7.79999 7.64
    endloop
  endfacet
  facet normal 0 0 1
    outer loop
      vertex 101.69 7.79999 7.64
      vertex 101.69 6 7.64
      vertex 131.91 6 7.64
    endloop
  endfacet
  facet normal 0 0 1
    outer loop
      vertex 100.8 6.90999 7.64
      vertex 101.69 7.79999 7.64
      vertex 101.574 7.79237 7.64
    endloop
  endfacet
  facet normal 0 0 1
    outer loop
      vertex 101.69 7.79999 7.64
      vertex 100.8 6.90999 7.64
      vertex 101.69 6 7.64
    endloop
  endfacet
  facet normal 0 0 1
    outer loop
      vertex 100.8 6.90999 7.64
      vertex 101.574 7.79237 7.64
      vertex 101.46 7.76967 7.64
    endloop
  endfacet
  facet normal -0 0 1
    outer loop
      vertex 100.8 6.89 7.64
      vertex 101.69 6 7.64
      vertex 100.8 6.90999 7.64
    endloop
  endfacet
  facet normal 0 0 1
    outer loop
      vertex 100.8 6.90999 7.64
      vertex 101.46 7.76967 7.64
      vertex 101.349 7.73224 7.64
    endloop
  endfacet
  facet normal 0 0 1
    outer loop
      vertex 101.69 6 7.64
      vertex 100.8 6.89 7.64
      vertex 101.574 6.00761 7.64
    endloop
  endfacet
  facet normal 0 0 1
    outer loop
      vertex 100.8 6.90999 7.64
      vertex 101.349 7.73224 7.64
      vertex 101.245 7.68076 7.64
    endloop
  endfacet
  facet normal 0 0 1
    outer loop
      vertex 101.574 6.00761 7.64
      vertex 100.8 6.89 7.64
      vertex 101.46 6.03032 7.64
    endloop
  endfacet
  facet normal 0 0 1
    outer loop
      vertex 100.8 6.90999 7.64
      vertex 101.245 7.68076 7.64
      vertex 101.148 7.61607 7.64
    endloop
  endfacet
  facet normal 0 0 1
    outer loop
      vertex 101.46 6.03032 7.64
      vertex 100.8 6.89 7.64
      vertex 101.349 6.06775 7.64
    endloop
  endfacet
  facet normal 0 0 1
    outer loop
      vertex 100.8 6.90999 7.64
      vertex 101.148 7.61607 7.64
      vertex 101.061 7.53931 7.64
    endloop
  endfacet
  facet normal 0 0 1
    outer loop
      vertex 101.349 6.06775 7.64
      vertex 100.8 6.89 7.64
      vertex 101.245 6.11923 7.64
    endloop
  endfacet
  facet normal 0 0 1
    outer loop
      vertex 100.8 6.90999 7.64
      vertex 101.061 7.53931 7.64
      vertex 100.984 7.45178 7.64
    endloop
  endfacet
  facet normal 0 0 1
    outer loop
      vertex 101.245 6.11923 7.64
      vertex 100.8 6.89 7.64
      vertex 101.148 6.18391 7.64
    endloop
  endfacet
  facet normal 0 0 1
    outer loop
      vertex 100.8 6.90999 7.64
      vertex 100.984 7.45178 7.64
      vertex 100.919 7.355 7.64
    endloop
  endfacet
  facet normal 0 0 1
    outer loop
      vertex 101.148 6.18391 7.64
      vertex 100.8 6.89 7.64
      vertex 101.061 6.26068 7.64
    endloop
  endfacet
  facet normal 0 0 1
    outer loop
      vertex 100.8 6.90999 7.64
      vertex 100.919 7.355 7.64
      vertex 100.868 7.25058 7.64
    endloop
  endfacet
  facet normal 0 0 1
    outer loop
      vertex 101.061 6.26068 7.64
      vertex 100.8 6.89 7.64
      vertex 100.984 6.34821 7.64
    endloop
  endfacet
  facet normal 0 0 1
    outer loop
      vertex 100.8 6.90999 7.64
      vertex 100.868 7.25058 7.64
      vertex 100.83 7.14034 7.64
    endloop
  endfacet
  facet normal 0 0 1
    outer loop
      vertex 100.984 6.34821 7.64
      vertex 100.8 6.89 7.64
      vertex 100.919 6.44499 7.64
    endloop
  endfacet
  facet normal 0 0 1
    outer loop
      vertex 100.8 6.90999 7.64
      vertex 100.83 7.14034 7.64
      vertex 100.808 7.02615 7.64
    endloop
  endfacet
  facet normal 0 0 1
    outer loop
      vertex 100.919 6.44499 7.64
      vertex 100.8 6.89 7.64
      vertex 100.868 6.54941 7.64
    endloop
  endfacet
  facet normal 0 0 1
    outer loop
      vertex 100.868 6.54941 7.64
      vertex 100.8 6.89 7.64
      vertex 100.83 6.65965 7.64
    endloop
  endfacet
  facet normal 0 0 1
    outer loop
      vertex 100.83 6.65965 7.64
      vertex 100.8 6.89 7.64
      vertex 100.808 6.77383 7.64
    endloop
  endfacet
  facet normal 0.997637 -0.0687019 0
    outer loop
      vertex 132.792 6.77383 7.64
      vertex 132.8 6.89 7.54
      vertex 132.8 6.89 7.64
    endloop
  endfacet
  facet normal 0.997637 -0.0687019 0
    outer loop
      vertex 132.8 6.89 7.54
      vertex 132.792 6.77383 7.64
      vertex 132.792 6.77383 7.54
    endloop
  endfacet
  facet normal 0.898553 -0.438864 0
    outer loop
      vertex 132.681 6.44499 7.64
      vertex 132.732 6.54941 7.54
      vertex 132.732 6.54941 7.64
    endloop
  endfacet
  facet normal 0.898553 -0.438864 0
    outer loop
      vertex 132.732 6.54941 7.54
      vertex 132.681 6.44499 7.64
      vertex 132.681 6.44499 7.54
    endloop
  endfacet
  facet normal 0.443625 -0.896212 0
    outer loop
      vertex 132.251 6.06775 7.54
      vertex 132.355 6.11923 7.64
      vertex 132.251 6.06775 7.64
    endloop
  endfacet
  facet normal 0.443625 -0.896212 0
    outer loop
      vertex 132.355 6.11923 7.64
      vertex 132.251 6.06775 7.54
      vertex 132.355 6.11923 7.54
    endloop
  endfacet
  facet normal 1 -0 0
    outer loop
      vertex 132.8 6.89 7.64
      vertex 132.8 6.90999 7.54
      vertex 132.8 6.90999 7.64
    endloop
  endfacet
  facet normal 1 0 0
    outer loop
      vertex 132.8 6.90999 7.54
      vertex 132.8 6.89 7.64
      vertex 132.8 6.89 7.54
    endloop
  endfacet
  facet normal 0.999614 -0.0277671 0
    outer loop
      vertex 117.898 152.428 7.64
      vertex 117.9 152.5 7.6
      vertex 117.9 152.5 7.64
    endloop
  endfacet
  facet normal 0.999614 -0.0277671 0
    outer loop
      vertex 117.9 152.5 7.6
      vertex 117.898 152.428 7.64
      vertex 117.898 152.428 7.6
    endloop
  endfacet
  facet normal 0.995307 0.096766 0
    outer loop
      vertex 117.898 152.572 7.64
      vertex 117.891 152.644 7.6
      vertex 117.891 152.644 7.64
    endloop
  endfacet
  facet normal 0.995307 0.096766 0
    outer loop
      vertex 117.891 152.644 7.6
      vertex 117.898 152.572 7.64
      vertex 117.898 152.572 7.6
    endloop
  endfacet
  facet normal 0.999614 0.0277671 0
    outer loop
      vertex 117.9 152.5 7.64
      vertex 117.898 152.572 7.6
      vertex 117.898 152.572 7.64
    endloop
  endfacet
  facet normal 0.999614 0.0277671 0
    outer loop
      vertex 117.898 152.572 7.6
      vertex 117.9 152.5 7.64
      vertex 117.9 152.5 7.6
    endloop
  endfacet
  facet normal 0.732793 0.680451 0
    outer loop
      vertex 117.578 153.278 7.64
      vertex 117.604 153.25 7.52
      vertex 117.578 153.278 7.52
    endloop
  endfacet
  facet normal 0.734272 0.678855 -0
    outer loop
      vertex 117.627 153.225 7.52989
      vertex 117.578 153.278 7.64
      vertex 117.627 153.225 7.64
    endloop
  endfacet
  facet normal 0.735665 0.677344 0.00134699
    outer loop
      vertex 117.578 153.278 7.64
      vertex 117.627 153.225 7.52989
      vertex 117.604 153.25 7.52
    endloop
  endfacet
  facet normal -0.0277671 0.999614 0
    outer loop
      vertex 116.8 153.6 7.42
      vertex 116.728 153.598 7.64
      vertex 116.8 153.6 7.64
    endloop
  endfacet
  facet normal -0.0277671 0.999614 0
    outer loop
      vertex 116.728 153.598 7.64
      vertex 116.8 153.6 7.42
      vertex 116.728 153.598 7.42
    endloop
  endfacet
  facet normal -0.579931 -0.814665 0
    outer loop
      vertex 116.13 151.627 7.6
      vertex 116.189 151.585 7.64
      vertex 116.13 151.627 7.64
    endloop
  endfacet
  facet normal -0.579931 -0.814665 -0
    outer loop
      vertex 116.189 151.585 7.64
      vertex 116.13 151.627 7.6
      vertex 116.189 151.585 7.6
    endloop
  endfacet
  facet normal -0.641555 -0.767077 0
    outer loop
      vertex 116.075 151.673 7.6
      vertex 116.13 151.627 7.64
      vertex 116.075 151.673 7.64
    endloop
  endfacet
  facet normal -0.641555 -0.767077 -0
    outer loop
      vertex 116.13 151.627 7.64
      vertex 116.075 151.673 7.6
      vertex 116.13 151.627 7.6
    endloop
  endfacet
  facet normal 0.932266 -0.361775 0
    outer loop
      vertex 117.816 152.079 7.64
      vertex 117.842 152.146 7.6
      vertex 117.842 152.146 7.64
    endloop
  endfacet
  facet normal 0.932266 -0.361775 0
    outer loop
      vertex 117.842 152.146 7.6
      vertex 117.816 152.079 7.64
      vertex 117.816 152.079 7.6
    endloop
  endfacet
  facet normal -0.767077 -0.641555 0
    outer loop
      vertex 115.973 151.775 7.6
      vertex 115.927 151.83 7.64
      vertex 115.927 151.83 7.6
    endloop
  endfacet
  facet normal -0.767077 -0.641555 0
    outer loop
      vertex 115.927 151.83 7.64
      vertex 115.973 151.775 7.6
      vertex 115.973 151.775 7.64
    endloop
  endfacet
  facet normal -0.734272 -0.678855 0
    outer loop
      vertex 116.022 151.722 7.6
      vertex 115.973 151.775 7.64
      vertex 115.973 151.775 7.6
    endloop
  endfacet
  facet normal -0.734272 -0.678855 0
    outer loop
      vertex 115.973 151.775 7.64
      vertex 116.022 151.722 7.6
      vertex 116.022 151.722 7.64
    endloop
  endfacet
  facet normal 0.974859 -0.222825 0
    outer loop
      vertex 117.863 152.215 7.64
      vertex 117.879 152.285 7.6
      vertex 117.879 152.285 7.64
    endloop
  endfacet
  facet normal 0.974859 -0.222825 0
    outer loop
      vertex 117.879 152.285 7.6
      vertex 117.863 152.215 7.64
      vertex 117.863 152.215 7.6
    endloop
  endfacet
  facet normal 0.166651 -0.986016 0
    outer loop
      vertex 116.944 151.409 7.42
      vertex 117.015 151.421 7.64
      vertex 116.944 151.409 7.64
    endloop
  endfacet
  facet normal 0.166651 -0.986016 0
    outer loop
      vertex 117.015 151.421 7.64
      vertex 116.944 151.409 7.42
      vertex 117.015 151.421 7.42
    endloop
  endfacet
  facet normal 0.222825 -0.974859 0
    outer loop
      vertex 117.015 151.421 7.42
      vertex 117.085 151.437 7.64
      vertex 117.015 151.421 7.64
    endloop
  endfacet
  facet normal 0.222825 -0.974859 0
    outer loop
      vertex 117.085 151.437 7.64
      vertex 117.015 151.421 7.42
      vertex 117.085 151.437 7.42
    endloop
  endfacet
  facet normal -0.096766 0.995307 0
    outer loop
      vertex 116.728 153.598 7.42
      vertex 116.656 153.591 7.64
      vertex 116.728 153.598 7.64
    endloop
  endfacet
  facet normal -0.096766 0.995307 0
    outer loop
      vertex 116.656 153.591 7.64
      vertex 116.728 153.598 7.42
      vertex 116.656 153.591 7.42
    endloop
  endfacet
  facet normal -0.096766 -0.995307 0
    outer loop
      vertex 116.656 151.409 7.42
      vertex 116.728 151.402 7.64
      vertex 116.656 151.409 7.64
    endloop
  endfacet
  facet normal -0.096766 -0.995307 -0
    outer loop
      vertex 116.728 151.402 7.64
      vertex 116.656 151.409 7.42
      vertex 116.728 151.402 7.42
    endloop
  endfacet
  facet normal 0.579931 -0.814665 0
    outer loop
      vertex 117.411 151.585 7.6
      vertex 117.47 151.627 7.64
      vertex 117.411 151.585 7.64
    endloop
  endfacet
  facet normal 0.579931 -0.814665 0
    outer loop
      vertex 117.47 151.627 7.64
      vertex 117.411 151.585 7.6
      vertex 117.47 151.627 7.6
    endloop
  endfacet
  facet normal -0.291162 0.956674 0
    outer loop
      vertex 116.515 153.563 7.42
      vertex 116.446 153.542 7.64
      vertex 116.515 153.563 7.64
    endloop
  endfacet
  facet normal -0.291162 0.956674 0
    outer loop
      vertex 116.446 153.542 7.64
      vertex 116.515 153.563 7.42
      vertex 116.446 153.542 7.42
    endloop
  endfacet
  facet normal -0.880022 0.474933 0
    outer loop
      vertex 115.813 152.987 7.6
      vertex 115.847 153.05 7.64
      vertex 115.847 153.05 7.6
    endloop
  endfacet
  facet normal -0.880022 0.474933 0
    outer loop
      vertex 115.847 153.05 7.64
      vertex 115.813 152.987 7.6
      vertex 115.813 152.987 7.64
    endloop
  endfacet
  facet normal 0.767077 -0.641555 0
    outer loop
      vertex 117.627 151.775 7.64
      vertex 117.673 151.83 7.6
      vertex 117.673 151.83 7.64
    endloop
  endfacet
  facet normal 0.767077 -0.641555 0
    outer loop
      vertex 117.673 151.83 7.6
      vertex 117.627 151.775 7.64
      vertex 117.627 151.775 7.6
    endloop
  endfacet
  facet normal -0.222825 0.974859 0
    outer loop
      vertex 116.585 153.579 7.42
      vertex 116.515 153.563 7.64
      vertex 116.585 153.579 7.64
    endloop
  endfacet
  facet normal -0.222825 0.974859 0
    outer loop
      vertex 116.515 153.563 7.64
      vertex 116.585 153.579 7.42
      vertex 116.515 153.563 7.42
    endloop
  endfacet
  facet normal -0.814665 0.579931 0
    outer loop
      vertex 115.885 153.111 7.57555
      vertex 115.927 153.17 7.64
      vertex 115.927 153.17 7.55214
    endloop
  endfacet
  facet normal -0.814665 0.579931 0
    outer loop
      vertex 115.927 153.17 7.64
      vertex 115.885 153.111 7.57555
      vertex 115.885 153.111 7.64
    endloop
  endfacet
  facet normal 0.467888 0.883788 0
    outer loop
      vertex 117.299 153.48 7.52
      vertex 117.35 153.453 7.64
      vertex 117.35 153.453 7.52
    endloop
  endfacet
  facet normal 0.474929 0.880016 -0.00384134
    outer loop
      vertex 117.35 153.453 7.64
      vertex 117.299 153.48 7.52
      vertex 117.287 153.487 7.64
    endloop
  endfacet
  facet normal 0.503871 0.863779 0
    outer loop
      vertex 117.287 153.487 7.42537
      vertex 117.299 153.48 7.52
      vertex 117.299 153.48 7.428
    endloop
  endfacet
  facet normal 0.503871 0.863779 0
    outer loop
      vertex 117.299 153.48 7.52
      vertex 117.287 153.487 7.42537
      vertex 117.287 153.487 7.64
    endloop
  endfacet
  facet normal 0.915519 -0.402274 0
    outer loop
      vertex 117.787 152.013 7.64
      vertex 117.816 152.079 7.6
      vertex 117.816 152.079 7.64
    endloop
  endfacet
  facet normal 0.915519 -0.402274 0
    outer loop
      vertex 117.816 152.079 7.6
      vertex 117.787 152.013 7.64
      vertex 117.787 152.013 7.6
    endloop
  endfacet
  facet normal 0.579931 0.814665 -0
    outer loop
      vertex 117.47 153.373 7.52
      vertex 117.411 153.415 7.64
      vertex 117.47 153.373 7.64
    endloop
  endfacet
  facet normal 0.579931 0.814665 0
    outer loop
      vertex 117.411 153.415 7.64
      vertex 117.47 153.373 7.52
      vertex 117.411 153.415 7.52
    endloop
  endfacet
  facet normal 0.678855 -0.734272 0
    outer loop
      vertex 117.525 151.673 7.6
      vertex 117.578 151.722 7.64
      vertex 117.525 151.673 7.64
    endloop
  endfacet
  facet normal 0.678855 -0.734272 0
    outer loop
      vertex 117.578 151.722 7.64
      vertex 117.525 151.673 7.6
      vertex 117.578 151.722 7.6
    endloop
  endfacet
  facet normal 0.814665 0.579931 -0
    outer loop
      vertex 117.715 153.111 7.57555
      vertex 117.673 153.17 7.64
      vertex 117.715 153.111 7.64
    endloop
  endfacet
  facet normal 0.814665 0.579931 0
    outer loop
      vertex 117.673 153.17 7.64
      vertex 117.715 153.111 7.57555
      vertex 117.673 153.17 7.55214
    endloop
  endfacet
  facet normal 0.528748 -0.848779 0
    outer loop
      vertex 117.35 151.547 7.6
      vertex 117.411 151.585 7.64
      vertex 117.35 151.547 7.64
    endloop
  endfacet
  facet normal 0.528748 -0.848779 0
    outer loop
      vertex 117.411 151.585 7.64
      vertex 117.35 151.547 7.6
      vertex 117.411 151.585 7.6
    endloop
  endfacet
  facet normal -0.956674 -0.291162 0
    outer loop
      vertex 115.758 152.146 7.6
      vertex 115.737 152.215 7.64
      vertex 115.737 152.215 7.6
    endloop
  endfacet
  facet normal -0.956674 -0.291162 0
    outer loop
      vertex 115.737 152.215 7.64
      vertex 115.758 152.146 7.6
      vertex 115.758 152.146 7.64
    endloop
  endfacet
  facet normal -0.641555 0.767077 0
    outer loop
      vertex 116.13 153.373 7.52
      vertex 116.075 153.327 7.64
      vertex 116.13 153.373 7.64
    endloop
  endfacet
  facet normal -0.641555 0.767077 0
    outer loop
      vertex 116.075 153.327 7.64
      vertex 116.13 153.373 7.52
      vertex 116.075 153.327 7.52
    endloop
  endfacet
  facet normal 0.166651 0.986016 -0
    outer loop
      vertex 117.015 153.579 7.42
      vertex 116.944 153.591 7.64
      vertex 117.015 153.579 7.64
    endloop
  endfacet
  facet normal 0.166651 0.986016 0
    outer loop
      vertex 116.944 153.591 7.64
      vertex 117.015 153.579 7.42
      vertex 116.944 153.591 7.42
    endloop
  endfacet
  facet normal -0.474929 0.880016 -0.00384134
    outer loop
      vertex 116.313 153.487 7.64
      vertex 116.301 153.48 7.52
      vertex 116.25 153.453 7.64
    endloop
  endfacet
  facet normal -0.503871 0.863779 0
    outer loop
      vertex 116.313 153.487 7.42537
      vertex 116.301 153.48 7.52
      vertex 116.313 153.487 7.64
    endloop
  endfacet
  facet normal -0.503871 0.863779 0
    outer loop
      vertex 116.301 153.48 7.52
      vertex 116.313 153.487 7.42537
      vertex 116.301 153.48 7.428
    endloop
  endfacet
  facet normal -0.467888 0.883788 0
    outer loop
      vertex 116.25 153.453 7.64
      vertex 116.301 153.48 7.52
      vertex 116.25 153.453 7.52
    endloop
  endfacet
  facet normal -0.732793 0.680451 0
    outer loop
      vertex 115.996 153.25 7.52
      vertex 116.022 153.278 7.64
      vertex 116.022 153.278 7.52
    endloop
  endfacet
  facet normal -0.735665 0.677344 0.00134699
    outer loop
      vertex 115.973 153.225 7.52989
      vertex 116.022 153.278 7.64
      vertex 115.996 153.25 7.52
    endloop
  endfacet
  facet normal -0.734272 0.678855 0
    outer loop
      vertex 116.022 153.278 7.64
      vertex 115.973 153.225 7.52989
      vertex 115.973 153.225 7.64
    endloop
  endfacet
  facet normal 0.096766 0.995307 -0
    outer loop
      vertex 116.944 153.591 7.42
      vertex 116.872 153.598 7.64
      vertex 116.944 153.591 7.64
    endloop
  endfacet
  facet normal 0.096766 0.995307 0
    outer loop
      vertex 116.872 153.598 7.64
      vertex 116.944 153.591 7.42
      vertex 116.872 153.598 7.42
    endloop
  endfacet
  facet normal -0.678855 0.734272 0
    outer loop
      vertex 116.075 153.327 7.52
      vertex 116.022 153.278 7.64
      vertex 116.075 153.327 7.64
    endloop
  endfacet
  facet normal -0.678855 0.734272 0
    outer loop
      vertex 116.022 153.278 7.64
      vertex 116.075 153.327 7.52
      vertex 116.022 153.278 7.52
    endloop
  endfacet
  facet normal 0.291162 -0.956674 0
    outer loop
      vertex 117.085 151.437 7.42
      vertex 117.154 151.458 7.64
      vertex 117.085 151.437 7.64
    endloop
  endfacet
  facet normal 0.291162 -0.956674 0
    outer loop
      vertex 117.154 151.458 7.64
      vertex 117.085 151.437 7.42
      vertex 117.154 151.458 7.42
    endloop
  endfacet
  facet normal -0.678855 -0.734272 0
    outer loop
      vertex 116.022 151.722 7.6
      vertex 116.075 151.673 7.64
      vertex 116.022 151.722 7.64
    endloop
  endfacet
  facet normal -0.678855 -0.734272 -0
    outer loop
      vertex 116.075 151.673 7.64
      vertex 116.022 151.722 7.6
      vertex 116.075 151.673 7.6
    endloop
  endfacet
  facet normal 0.956674 0.291162 0
    outer loop
      vertex 117.863 152.785 7.64
      vertex 117.842 152.854 7.6
      vertex 117.842 152.854 7.64
    endloop
  endfacet
  facet normal 0.956674 0.291162 0
    outer loop
      vertex 117.842 152.854 7.6
      vertex 117.863 152.785 7.64
      vertex 117.863 152.785 7.6
    endloop
  endfacet
  facet normal 0.0277671 -0.999614 0
    outer loop
      vertex 116.8 151.4 7.42
      vertex 116.872 151.402 7.64
      vertex 116.8 151.4 7.64
    endloop
  endfacet
  facet normal 0.0277671 -0.999614 0
    outer loop
      vertex 116.872 151.402 7.64
      vertex 116.8 151.4 7.42
      vertex 116.872 151.402 7.42
    endloop
  endfacet
  facet normal -0.579931 0.814665 0
    outer loop
      vertex 116.189 153.415 7.52
      vertex 116.13 153.373 7.64
      vertex 116.189 153.415 7.64
    endloop
  endfacet
  facet normal -0.579931 0.814665 0
    outer loop
      vertex 116.13 153.373 7.64
      vertex 116.189 153.415 7.52
      vertex 116.13 153.373 7.52
    endloop
  endfacet
  facet normal 0.956674 -0.291162 0
    outer loop
      vertex 117.842 152.146 7.64
      vertex 117.863 152.215 7.6
      vertex 117.863 152.215 7.64
    endloop
  endfacet
  facet normal 0.956674 -0.291162 0
    outer loop
      vertex 117.863 152.215 7.6
      vertex 117.842 152.146 7.64
      vertex 117.842 152.146 7.6
    endloop
  endfacet
  facet normal 0.361775 0.932266 -0
    outer loop
      vertex 117.221 153.516 7.42
      vertex 117.154 153.542 7.64
      vertex 117.221 153.516 7.64
    endloop
  endfacet
  facet normal 0.361775 0.932266 0
    outer loop
      vertex 117.154 153.542 7.64
      vertex 117.221 153.516 7.42
      vertex 117.154 153.542 7.42
    endloop
  endfacet
  facet normal -0.974859 0.222825 0
    outer loop
      vertex 115.721 152.715 7.6
      vertex 115.737 152.785 7.64
      vertex 115.737 152.785 7.6
    endloop
  endfacet
  facet normal -0.974859 0.222825 0
    outer loop
      vertex 115.737 152.785 7.64
      vertex 115.721 152.715 7.6
      vertex 115.721 152.715 7.64
    endloop
  endfacet
  facet normal 0.641555 0.767077 -0
    outer loop
      vertex 117.525 153.327 7.52
      vertex 117.47 153.373 7.64
      vertex 117.525 153.327 7.64
    endloop
  endfacet
  facet normal 0.641555 0.767077 0
    outer loop
      vertex 117.47 153.373 7.64
      vertex 117.525 153.327 7.52
      vertex 117.47 153.373 7.52
    endloop
  endfacet
  facet normal -0.915519 0.402274 0
    outer loop
      vertex 115.784 152.921 7.6
      vertex 115.813 152.987 7.64
      vertex 115.813 152.987 7.6
    endloop
  endfacet
  facet normal -0.915519 0.402274 0
    outer loop
      vertex 115.813 152.987 7.64
      vertex 115.784 152.921 7.6
      vertex 115.784 152.921 7.64
    endloop
  endfacet
  facet normal 0.361775 -0.932266 0
    outer loop
      vertex 117.154 151.458 7.42
      vertex 117.221 151.484 7.64
      vertex 117.154 151.458 7.64
    endloop
  endfacet
  facet normal 0.361775 -0.932266 0
    outer loop
      vertex 117.221 151.484 7.64
      vertex 117.154 151.458 7.42
      vertex 117.221 151.484 7.42
    endloop
  endfacet
  facet normal -0.402274 0.915519 0
    outer loop
      vertex 116.379 153.516 7.64
      vertex 116.313 153.487 7.42537
      vertex 116.313 153.487 7.64
    endloop
  endfacet
  facet normal -0.406138 0.913812 0
    outer loop
      vertex 116.343 153.5 7.42
      vertex 116.379 153.516 7.64
      vertex 116.379 153.516 7.42
    endloop
  endfacet
  facet normal -0.397851 0.917449 -0.00162062
    outer loop
      vertex 116.379 153.516 7.64
      vertex 116.343 153.5 7.42
      vertex 116.313 153.487 7.42537
    endloop
  endfacet
  facet normal 0.848779 0.528748 -0
    outer loop
      vertex 117.753 153.05 7.6
      vertex 117.715 153.111 7.64
      vertex 117.753 153.05 7.64
    endloop
  endfacet
  facet normal 0.848779 0.528748 0
    outer loop
      vertex 117.715 153.111 7.64
      vertex 117.753 153.05 7.6
      vertex 117.715 153.111 7.57555
    endloop
  endfacet
  facet normal 0.915519 0.402274 0
    outer loop
      vertex 117.816 152.921 7.64
      vertex 117.787 152.987 7.6
      vertex 117.787 152.987 7.64
    endloop
  endfacet
  facet normal 0.915519 0.402274 0
    outer loop
      vertex 117.787 152.987 7.6
      vertex 117.816 152.921 7.64
      vertex 117.816 152.921 7.6
    endloop
  endfacet
  facet normal -0.932266 -0.361775 0
    outer loop
      vertex 115.784 152.079 7.6
      vertex 115.758 152.146 7.64
      vertex 115.758 152.146 7.6
    endloop
  endfacet
  facet normal -0.932266 -0.361775 0
    outer loop
      vertex 115.758 152.146 7.64
      vertex 115.784 152.079 7.6
      vertex 115.784 152.079 7.64
    endloop
  endfacet
  facet normal 0.848779 -0.528748 0
    outer loop
      vertex 117.715 151.889 7.64
      vertex 117.753 151.95 7.6
      vertex 117.753 151.95 7.64
    endloop
  endfacet
  facet normal 0.848779 -0.528748 0
    outer loop
      vertex 117.753 151.95 7.6
      vertex 117.715 151.889 7.64
      vertex 117.715 151.889 7.6
    endloop
  endfacet
  facet normal 0.880022 0.474933 0
    outer loop
      vertex 117.787 152.987 7.64
      vertex 117.753 153.05 7.6
      vertex 117.753 153.05 7.64
    endloop
  endfacet
  facet normal 0.880022 0.474933 0
    outer loop
      vertex 117.753 153.05 7.6
      vertex 117.787 152.987 7.64
      vertex 117.787 152.987 7.6
    endloop
  endfacet
  facet normal -0.915519 -0.402274 0
    outer loop
      vertex 115.813 152.013 7.6
      vertex 115.784 152.079 7.64
      vertex 115.784 152.079 7.6
    endloop
  endfacet
  facet normal -0.915519 -0.402274 0
    outer loop
      vertex 115.784 152.079 7.64
      vertex 115.813 152.013 7.6
      vertex 115.813 152.013 7.64
    endloop
  endfacet
  facet normal 0.096766 -0.995307 0
    outer loop
      vertex 116.872 151.402 7.42
      vertex 116.944 151.409 7.64
      vertex 116.872 151.402 7.64
    endloop
  endfacet
  facet normal 0.096766 -0.995307 0
    outer loop
      vertex 116.944 151.409 7.64
      vertex 116.872 151.402 7.42
      vertex 116.944 151.409 7.42
    endloop
  endfacet
  facet normal 0.767077 0.641555 -0
    outer loop
      vertex 117.673 153.17 7.55214
      vertex 117.627 153.225 7.64
      vertex 117.673 153.17 7.64
    endloop
  endfacet
  facet normal 0.767077 0.641555 0
    outer loop
      vertex 117.627 153.225 7.64
      vertex 117.673 153.17 7.55214
      vertex 117.627 153.225 7.52989
    endloop
  endfacet
  facet normal 0.641555 -0.767077 0
    outer loop
      vertex 117.47 151.627 7.6
      vertex 117.525 151.673 7.64
      vertex 117.47 151.627 7.64
    endloop
  endfacet
  facet normal 0.641555 -0.767077 0
    outer loop
      vertex 117.525 151.673 7.64
      vertex 117.47 151.627 7.6
      vertex 117.525 151.673 7.6
    endloop
  endfacet
  facet normal -0.848779 0.528748 0
    outer loop
      vertex 115.847 153.05 7.6
      vertex 115.885 153.111 7.64
      vertex 115.885 153.111 7.57555
    endloop
  endfacet
  facet normal -0.848779 0.528748 0
    outer loop
      vertex 115.885 153.111 7.64
      vertex 115.847 153.05 7.6
      vertex 115.847 153.05 7.64
    endloop
  endfacet
  facet normal -0.361775 -0.932266 0
    outer loop
      vertex 116.379 151.484 7.42
      vertex 116.446 151.458 7.64
      vertex 116.379 151.484 7.64
    endloop
  endfacet
  facet normal -0.361775 -0.932266 -0
    outer loop
      vertex 116.446 151.458 7.64
      vertex 116.379 151.484 7.42
      vertex 116.446 151.458 7.42
    endloop
  endfacet
  facet normal 0.0277671 0.999614 -0
    outer loop
      vertex 116.872 153.598 7.42
      vertex 116.8 153.6 7.64
      vertex 116.872 153.598 7.64
    endloop
  endfacet
  facet normal 0.0277671 0.999614 0
    outer loop
      vertex 116.8 153.6 7.64
      vertex 116.872 153.598 7.42
      vertex 116.8 153.6 7.42
    endloop
  endfacet
  facet normal 0.678855 0.734272 -0
    outer loop
      vertex 117.578 153.278 7.52
      vertex 117.525 153.327 7.64
      vertex 117.578 153.278 7.64
    endloop
  endfacet
  facet normal 0.678855 0.734272 0
    outer loop
      vertex 117.525 153.327 7.64
      vertex 117.578 153.278 7.52
      vertex 117.525 153.327 7.52
    endloop
  endfacet
  facet normal -0.956674 0.291162 0
    outer loop
      vertex 115.737 152.785 7.6
      vertex 115.758 152.854 7.64
      vertex 115.758 152.854 7.6
    endloop
  endfacet
  facet normal -0.956674 0.291162 0
    outer loop
      vertex 115.758 152.854 7.64
      vertex 115.737 152.785 7.6
      vertex 115.737 152.785 7.64
    endloop
  endfacet
  facet normal 0.402274 0.915519 -0
    outer loop
      vertex 117.287 153.487 7.42537
      vertex 117.221 153.516 7.64
      vertex 117.287 153.487 7.64
    endloop
  endfacet
  facet normal 0.397851 0.917449 -0.00162062
    outer loop
      vertex 117.257 153.5 7.42
      vertex 117.221 153.516 7.64
      vertex 117.287 153.487 7.42537
    endloop
  endfacet
  facet normal 0.406138 0.913812 0
    outer loop
      vertex 117.221 153.516 7.64
      vertex 117.257 153.5 7.42
      vertex 117.221 153.516 7.42
    endloop
  endfacet
  facet normal 0.222825 0.974859 -0
    outer loop
      vertex 117.085 153.563 7.42
      vertex 117.015 153.579 7.64
      vertex 117.085 153.563 7.64
    endloop
  endfacet
  facet normal 0.222825 0.974859 0
    outer loop
      vertex 117.015 153.579 7.64
      vertex 117.085 153.563 7.42
      vertex 117.015 153.579 7.42
    endloop
  endfacet
  facet normal 0.528748 0.848779 -0
    outer loop
      vertex 117.411 153.415 7.52
      vertex 117.35 153.453 7.64
      vertex 117.411 153.415 7.64
    endloop
  endfacet
  facet normal 0.528748 0.848779 0
    outer loop
      vertex 117.35 153.453 7.64
      vertex 117.411 153.415 7.52
      vertex 117.35 153.453 7.52
    endloop
  endfacet
  facet normal -0.995307 -0.096766 0
    outer loop
      vertex 115.709 152.356 7.6
      vertex 115.702 152.428 7.64
      vertex 115.702 152.428 7.6
    endloop
  endfacet
  facet normal -0.995307 -0.096766 0
    outer loop
      vertex 115.702 152.428 7.64
      vertex 115.709 152.356 7.6
      vertex 115.709 152.356 7.64
    endloop
  endfacet
  facet normal 0 0 -1
    outer loop
      vertex 117.154 151.458 7.42
      vertex 117.257 151.5 7.42
      vertex 117.221 151.484 7.42
    endloop
  endfacet
  facet normal 0 0 -1
    outer loop
      vertex 117.085 151.437 7.42
      vertex 117.257 151.5 7.42
      vertex 117.154 151.458 7.42
    endloop
  endfacet
  facet normal 0 0 -1
    outer loop
      vertex 117.015 151.421 7.42
      vertex 117.257 151.5 7.42
      vertex 117.085 151.437 7.42
    endloop
  endfacet
  facet normal 0 0 -1
    outer loop
      vertex 116.944 151.409 7.42
      vertex 117.257 151.5 7.42
      vertex 117.015 151.421 7.42
    endloop
  endfacet
  facet normal 0 0 -1
    outer loop
      vertex 116.872 151.402 7.42
      vertex 117.257 151.5 7.42
      vertex 116.944 151.409 7.42
    endloop
  endfacet
  facet normal 0 0 -1
    outer loop
      vertex 116.8 151.4 7.42
      vertex 117.257 151.5 7.42
      vertex 116.872 151.402 7.42
    endloop
  endfacet
  facet normal 0 0 -1
    outer loop
      vertex 116.728 151.402 7.42
      vertex 117.257 151.5 7.42
      vertex 116.8 151.4 7.42
    endloop
  endfacet
  facet normal 0 0 -1
    outer loop
      vertex 116.656 151.409 7.42
      vertex 117.257 151.5 7.42
      vertex 116.728 151.402 7.42
    endloop
  endfacet
  facet normal 0 0 -1
    outer loop
      vertex 116.585 151.421 7.42
      vertex 117.257 151.5 7.42
      vertex 116.656 151.409 7.42
    endloop
  endfacet
  facet normal 0 0 -1
    outer loop
      vertex 116.515 151.437 7.42
      vertex 117.257 151.5 7.42
      vertex 116.585 151.421 7.42
    endloop
  endfacet
  facet normal 0 0 -1
    outer loop
      vertex 116.446 151.458 7.42
      vertex 117.257 151.5 7.42
      vertex 116.515 151.437 7.42
    endloop
  endfacet
  facet normal 0 0 -1
    outer loop
      vertex 116.343 151.5 7.42
      vertex 116.446 151.458 7.42
      vertex 116.379 151.484 7.42
    endloop
  endfacet
  facet normal 0 0 -1
    outer loop
      vertex 116.446 151.458 7.42
      vertex 116.343 151.5 7.42
      vertex 117.257 151.5 7.42
    endloop
  endfacet
  facet normal 0 0 -1
    outer loop
      vertex 117.257 153.5 7.42
      vertex 117.154 153.542 7.42
      vertex 117.221 153.516 7.42
    endloop
  endfacet
  facet normal 0 0 -1
    outer loop
      vertex 117.257 153.5 7.42
      vertex 117.085 153.563 7.42
      vertex 117.154 153.542 7.42
    endloop
  endfacet
  facet normal 0 0 -1
    outer loop
      vertex 117.257 153.5 7.42
      vertex 117.015 153.579 7.42
      vertex 117.085 153.563 7.42
    endloop
  endfacet
  facet normal 0 0 -1
    outer loop
      vertex 117.257 153.5 7.42
      vertex 116.944 153.591 7.42
      vertex 117.015 153.579 7.42
    endloop
  endfacet
  facet normal 0 0 -1
    outer loop
      vertex 117.257 153.5 7.42
      vertex 116.872 153.598 7.42
      vertex 116.944 153.591 7.42
    endloop
  endfacet
  facet normal 0 0 -1
    outer loop
      vertex 117.257 153.5 7.42
      vertex 116.8 153.6 7.42
      vertex 116.872 153.598 7.42
    endloop
  endfacet
  facet normal 0 0 -1
    outer loop
      vertex 117.257 153.5 7.42
      vertex 116.728 153.598 7.42
      vertex 116.8 153.6 7.42
    endloop
  endfacet
  facet normal 0 0 -1
    outer loop
      vertex 117.257 153.5 7.42
      vertex 116.656 153.591 7.42
      vertex 116.728 153.598 7.42
    endloop
  endfacet
  facet normal 0 0 -1
    outer loop
      vertex 117.257 153.5 7.42
      vertex 116.585 153.579 7.42
      vertex 116.656 153.591 7.42
    endloop
  endfacet
  facet normal 0 0 -1
    outer loop
      vertex 117.257 153.5 7.42
      vertex 116.515 153.563 7.42
      vertex 116.585 153.579 7.42
    endloop
  endfacet
  facet normal 0 0 -1
    outer loop
      vertex 117.257 153.5 7.42
      vertex 116.446 153.542 7.42
      vertex 116.515 153.563 7.42
    endloop
  endfacet
  facet normal 0 0 -1
    outer loop
      vertex 116.343 153.5 7.42
      vertex 116.446 153.542 7.42
      vertex 117.257 153.5 7.42
    endloop
  endfacet
  facet normal 0 0 -1
    outer loop
      vertex 116.446 153.542 7.42
      vertex 116.343 153.5 7.42
      vertex 116.379 153.516 7.42
    endloop
  endfacet
  facet normal 0.291162 0.956674 -0
    outer loop
      vertex 117.154 153.542 7.42
      vertex 117.085 153.563 7.64
      vertex 117.154 153.542 7.64
    endloop
  endfacet
  facet normal 0.291162 0.956674 0
    outer loop
      vertex 117.085 153.563 7.64
      vertex 117.154 153.542 7.42
      vertex 117.085 153.563 7.42
    endloop
  endfacet
  facet normal 0.40227 -0.915512 -0.00416142
    outer loop
      vertex 117.221 151.484 7.64
      vertex 117.257 151.5 7.6
      vertex 117.287 151.513 7.64
    endloop
  endfacet
  facet normal 0.406138 -0.913812 0
    outer loop
      vertex 117.221 151.484 7.42
      vertex 117.257 151.5 7.6
      vertex 117.221 151.484 7.64
    endloop
  endfacet
  facet normal 0.406138 -0.913812 0
    outer loop
      vertex 117.257 151.5 7.6
      vertex 117.221 151.484 7.42
      vertex 117.257 151.5 7.42
    endloop
  endfacet
  facet normal 0.397607 -0.917556 0
    outer loop
      vertex 117.287 151.513 7.64
      vertex 117.257 151.5 7.6
      vertex 117.287 151.513 7.6
    endloop
  endfacet
  facet normal 0.995307 -0.096766 0
    outer loop
      vertex 117.891 152.356 7.64
      vertex 117.898 152.428 7.6
      vertex 117.898 152.428 7.64
    endloop
  endfacet
  facet normal 0.995307 -0.096766 0
    outer loop
      vertex 117.898 152.428 7.6
      vertex 117.891 152.356 7.64
      vertex 117.891 152.356 7.6
    endloop
  endfacet
  facet normal -0.848779 -0.528748 0
    outer loop
      vertex 115.885 151.889 7.6
      vertex 115.847 151.95 7.64
      vertex 115.847 151.95 7.6
    endloop
  endfacet
  facet normal -0.848779 -0.528748 0
    outer loop
      vertex 115.847 151.95 7.64
      vertex 115.885 151.889 7.6
      vertex 115.885 151.889 7.64
    endloop
  endfacet
  facet normal 0.880022 -0.474933 0
    outer loop
      vertex 117.753 151.95 7.64
      vertex 117.787 152.013 7.6
      vertex 117.787 152.013 7.64
    endloop
  endfacet
  facet normal 0.880022 -0.474933 0
    outer loop
      vertex 117.787 152.013 7.6
      vertex 117.753 151.95 7.64
      vertex 117.753 151.95 7.6
    endloop
  endfacet
  facet normal 0 0 1
    outer loop
      vertex 117.898 152.572 7.64
      vertex 117.898 152.428 7.64
      vertex 117.9 152.5 7.64
    endloop
  endfacet
  facet normal 0 0 1
    outer loop
      vertex 117.891 152.644 7.64
      vertex 117.898 152.428 7.64
      vertex 117.898 152.572 7.64
    endloop
  endfacet
  facet normal 0 0 1
    outer loop
      vertex 117.891 152.644 7.64
      vertex 117.891 152.356 7.64
      vertex 117.898 152.428 7.64
    endloop
  endfacet
  facet normal 0 0 1
    outer loop
      vertex 117.879 152.715 7.64
      vertex 117.891 152.356 7.64
      vertex 117.891 152.644 7.64
    endloop
  endfacet
  facet normal 0 0 1
    outer loop
      vertex 117.879 152.715 7.64
      vertex 117.879 152.285 7.64
      vertex 117.891 152.356 7.64
    endloop
  endfacet
  facet normal 0 0 1
    outer loop
      vertex 117.863 152.785 7.64
      vertex 117.879 152.285 7.64
      vertex 117.879 152.715 7.64
    endloop
  endfacet
  facet normal 0 0 1
    outer loop
      vertex 117.863 152.785 7.64
      vertex 117.863 152.215 7.64
      vertex 117.879 152.285 7.64
    endloop
  endfacet
  facet normal 0 0 1
    outer loop
      vertex 117.842 152.854 7.64
      vertex 117.863 152.215 7.64
      vertex 117.863 152.785 7.64
    endloop
  endfacet
  facet normal 0 0 1
    outer loop
      vertex 117.842 152.854 7.64
      vertex 117.842 152.146 7.64
      vertex 117.863 152.215 7.64
    endloop
  endfacet
  facet normal 0 0 1
    outer loop
      vertex 117.816 152.921 7.64
      vertex 117.842 152.146 7.64
      vertex 117.842 152.854 7.64
    endloop
  endfacet
  facet normal 0 0 1
    outer loop
      vertex 117.816 152.921 7.64
      vertex 117.816 152.079 7.64
      vertex 117.842 152.146 7.64
    endloop
  endfacet
  facet normal 0 0 1
    outer loop
      vertex 117.787 152.987 7.64
      vertex 117.816 152.079 7.64
      vertex 117.816 152.921 7.64
    endloop
  endfacet
  facet normal 0 0 1
    outer loop
      vertex 117.787 152.987 7.64
      vertex 117.787 152.013 7.64
      vertex 117.816 152.079 7.64
    endloop
  endfacet
  facet normal 0 0 1
    outer loop
      vertex 117.753 153.05 7.64
      vertex 117.787 152.013 7.64
      vertex 117.787 152.987 7.64
    endloop
  endfacet
  facet normal 0 0 1
    outer loop
      vertex 117.753 153.05 7.64
      vertex 117.753 151.95 7.64
      vertex 117.787 152.013 7.64
    endloop
  endfacet
  facet normal 0 0 1
    outer loop
      vertex 117.715 153.111 7.64
      vertex 117.753 151.95 7.64
      vertex 117.753 153.05 7.64
    endloop
  endfacet
  facet normal 0 0 1
    outer loop
      vertex 117.715 153.111 7.64
      vertex 117.715 151.889 7.64
      vertex 117.753 151.95 7.64
    endloop
  endfacet
  facet normal 0 0 1
    outer loop
      vertex 117.673 153.17 7.64
      vertex 117.715 151.889 7.64
      vertex 117.715 153.111 7.64
    endloop
  endfacet
  facet normal 0 0 1
    outer loop
      vertex 117.673 153.17 7.64
      vertex 117.673 151.83 7.64
      vertex 117.715 151.889 7.64
    endloop
  endfacet
  facet normal 0 0 1
    outer loop
      vertex 117.627 153.225 7.64
      vertex 117.673 151.83 7.64
      vertex 117.673 153.17 7.64
    endloop
  endfacet
  facet normal 0 0 1
    outer loop
      vertex 117.627 153.225 7.64
      vertex 117.627 151.775 7.64
      vertex 117.673 151.83 7.64
    endloop
  endfacet
  facet normal 0 0 1
    outer loop
      vertex 117.578 153.278 7.64
      vertex 117.627 151.775 7.64
      vertex 117.627 153.225 7.64
    endloop
  endfacet
  facet normal 0 0 1
    outer loop
      vertex 117.578 153.278 7.64
      vertex 117.578 151.722 7.64
      vertex 117.627 151.775 7.64
    endloop
  endfacet
  facet normal 0 0 1
    outer loop
      vertex 117.525 153.327 7.64
      vertex 117.578 151.722 7.64
      vertex 117.578 153.278 7.64
    endloop
  endfacet
  facet normal 0 0 1
    outer loop
      vertex 117.525 153.327 7.64
      vertex 117.525 151.673 7.64
      vertex 117.578 151.722 7.64
    endloop
  endfacet
  facet normal 0 0 1
    outer loop
      vertex 117.47 153.373 7.64
      vertex 117.525 151.673 7.64
      vertex 117.525 153.327 7.64
    endloop
  endfacet
  facet normal 0 0 1
    outer loop
      vertex 117.47 153.373 7.64
      vertex 117.47 151.627 7.64
      vertex 117.525 151.673 7.64
    endloop
  endfacet
  facet normal 0 0 1
    outer loop
      vertex 117.411 153.415 7.64
      vertex 117.47 151.627 7.64
      vertex 117.47 153.373 7.64
    endloop
  endfacet
  facet normal 0 0 1
    outer loop
      vertex 117.411 153.415 7.64
      vertex 117.411 151.585 7.64
      vertex 117.47 151.627 7.64
    endloop
  endfacet
  facet normal 0 0 1
    outer loop
      vertex 117.35 153.453 7.64
      vertex 117.411 151.585 7.64
      vertex 117.411 153.415 7.64
    endloop
  endfacet
  facet normal 0 0 1
    outer loop
      vertex 117.35 153.453 7.64
      vertex 117.35 151.547 7.64
      vertex 117.411 151.585 7.64
    endloop
  endfacet
  facet normal 0 0 1
    outer loop
      vertex 117.287 153.487 7.64
      vertex 117.35 151.547 7.64
      vertex 117.35 153.453 7.64
    endloop
  endfacet
  facet normal 0 0 1
    outer loop
      vertex 117.287 153.487 7.64
      vertex 117.287 151.513 7.64
      vertex 117.35 151.547 7.64
    endloop
  endfacet
  facet normal 0 0 1
    outer loop
      vertex 117.221 153.516 7.64
      vertex 117.287 151.513 7.64
      vertex 117.287 153.487 7.64
    endloop
  endfacet
  facet normal 0 0 1
    outer loop
      vertex 117.221 153.516 7.64
      vertex 117.221 151.484 7.64
      vertex 117.287 151.513 7.64
    endloop
  endfacet
  facet normal 0 0 1
    outer loop
      vertex 117.154 153.542 7.64
      vertex 117.221 151.484 7.64
      vertex 117.221 153.516 7.64
    endloop
  endfacet
  facet normal 0 0 1
    outer loop
      vertex 117.154 153.542 7.64
      vertex 117.154 151.458 7.64
      vertex 117.221 151.484 7.64
    endloop
  endfacet
  facet normal 0 0 1
    outer loop
      vertex 117.085 153.563 7.64
      vertex 117.154 151.458 7.64
      vertex 117.154 153.542 7.64
    endloop
  endfacet
  facet normal 0 0 1
    outer loop
      vertex 117.085 153.563 7.64
      vertex 117.085 151.437 7.64
      vertex 117.154 151.458 7.64
    endloop
  endfacet
  facet normal 0 0 1
    outer loop
      vertex 117.015 153.579 7.64
      vertex 117.085 151.437 7.64
      vertex 117.085 153.563 7.64
    endloop
  endfacet
  facet normal 0 0 1
    outer loop
      vertex 117.015 153.579 7.64
      vertex 117.015 151.421 7.64
      vertex 117.085 151.437 7.64
    endloop
  endfacet
  facet normal 0 0 1
    outer loop
      vertex 116.944 153.591 7.64
      vertex 117.015 151.421 7.64
      vertex 117.015 153.579 7.64
    endloop
  endfacet
  facet normal 0 0 1
    outer loop
      vertex 116.944 153.591 7.64
      vertex 116.944 151.409 7.64
      vertex 117.015 151.421 7.64
    endloop
  endfacet
  facet normal 0 0 1
    outer loop
      vertex 116.872 153.598 7.64
      vertex 116.944 151.409 7.64
      vertex 116.944 153.591 7.64
    endloop
  endfacet
  facet normal 0 0 1
    outer loop
      vertex 116.872 153.598 7.64
      vertex 116.872 151.402 7.64
      vertex 116.944 151.409 7.64
    endloop
  endfacet
  facet normal 0 0 1
    outer loop
      vertex 116.8 153.6 7.64
      vertex 116.872 151.402 7.64
      vertex 116.872 153.598 7.64
    endloop
  endfacet
  facet normal 0 0 1
    outer loop
      vertex 116.8 153.6 7.64
      vertex 116.8 151.4 7.64
      vertex 116.872 151.402 7.64
    endloop
  endfacet
  facet normal -0 0 1
    outer loop
      vertex 116.728 153.598 7.64
      vertex 116.8 151.4 7.64
      vertex 116.8 153.6 7.64
    endloop
  endfacet
  facet normal 0 0 1
    outer loop
      vertex 116.728 153.598 7.64
      vertex 116.728 151.402 7.64
      vertex 116.8 151.4 7.64
    endloop
  endfacet
  facet normal -0 0 1
    outer loop
      vertex 116.656 153.591 7.64
      vertex 116.728 151.402 7.64
      vertex 116.728 153.598 7.64
    endloop
  endfacet
  facet normal 0 0 1
    outer loop
      vertex 116.656 153.591 7.64
      vertex 116.656 151.409 7.64
      vertex 116.728 151.402 7.64
    endloop
  endfacet
  facet normal -0 0 1
    outer loop
      vertex 116.585 153.579 7.64
      vertex 116.656 151.409 7.64
      vertex 116.656 153.591 7.64
    endloop
  endfacet
  facet normal 0 0 1
    outer loop
      vertex 116.585 153.579 7.64
      vertex 116.585 151.421 7.64
      vertex 116.656 151.409 7.64
    endloop
  endfacet
  facet normal -0 0 1
    outer loop
      vertex 116.515 153.563 7.64
      vertex 116.585 151.421 7.64
      vertex 116.585 153.579 7.64
    endloop
  endfacet
  facet normal 0 0 1
    outer loop
      vertex 116.515 153.563 7.64
      vertex 116.515 151.437 7.64
      vertex 116.585 151.421 7.64
    endloop
  endfacet
  facet normal -0 0 1
    outer loop
      vertex 116.446 153.542 7.64
      vertex 116.515 151.437 7.64
      vertex 116.515 153.563 7.64
    endloop
  endfacet
  facet normal 0 0 1
    outer loop
      vertex 116.446 153.542 7.64
      vertex 116.446 151.458 7.64
      vertex 116.515 151.437 7.64
    endloop
  endfacet
  facet normal -0 0 1
    outer loop
      vertex 116.379 153.516 7.64
      vertex 116.446 151.458 7.64
      vertex 116.446 153.542 7.64
    endloop
  endfacet
  facet normal 0 0 1
    outer loop
      vertex 116.379 153.516 7.64
      vertex 116.379 151.484 7.64
      vertex 116.446 151.458 7.64
    endloop
  endfacet
  facet normal -0 0 1
    outer loop
      vertex 116.313 153.487 7.64
      vertex 116.379 151.484 7.64
      vertex 116.379 153.516 7.64
    endloop
  endfacet
  facet normal 0 0 1
    outer loop
      vertex 116.313 153.487 7.64
      vertex 116.313 151.513 7.64
      vertex 116.379 151.484 7.64
    endloop
  endfacet
  facet normal -0 0 1
    outer loop
      vertex 116.25 153.453 7.64
      vertex 116.313 151.513 7.64
      vertex 116.313 153.487 7.64
    endloop
  endfacet
  facet normal 0 0 1
    outer loop
      vertex 116.25 153.453 7.64
      vertex 116.25 151.547 7.64
      vertex 116.313 151.513 7.64
    endloop
  endfacet
  facet normal -0 0 1
    outer loop
      vertex 116.189 153.415 7.64
      vertex 116.25 151.547 7.64
      vertex 116.25 153.453 7.64
    endloop
  endfacet
  facet normal 0 0 1
    outer loop
      vertex 116.189 153.415 7.64
      vertex 116.189 151.585 7.64
      vertex 116.25 151.547 7.64
    endloop
  endfacet
  facet normal -0 0 1
    outer loop
      vertex 116.13 153.373 7.64
      vertex 116.189 151.585 7.64
      vertex 116.189 153.415 7.64
    endloop
  endfacet
  facet normal 0 0 1
    outer loop
      vertex 116.13 153.373 7.64
      vertex 116.13 151.627 7.64
      vertex 116.189 151.585 7.64
    endloop
  endfacet
  facet normal -0 0 1
    outer loop
      vertex 116.075 153.327 7.64
      vertex 116.13 151.627 7.64
      vertex 116.13 153.373 7.64
    endloop
  endfacet
  facet normal 0 0 1
    outer loop
      vertex 116.075 153.327 7.64
      vertex 116.075 151.673 7.64
      vertex 116.13 151.627 7.64
    endloop
  endfacet
  facet normal -0 0 1
    outer loop
      vertex 116.022 153.278 7.64
      vertex 116.075 151.673 7.64
      vertex 116.075 153.327 7.64
    endloop
  endfacet
  facet normal 0 0 1
    outer loop
      vertex 116.022 153.278 7.64
      vertex 116.022 151.722 7.64
      vertex 116.075 151.673 7.64
    endloop
  endfacet
  facet normal -0 0 1
    outer loop
      vertex 115.973 153.225 7.64
      vertex 116.022 151.722 7.64
      vertex 116.022 153.278 7.64
    endloop
  endfacet
  facet normal 0 0 1
    outer loop
      vertex 115.973 153.225 7.64
      vertex 115.973 151.775 7.64
      vertex 116.022 151.722 7.64
    endloop
  endfacet
  facet normal -0 0 1
    outer loop
      vertex 115.927 153.17 7.64
      vertex 115.973 151.775 7.64
      vertex 115.973 153.225 7.64
    endloop
  endfacet
  facet normal 0 0 1
    outer loop
      vertex 115.927 153.17 7.64
      vertex 115.927 151.83 7.64
      vertex 115.973 151.775 7.64
    endloop
  endfacet
  facet normal -0 0 1
    outer loop
      vertex 115.885 153.111 7.64
      vertex 115.927 151.83 7.64
      vertex 115.927 153.17 7.64
    endloop
  endfacet
  facet normal 0 0 1
    outer loop
      vertex 115.885 153.111 7.64
      vertex 115.885 151.889 7.64
      vertex 115.927 151.83 7.64
    endloop
  endfacet
  facet normal -0 0 1
    outer loop
      vertex 115.847 153.05 7.64
      vertex 115.885 151.889 7.64
      vertex 115.885 153.111 7.64
    endloop
  endfacet
  facet normal 0 0 1
    outer loop
      vertex 115.847 153.05 7.64
      vertex 115.847 151.95 7.64
      vertex 115.885 151.889 7.64
    endloop
  endfacet
  facet normal -0 0 1
    outer loop
      vertex 115.813 152.987 7.64
      vertex 115.847 151.95 7.64
      vertex 115.847 153.05 7.64
    endloop
  endfacet
  facet normal 0 0 1
    outer loop
      vertex 115.813 152.987 7.64
      vertex 115.813 152.013 7.64
      vertex 115.847 151.95 7.64
    endloop
  endfacet
  facet normal -0 0 1
    outer loop
      vertex 115.784 152.921 7.64
      vertex 115.813 152.013 7.64
      vertex 115.813 152.987 7.64
    endloop
  endfacet
  facet normal 0 0 1
    outer loop
      vertex 115.784 152.921 7.64
      vertex 115.784 152.079 7.64
      vertex 115.813 152.013 7.64
    endloop
  endfacet
  facet normal -0 0 1
    outer loop
      vertex 115.758 152.854 7.64
      vertex 115.784 152.079 7.64
      vertex 115.784 152.921 7.64
    endloop
  endfacet
  facet normal 0 0 1
    outer loop
      vertex 115.758 152.854 7.64
      vertex 115.758 152.146 7.64
      vertex 115.784 152.079 7.64
    endloop
  endfacet
  facet normal -0 0 1
    outer loop
      vertex 115.737 152.785 7.64
      vertex 115.758 152.146 7.64
      vertex 115.758 152.854 7.64
    endloop
  endfacet
  facet normal 0 0 1
    outer loop
      vertex 115.737 152.785 7.64
      vertex 115.737 152.215 7.64
      vertex 115.758 152.146 7.64
    endloop
  endfacet
  facet normal -0 0 1
    outer loop
      vertex 115.721 152.715 7.64
      vertex 115.737 152.215 7.64
      vertex 115.737 152.785 7.64
    endloop
  endfacet
  facet normal 0 0 1
    outer loop
      vertex 115.721 152.715 7.64
      vertex 115.721 152.285 7.64
      vertex 115.737 152.215 7.64
    endloop
  endfacet
  facet normal -0 0 1
    outer loop
      vertex 115.709 152.644 7.64
      vertex 115.721 152.285 7.64
      vertex 115.721 152.715 7.64
    endloop
  endfacet
  facet normal 0 0 1
    outer loop
      vertex 115.709 152.644 7.64
      vertex 115.709 152.356 7.64
      vertex 115.721 152.285 7.64
    endloop
  endfacet
  facet normal -0 0 1
    outer loop
      vertex 115.702 152.572 7.64
      vertex 115.709 152.356 7.64
      vertex 115.709 152.644 7.64
    endloop
  endfacet
  facet normal 0 0 1
    outer loop
      vertex 115.702 152.572 7.64
      vertex 115.702 152.428 7.64
      vertex 115.709 152.356 7.64
    endloop
  endfacet
  facet normal 0 -0 1
    outer loop
      vertex 115.702 152.428 7.64
      vertex 115.702 152.572 7.64
      vertex 115.7 152.5 7.64
    endloop
  endfacet
  facet normal -0.166651 0.986016 0
    outer loop
      vertex 116.656 153.591 7.42
      vertex 116.585 153.579 7.64
      vertex 116.656 153.591 7.64
    endloop
  endfacet
  facet normal -0.166651 0.986016 0
    outer loop
      vertex 116.585 153.579 7.64
      vertex 116.656 153.591 7.42
      vertex 116.585 153.579 7.42
    endloop
  endfacet
  facet normal -0.974859 -0.222825 0
    outer loop
      vertex 115.737 152.215 7.6
      vertex 115.721 152.285 7.64
      vertex 115.721 152.285 7.6
    endloop
  endfacet
  facet normal -0.974859 -0.222825 0
    outer loop
      vertex 115.721 152.285 7.64
      vertex 115.737 152.215 7.6
      vertex 115.737 152.215 7.64
    endloop
  endfacet
  facet normal -0.474933 -0.880022 0
    outer loop
      vertex 116.25 151.547 7.6
      vertex 116.313 151.513 7.64
      vertex 116.25 151.547 7.64
    endloop
  endfacet
  facet normal -0.474933 -0.880022 -0
    outer loop
      vertex 116.313 151.513 7.64
      vertex 116.25 151.547 7.6
      vertex 116.313 151.513 7.6
    endloop
  endfacet
  facet normal 0.974859 0.222825 0
    outer loop
      vertex 117.879 152.715 7.64
      vertex 117.863 152.785 7.6
      vertex 117.863 152.785 7.64
    endloop
  endfacet
  facet normal 0.974859 0.222825 0
    outer loop
      vertex 117.863 152.785 7.6
      vertex 117.879 152.715 7.64
      vertex 117.879 152.715 7.6
    endloop
  endfacet
  facet normal -0.0277671 -0.999614 0
    outer loop
      vertex 116.728 151.402 7.42
      vertex 116.8 151.4 7.64
      vertex 116.728 151.402 7.64
    endloop
  endfacet
  facet normal -0.0277671 -0.999614 -0
    outer loop
      vertex 116.8 151.4 7.64
      vertex 116.728 151.402 7.42
      vertex 116.8 151.4 7.42
    endloop
  endfacet
  facet normal 0.932266 0.361775 0
    outer loop
      vertex 117.842 152.854 7.64
      vertex 117.816 152.921 7.6
      vertex 117.816 152.921 7.64
    endloop
  endfacet
  facet normal 0.932266 0.361775 0
    outer loop
      vertex 117.816 152.921 7.6
      vertex 117.842 152.854 7.64
      vertex 117.842 152.854 7.6
    endloop
  endfacet
  facet normal 0.986016 0.166651 0
    outer loop
      vertex 117.891 152.644 7.64
      vertex 117.879 152.715 7.6
      vertex 117.879 152.715 7.64
    endloop
  endfacet
  facet normal 0.986016 0.166651 0
    outer loop
      vertex 117.879 152.715 7.6
      vertex 117.891 152.644 7.64
      vertex 117.891 152.644 7.6
    endloop
  endfacet
  facet normal -0.880022 -0.474933 0
    outer loop
      vertex 115.847 151.95 7.6
      vertex 115.813 152.013 7.64
      vertex 115.813 152.013 7.6
    endloop
  endfacet
  facet normal -0.880022 -0.474933 0
    outer loop
      vertex 115.813 152.013 7.64
      vertex 115.847 151.95 7.6
      vertex 115.847 151.95 7.64
    endloop
  endfacet
  facet normal -0.986016 -0.166651 0
    outer loop
      vertex 115.721 152.285 7.6
      vertex 115.709 152.356 7.64
      vertex 115.709 152.356 7.6
    endloop
  endfacet
  facet normal -0.986016 -0.166651 0
    outer loop
      vertex 115.709 152.356 7.64
      vertex 115.721 152.285 7.6
      vertex 115.721 152.285 7.64
    endloop
  endfacet
  facet normal -0.361775 0.932266 0
    outer loop
      vertex 116.446 153.542 7.42
      vertex 116.379 153.516 7.64
      vertex 116.446 153.542 7.64
    endloop
  endfacet
  facet normal -0.361775 0.932266 0
    outer loop
      vertex 116.379 153.516 7.64
      vertex 116.446 153.542 7.42
      vertex 116.379 153.516 7.42
    endloop
  endfacet
  facet normal -0.814665 -0.579931 0
    outer loop
      vertex 115.927 151.83 7.6
      vertex 115.885 151.889 7.64
      vertex 115.885 151.889 7.6
    endloop
  endfacet
  facet normal -0.814665 -0.579931 0
    outer loop
      vertex 115.885 151.889 7.64
      vertex 115.927 151.83 7.6
      vertex 115.927 151.83 7.64
    endloop
  endfacet
  facet normal -0.995307 0.096766 0
    outer loop
      vertex 115.702 152.572 7.6
      vertex 115.709 152.644 7.64
      vertex 115.709 152.644 7.6
    endloop
  endfacet
  facet normal -0.995307 0.096766 0
    outer loop
      vertex 115.709 152.644 7.64
      vertex 115.702 152.572 7.6
      vertex 115.702 152.572 7.64
    endloop
  endfacet
  facet normal -0.291162 -0.956674 0
    outer loop
      vertex 116.446 151.458 7.42
      vertex 116.515 151.437 7.64
      vertex 116.446 151.458 7.64
    endloop
  endfacet
  facet normal -0.291162 -0.956674 -0
    outer loop
      vertex 116.515 151.437 7.64
      vertex 116.446 151.458 7.42
      vertex 116.515 151.437 7.42
    endloop
  endfacet
  facet normal 0.814665 -0.579931 0
    outer loop
      vertex 117.673 151.83 7.64
      vertex 117.715 151.889 7.6
      vertex 117.715 151.889 7.64
    endloop
  endfacet
  facet normal 0.814665 -0.579931 0
    outer loop
      vertex 117.715 151.889 7.6
      vertex 117.673 151.83 7.64
      vertex 117.673 151.83 7.6
    endloop
  endfacet
  facet normal -0.528748 -0.848779 0
    outer loop
      vertex 116.189 151.585 7.6
      vertex 116.25 151.547 7.64
      vertex 116.189 151.585 7.64
    endloop
  endfacet
  facet normal -0.528748 -0.848779 -0
    outer loop
      vertex 116.25 151.547 7.64
      vertex 116.189 151.585 7.6
      vertex 116.25 151.547 7.6
    endloop
  endfacet
  facet normal 0.734272 -0.678855 0
    outer loop
      vertex 117.578 151.722 7.64
      vertex 117.627 151.775 7.6
      vertex 117.627 151.775 7.64
    endloop
  endfacet
  facet normal 0.734272 -0.678855 0
    outer loop
      vertex 117.627 151.775 7.6
      vertex 117.578 151.722 7.64
      vertex 117.578 151.722 7.6
    endloop
  endfacet
  facet normal -0.932266 0.361775 0
    outer loop
      vertex 115.758 152.854 7.6
      vertex 115.784 152.921 7.64
      vertex 115.784 152.921 7.6
    endloop
  endfacet
  facet normal -0.932266 0.361775 0
    outer loop
      vertex 115.784 152.921 7.64
      vertex 115.758 152.854 7.6
      vertex 115.758 152.854 7.64
    endloop
  endfacet
  facet normal -0.166651 -0.986016 0
    outer loop
      vertex 116.585 151.421 7.42
      vertex 116.656 151.409 7.64
      vertex 116.585 151.421 7.64
    endloop
  endfacet
  facet normal -0.166651 -0.986016 -0
    outer loop
      vertex 116.656 151.409 7.64
      vertex 116.585 151.421 7.42
      vertex 116.656 151.409 7.42
    endloop
  endfacet
  facet normal 0.474933 -0.880022 0
    outer loop
      vertex 117.287 151.513 7.6
      vertex 117.35 151.547 7.64
      vertex 117.287 151.513 7.64
    endloop
  endfacet
  facet normal 0.474933 -0.880022 0
    outer loop
      vertex 117.35 151.547 7.64
      vertex 117.287 151.513 7.6
      vertex 117.35 151.547 7.6
    endloop
  endfacet
  facet normal 0.986016 -0.166651 0
    outer loop
      vertex 117.879 152.285 7.64
      vertex 117.891 152.356 7.6
      vertex 117.891 152.356 7.64
    endloop
  endfacet
  facet normal 0.986016 -0.166651 0
    outer loop
      vertex 117.891 152.356 7.6
      vertex 117.879 152.285 7.64
      vertex 117.879 152.285 7.6
    endloop
  endfacet
  facet normal -0.767077 0.641555 0
    outer loop
      vertex 115.927 153.17 7.55214
      vertex 115.973 153.225 7.64
      vertex 115.973 153.225 7.52989
    endloop
  endfacet
  facet normal -0.767077 0.641555 0
    outer loop
      vertex 115.973 153.225 7.64
      vertex 115.927 153.17 7.55214
      vertex 115.927 153.17 7.64
    endloop
  endfacet
  facet normal -0.986016 0.166651 0
    outer loop
      vertex 115.709 152.644 7.6
      vertex 115.721 152.715 7.64
      vertex 115.721 152.715 7.6
    endloop
  endfacet
  facet normal -0.986016 0.166651 0
    outer loop
      vertex 115.721 152.715 7.64
      vertex 115.709 152.644 7.6
      vertex 115.709 152.644 7.64
    endloop
  endfacet
  facet normal -0.999614 0.0277671 0
    outer loop
      vertex 115.7 152.5 7.6
      vertex 115.702 152.572 7.64
      vertex 115.702 152.572 7.6
    endloop
  endfacet
  facet normal -0.999614 0.0277671 0
    outer loop
      vertex 115.702 152.572 7.64
      vertex 115.7 152.5 7.6
      vertex 115.7 152.5 7.64
    endloop
  endfacet
  facet normal -0.999614 -0.0277671 0
    outer loop
      vertex 115.702 152.428 7.6
      vertex 115.7 152.5 7.64
      vertex 115.7 152.5 7.6
    endloop
  endfacet
  facet normal -0.999614 -0.0277671 0
    outer loop
      vertex 115.7 152.5 7.64
      vertex 115.702 152.428 7.6
      vertex 115.702 152.428 7.64
    endloop
  endfacet
  facet normal -0.528748 0.848779 0
    outer loop
      vertex 116.25 153.453 7.52
      vertex 116.189 153.415 7.64
      vertex 116.25 153.453 7.64
    endloop
  endfacet
  facet normal -0.528748 0.848779 0
    outer loop
      vertex 116.189 153.415 7.64
      vertex 116.25 153.453 7.52
      vertex 116.189 153.415 7.52
    endloop
  endfacet
  facet normal -0.222825 -0.974859 0
    outer loop
      vertex 116.515 151.437 7.42
      vertex 116.585 151.421 7.64
      vertex 116.515 151.437 7.64
    endloop
  endfacet
  facet normal -0.222825 -0.974859 -0
    outer loop
      vertex 116.585 151.421 7.64
      vertex 116.515 151.437 7.42
      vertex 116.585 151.421 7.42
    endloop
  endfacet
  facet normal -0.397607 -0.917556 0
    outer loop
      vertex 116.343 151.5 7.6
      vertex 116.313 151.513 7.64
      vertex 116.313 151.513 7.6
    endloop
  endfacet
  facet normal -0.40227 -0.915512 -0.00416142
    outer loop
      vertex 116.313 151.513 7.64
      vertex 116.343 151.5 7.6
      vertex 116.379 151.484 7.64
    endloop
  endfacet
  facet normal -0.406138 -0.913812 0
    outer loop
      vertex 116.379 151.484 7.42
      vertex 116.343 151.5 7.6
      vertex 116.343 151.5 7.42
    endloop
  endfacet
  facet normal -0.406138 -0.913812 0
    outer loop
      vertex 116.343 151.5 7.6
      vertex 116.379 151.484 7.42
      vertex 116.379 151.484 7.64
    endloop
  endfacet
  facet normal 0.935741 0.352687 0
    outer loop
      vertex 193.982 122.219 0
      vertex 193.809 122.678 -0.28
      vertex 193.809 122.678 0
    endloop
  endfacet
  facet normal 0.935741 0.352687 0
    outer loop
      vertex 193.809 122.678 -0.28
      vertex 193.982 122.219 0
      vertex 193.982 122.219 -0.28
    endloop
  endfacet
  facet normal -0.911272 -0.411805 0
    outer loop
      vertex 180.153 116.491 -0.28
      vertex 179.951 116.938 0
      vertex 179.951 116.938 -0.28
    endloop
  endfacet
  facet normal -0.911272 -0.411805 0
    outer loop
      vertex 179.951 116.938 0
      vertex 180.153 116.491 -0.28
      vertex 180.153 116.491 0
    endloop
  endfacet
  facet normal 0.995197 0.0978883 0
    outer loop
      vertex 194.364 120.299 0
      vertex 194.316 120.787 -0.28
      vertex 194.316 120.787 0
    endloop
  endfacet
  facet normal 0.995197 0.0978883 0
    outer loop
      vertex 194.316 120.787 -0.28
      vertex 194.364 120.299 0
      vertex 194.364 120.299 -0.28
    endloop
  endfacet
  facet normal 0.999469 0.0325693 0
    outer loop
      vertex 194.38 119.808 0
      vertex 194.364 120.299 -0.28
      vertex 194.364 120.299 0
    endloop
  endfacet
  facet normal 0.999469 0.0325693 0
    outer loop
      vertex 194.364 120.299 -0.28
      vertex 194.38 119.808 0
      vertex 194.38 119.808 -0.28
    endloop
  endfacet
  facet normal 0.986613 0.163077 0
    outer loop
      vertex 194.316 120.787 0
      vertex 194.236 121.271 -0.28
      vertex 194.236 121.271 0
    endloop
  endfacet
  facet normal 0.986613 0.163077 0
    outer loop
      vertex 194.236 121.271 -0.28
      vertex 194.316 120.787 0
      vertex 194.316 120.787 -0.28
    endloop
  endfacet
  facet normal 0.97363 0.228131 0
    outer loop
      vertex 194.236 121.271 0
      vertex 194.124 121.749 -0.28
      vertex 194.124 121.749 0
    endloop
  endfacet
  facet normal 0.97363 0.228131 0
    outer loop
      vertex 194.124 121.749 -0.28
      vertex 194.236 121.271 0
      vertex 194.236 121.271 -0.28
    endloop
  endfacet
  facet normal 0.773048 -0.634348 0
    outer loop
      vertex 192.519 114.863 0
      vertex 192.83 115.242 -0.28
      vertex 192.83 115.242 0
    endloop
  endfacet
  facet normal 0.773048 -0.634348 0
    outer loop
      vertex 192.83 115.242 -0.28
      vertex 192.519 114.863 0
      vertex 192.519 114.863 -0.28
    endloop
  endfacet
  facet normal 0.849483 -0.527616 0
    outer loop
      vertex 193.116 115.641 0
      vertex 193.375 116.058 -0.28
      vertex 193.375 116.058 0
    endloop
  endfacet
  facet normal 0.849483 -0.527616 0
    outer loop
      vertex 193.375 116.058 -0.28
      vertex 193.116 115.641 0
      vertex 193.116 115.641 -0.28
    endloop
  endfacet
  facet normal 0.352687 0.935741 -0
    outer loop
      vertex 189.75 126.737 -0.28
      vertex 189.291 126.91 0
      vertex 189.75 126.737 0
    endloop
  endfacet
  facet normal 0.352687 0.935741 0
    outer loop
      vertex 189.291 126.91 0
      vertex 189.75 126.737 -0.28
      vertex 189.291 126.91 -0.28
    endloop
  endfacet
  facet normal 0.911272 0.411805 0
    outer loop
      vertex 193.809 122.678 0
      vertex 193.607 123.125 -0.28
      vertex 193.607 123.125 0
    endloop
  endfacet
  facet normal 0.911272 0.411805 0
    outer loop
      vertex 193.607 123.125 -0.28
      vertex 193.809 122.678 0
      vertex 193.809 122.678 -0.28
    endloop
  endfacet
  facet normal 0.88145 -0.472278 0
    outer loop
      vertex 193.375 116.058 0
      vertex 193.607 116.491 -0.28
      vertex 193.607 116.491 0
    endloop
  endfacet
  facet normal 0.88145 -0.472278 0
    outer loop
      vertex 193.607 116.491 -0.28
      vertex 193.375 116.058 0
      vertex 193.375 116.058 -0.28
    endloop
  endfacet
  facet normal 0.527616 0.849483 -0
    outer loop
      vertex 191.047 126.044 -0.28
      vertex 190.63 126.303 0
      vertex 191.047 126.044 0
    endloop
  endfacet
  facet normal 0.527616 0.849483 0
    outer loop
      vertex 190.63 126.303 0
      vertex 191.047 126.044 -0.28
      vertex 190.63 126.303 -0.28
    endloop
  endfacet
  facet normal 0.289216 0.957264 -0
    outer loop
      vertex 189.291 126.91 -0.28
      vertex 188.821 127.052 0
      vertex 189.291 126.91 0
    endloop
  endfacet
  facet normal 0.289216 0.957264 0
    outer loop
      vertex 188.821 127.052 0
      vertex 189.291 126.91 -0.28
      vertex 188.821 127.052 -0.28
    endloop
  endfacet
  facet normal -0.527616 -0.849483 0
    outer loop
      vertex 182.713 113.572 -0.28
      vertex 183.13 113.313 0
      vertex 182.713 113.572 0
    endloop
  endfacet
  facet normal -0.527616 -0.849483 -0
    outer loop
      vertex 183.13 113.313 0
      vertex 182.713 113.572 -0.28
      vertex 183.13 113.313 -0.28
    endloop
  endfacet
  facet normal 0.472278 -0.88145 0
    outer loop
      vertex 190.197 113.081 -0.28
      vertex 190.63 113.313 0
      vertex 190.197 113.081 0
    endloop
  endfacet
  facet normal 0.472278 -0.88145 0
    outer loop
      vertex 190.63 113.313 0
      vertex 190.197 113.081 -0.28
      vertex 190.63 113.313 -0.28
    endloop
  endfacet
  facet normal -0.472278 -0.88145 0
    outer loop
      vertex 183.13 113.313 -0.28
      vertex 183.563 113.081 0
      vertex 183.13 113.313 0
    endloop
  endfacet
  facet normal -0.472278 -0.88145 -0
    outer loop
      vertex 183.563 113.081 0
      vertex 183.13 113.313 -0.28
      vertex 183.563 113.081 -0.28
    endloop
  endfacet
  facet normal -0.957264 -0.289216 0
    outer loop
      vertex 179.778 117.397 -0.28
      vertex 179.636 117.867 0
      vertex 179.636 117.867 -0.28
    endloop
  endfacet
  facet normal -0.957264 -0.289216 0
    outer loop
      vertex 179.636 117.867 0
      vertex 179.778 117.397 -0.28
      vertex 179.778 117.397 0
    endloop
  endfacet
  facet normal 0.163077 0.986613 -0
    outer loop
      vertex 188.343 127.164 -0.28
      vertex 187.859 127.244 0
      vertex 188.343 127.164 0
    endloop
  endfacet
  facet normal 0.163077 0.986613 0
    outer loop
      vertex 187.859 127.244 0
      vertex 188.343 127.164 -0.28
      vertex 187.859 127.244 -0.28
    endloop
  endfacet
  facet normal -0.0978883 -0.995197 0
    outer loop
      vertex 185.901 112.372 -0.28
      vertex 186.389 112.324 0
      vertex 185.901 112.372 0
    endloop
  endfacet
  facet normal -0.0978883 -0.995197 -0
    outer loop
      vertex 186.389 112.324 0
      vertex 185.901 112.372 -0.28
      vertex 186.389 112.324 -0.28
    endloop
  endfacet
  facet normal -0.986613 -0.163077 0
    outer loop
      vertex 179.524 118.345 -0.28
      vertex 179.444 118.829 0
      vertex 179.444 118.829 -0.28
    endloop
  endfacet
  facet normal -0.986613 -0.163077 0
    outer loop
      vertex 179.444 118.829 0
      vertex 179.524 118.345 -0.28
      vertex 179.524 118.345 0
    endloop
  endfacet
  facet normal 0.352687 -0.935741 0
    outer loop
      vertex 189.291 112.706 -0.28
      vertex 189.75 112.879 0
      vertex 189.291 112.706 0
    endloop
  endfacet
  facet normal 0.352687 -0.935741 0
    outer loop
      vertex 189.75 112.879 0
      vertex 189.291 112.706 -0.28
      vertex 189.75 112.879 -0.28
    endloop
  endfacet
  facet normal -0.812769 -0.582586 0
    outer loop
      vertex 180.93 115.242 -0.28
      vertex 180.644 115.641 0
      vertex 180.644 115.641 -0.28
    endloop
  endfacet
  facet normal -0.812769 -0.582586 0
    outer loop
      vertex 180.644 115.641 0
      vertex 180.93 115.242 -0.28
      vertex 180.93 115.242 0
    endloop
  endfacet
  facet normal -0.999469 -0.0325693 0
    outer loop
      vertex 179.396 119.317 -0.28
      vertex 179.38 119.808 0
      vertex 179.38 119.808 -0.28
    endloop
  endfacet
  facet normal -0.999469 -0.0325693 0
    outer loop
      vertex 179.38 119.808 0
      vertex 179.396 119.317 -0.28
      vertex 179.396 119.317 0
    endloop
  endfacet
  facet normal -0.995197 0.0978883 0
    outer loop
      vertex 179.396 120.299 -0.28
      vertex 179.444 120.787 0
      vertex 179.444 120.787 -0.28
    endloop
  endfacet
  facet normal -0.995197 0.0978883 0
    outer loop
      vertex 179.444 120.787 0
      vertex 179.396 120.299 -0.28
      vertex 179.396 120.299 0
    endloop
  endfacet
  facet normal 0.684348 -0.729156 0
    outer loop
      vertex 191.825 114.169 -0.28
      vertex 192.183 114.505 0
      vertex 191.825 114.169 0
    endloop
  endfacet
  facet normal 0.684348 -0.729156 0
    outer loop
      vertex 192.183 114.505 0
      vertex 191.825 114.169 -0.28
      vertex 192.183 114.505 -0.28
    endloop
  endfacet
  facet normal -0.352687 0.935741 0
    outer loop
      vertex 184.469 126.91 -0.28
      vertex 184.01 126.737 0
      vertex 184.469 126.91 0
    endloop
  endfacet
  facet normal -0.352687 0.935741 0
    outer loop
      vertex 184.01 126.737 0
      vertex 184.469 126.91 -0.28
      vertex 184.01 126.737 -0.28
    endloop
  endfacet
  facet normal -0.0978883 0.995197 0
    outer loop
      vertex 186.389 127.292 -0.28
      vertex 185.901 127.244 0
      vertex 186.389 127.292 0
    endloop
  endfacet
  facet normal -0.0978883 0.995197 0
    outer loop
      vertex 185.901 127.244 0
      vertex 186.389 127.292 -0.28
      vertex 185.901 127.244 -0.28
    endloop
  endfacet
  facet normal 0.999469 -0.0325693 0
    outer loop
      vertex 194.364 119.317 0
      vertex 194.38 119.808 -0.28
      vertex 194.38 119.808 0
    endloop
  endfacet
  facet normal 0.999469 -0.0325693 0
    outer loop
      vertex 194.38 119.808 -0.28
      vertex 194.364 119.317 0
      vertex 194.364 119.317 -0.28
    endloop
  endfacet
  facet normal -0.97363 0.228131 0
    outer loop
      vertex 179.524 121.271 -0.28
      vertex 179.636 121.749 0
      vertex 179.636 121.749 -0.28
    endloop
  endfacet
  facet normal -0.97363 0.228131 0
    outer loop
      vertex 179.636 121.749 0
      vertex 179.524 121.271 -0.28
      vertex 179.524 121.271 0
    endloop
  endfacet
  facet normal -0.935741 -0.352687 0
    outer loop
      vertex 179.951 116.938 -0.28
      vertex 179.778 117.397 0
      vertex 179.778 117.397 -0.28
    endloop
  endfacet
  facet normal -0.935741 -0.352687 0
    outer loop
      vertex 179.778 117.397 0
      vertex 179.951 116.938 -0.28
      vertex 179.951 116.938 0
    endloop
  endfacet
  facet normal -0.773048 -0.634348 0
    outer loop
      vertex 181.241 114.863 -0.28
      vertex 180.93 115.242 0
      vertex 180.93 115.242 -0.28
    endloop
  endfacet
  facet normal -0.773048 -0.634348 0
    outer loop
      vertex 180.93 115.242 0
      vertex 181.241 114.863 -0.28
      vertex 181.241 114.863 0
    endloop
  endfacet
  facet normal -0.684348 0.729156 0
    outer loop
      vertex 181.935 125.447 -0.28
      vertex 181.577 125.111 0
      vertex 181.935 125.447 0
    endloop
  endfacet
  facet normal -0.684348 0.729156 0
    outer loop
      vertex 181.577 125.111 0
      vertex 181.935 125.447 -0.28
      vertex 181.577 125.111 -0.28
    endloop
  endfacet
  facet normal -0.289216 0.957264 0
    outer loop
      vertex 184.939 127.052 -0.28
      vertex 184.469 126.91 0
      vertex 184.939 127.052 0
    endloop
  endfacet
  facet normal -0.289216 0.957264 0
    outer loop
      vertex 184.469 126.91 0
      vertex 184.939 127.052 -0.28
      vertex 184.469 126.91 -0.28
    endloop
  endfacet
  facet normal -0.88145 0.472278 0
    outer loop
      vertex 180.153 123.125 -0.28
      vertex 180.385 123.558 0
      vertex 180.385 123.558 -0.28
    endloop
  endfacet
  facet normal -0.88145 0.472278 0
    outer loop
      vertex 180.385 123.558 0
      vertex 180.153 123.125 -0.28
      vertex 180.153 123.125 0
    endloop
  endfacet
  facet normal 0.163077 -0.986613 0
    outer loop
      vertex 187.859 112.372 -0.28
      vertex 188.343 112.452 0
      vertex 187.859 112.372 0
    endloop
  endfacet
  facet normal 0.163077 -0.986613 0
    outer loop
      vertex 188.343 112.452 0
      vertex 187.859 112.372 -0.28
      vertex 188.343 112.452 -0.28
    endloop
  endfacet
  facet normal -0.0325693 0.999469 0
    outer loop
      vertex 186.88 127.308 -0.28
      vertex 186.389 127.292 0
      vertex 186.88 127.308 0
    endloop
  endfacet
  facet normal -0.0325693 0.999469 0
    outer loop
      vertex 186.389 127.292 0
      vertex 186.88 127.308 -0.28
      vertex 186.389 127.292 -0.28
    endloop
  endfacet
  facet normal -0.582586 -0.812769 0
    outer loop
      vertex 182.314 113.858 -0.28
      vertex 182.713 113.572 0
      vertex 182.314 113.858 0
    endloop
  endfacet
  facet normal -0.582586 -0.812769 -0
    outer loop
      vertex 182.713 113.572 0
      vertex 182.314 113.858 -0.28
      vertex 182.713 113.572 -0.28
    endloop
  endfacet
  facet normal 0.0978883 0.995197 -0
    outer loop
      vertex 187.859 127.244 -0.28
      vertex 187.371 127.292 0
      vertex 187.859 127.244 0
    endloop
  endfacet
  facet normal 0.0978883 0.995197 0
    outer loop
      vertex 187.371 127.292 0
      vertex 187.859 127.244 -0.28
      vertex 187.371 127.292 -0.28
    endloop
  endfacet
  facet normal -0.88145 -0.472278 0
    outer loop
      vertex 180.385 116.058 -0.28
      vertex 180.153 116.491 0
      vertex 180.153 116.491 -0.28
    endloop
  endfacet
  facet normal -0.88145 -0.472278 0
    outer loop
      vertex 180.153 116.491 0
      vertex 180.385 116.058 -0.28
      vertex 180.385 116.058 0
    endloop
  endfacet
  facet normal 0.228131 -0.97363 0
    outer loop
      vertex 188.343 112.452 -0.28
      vertex 188.821 112.564 0
      vertex 188.343 112.452 0
    endloop
  endfacet
  facet normal 0.228131 -0.97363 0
    outer loop
      vertex 188.821 112.564 0
      vertex 188.343 112.452 -0.28
      vertex 188.821 112.564 -0.28
    endloop
  endfacet
  facet normal 0.995197 -0.0978883 0
    outer loop
      vertex 194.316 118.829 0
      vertex 194.364 119.317 -0.28
      vertex 194.364 119.317 0
    endloop
  endfacet
  facet normal 0.995197 -0.0978883 0
    outer loop
      vertex 194.364 119.317 -0.28
      vertex 194.316 118.829 0
      vertex 194.316 118.829 -0.28
    endloop
  endfacet
  facet normal 0.849483 0.527616 0
    outer loop
      vertex 193.375 123.558 0
      vertex 193.116 123.975 -0.28
      vertex 193.116 123.975 0
    endloop
  endfacet
  facet normal 0.849483 0.527616 0
    outer loop
      vertex 193.116 123.975 -0.28
      vertex 193.375 123.558 0
      vertex 193.375 123.558 -0.28
    endloop
  endfacet
  facet normal -0.911272 0.411805 0
    outer loop
      vertex 179.951 122.678 -0.28
      vertex 180.153 123.125 0
      vertex 180.153 123.125 -0.28
    endloop
  endfacet
  facet normal -0.911272 0.411805 0
    outer loop
      vertex 180.153 123.125 0
      vertex 179.951 122.678 -0.28
      vertex 179.951 122.678 0
    endloop
  endfacet
  facet normal -0.97363 -0.228131 0
    outer loop
      vertex 179.636 117.867 -0.28
      vertex 179.524 118.345 0
      vertex 179.524 118.345 -0.28
    endloop
  endfacet
  facet normal -0.97363 -0.228131 0
    outer loop
      vertex 179.524 118.345 0
      vertex 179.636 117.867 -0.28
      vertex 179.636 117.867 0
    endloop
  endfacet
  facet normal -0.0325693 -0.999469 0
    outer loop
      vertex 186.389 112.324 -0.28
      vertex 186.88 112.308 0
      vertex 186.389 112.324 0
    endloop
  endfacet
  facet normal -0.0325693 -0.999469 -0
    outer loop
      vertex 186.88 112.308 0
      vertex 186.389 112.324 -0.28
      vertex 186.88 112.308 -0.28
    endloop
  endfacet
  facet normal 0.88145 0.472278 0
    outer loop
      vertex 193.607 123.125 0
      vertex 193.375 123.558 -0.28
      vertex 193.375 123.558 0
    endloop
  endfacet
  facet normal 0.88145 0.472278 0
    outer loop
      vertex 193.375 123.558 -0.28
      vertex 193.607 123.125 0
      vertex 193.607 123.125 -0.28
    endloop
  endfacet
  facet normal 0.729156 -0.684348 0
    outer loop
      vertex 192.183 114.505 0
      vertex 192.519 114.863 -0.28
      vertex 192.519 114.863 0
    endloop
  endfacet
  facet normal 0.729156 -0.684348 0
    outer loop
      vertex 192.519 114.863 -0.28
      vertex 192.183 114.505 0
      vertex 192.183 114.505 -0.28
    endloop
  endfacet
  facet normal 0.289216 -0.957264 0
    outer loop
      vertex 188.821 112.564 -0.28
      vertex 189.291 112.706 0
      vertex 188.821 112.564 0
    endloop
  endfacet
  facet normal 0.289216 -0.957264 0
    outer loop
      vertex 189.291 112.706 0
      vertex 188.821 112.564 -0.28
      vertex 189.291 112.706 -0.28
    endloop
  endfacet
  facet normal 0 0 -1
    outer loop
      vertex 194.364 119.317 -0.28
      vertex 194.364 120.299 -0.28
      vertex 194.38 119.808 -0.28
    endloop
  endfacet
  facet normal 0 0 -1
    outer loop
      vertex 194.316 118.829 -0.28
      vertex 194.364 120.299 -0.28
      vertex 194.364 119.317 -0.28
    endloop
  endfacet
  facet normal 0 0 -1
    outer loop
      vertex 194.316 118.829 -0.28
      vertex 194.316 120.787 -0.28
      vertex 194.364 120.299 -0.28
    endloop
  endfacet
  facet normal 0 0 -1
    outer loop
      vertex 194.236 118.345 -0.28
      vertex 194.316 120.787 -0.28
      vertex 194.316 118.829 -0.28
    endloop
  endfacet
  facet normal 0 0 -1
    outer loop
      vertex 194.236 118.345 -0.28
      vertex 194.236 121.271 -0.28
      vertex 194.316 120.787 -0.28
    endloop
  endfacet
  facet normal 0 0 -1
    outer loop
      vertex 194.124 117.867 -0.28
      vertex 194.236 121.271 -0.28
      vertex 194.236 118.345 -0.28
    endloop
  endfacet
  facet normal 0 0 -1
    outer loop
      vertex 194.124 117.867 -0.28
      vertex 194.124 121.749 -0.28
      vertex 194.236 121.271 -0.28
    endloop
  endfacet
  facet normal 0 0 -1
    outer loop
      vertex 193.982 117.397 -0.28
      vertex 194.124 121.749 -0.28
      vertex 194.124 117.867 -0.28
    endloop
  endfacet
  facet normal 0 0 -1
    outer loop
      vertex 193.982 117.397 -0.28
      vertex 193.982 122.219 -0.28
      vertex 194.124 121.749 -0.28
    endloop
  endfacet
  facet normal 0 0 -1
    outer loop
      vertex 193.809 116.938 -0.28
      vertex 193.982 122.219 -0.28
      vertex 193.982 117.397 -0.28
    endloop
  endfacet
  facet normal 0 0 -1
    outer loop
      vertex 193.809 116.938 -0.28
      vertex 193.809 122.678 -0.28
      vertex 193.982 122.219 -0.28
    endloop
  endfacet
  facet normal 0 0 -1
    outer loop
      vertex 193.607 116.491 -0.28
      vertex 193.809 122.678 -0.28
      vertex 193.809 116.938 -0.28
    endloop
  endfacet
  facet normal 0 0 -1
    outer loop
      vertex 193.607 116.491 -0.28
      vertex 193.607 123.125 -0.28
      vertex 193.809 122.678 -0.28
    endloop
  endfacet
  facet normal 0 0 -1
    outer loop
      vertex 193.375 116.058 -0.28
      vertex 193.607 123.125 -0.28
      vertex 193.607 116.491 -0.28
    endloop
  endfacet
  facet normal 0 0 -1
    outer loop
      vertex 193.375 116.058 -0.28
      vertex 193.375 123.558 -0.28
      vertex 193.607 123.125 -0.28
    endloop
  endfacet
  facet normal 0 0 -1
    outer loop
      vertex 193.116 115.641 -0.28
      vertex 193.375 123.558 -0.28
      vertex 193.375 116.058 -0.28
    endloop
  endfacet
  facet normal 0 0 -1
    outer loop
      vertex 193.116 115.641 -0.28
      vertex 193.116 123.975 -0.28
      vertex 193.375 123.558 -0.28
    endloop
  endfacet
  facet normal 0 0 -1
    outer loop
      vertex 192.83 115.242 -0.28
      vertex 193.116 123.975 -0.28
      vertex 193.116 115.641 -0.28
    endloop
  endfacet
  facet normal 0 0 -1
    outer loop
      vertex 192.83 115.242 -0.28
      vertex 192.83 124.374 -0.28
      vertex 193.116 123.975 -0.28
    endloop
  endfacet
  facet normal 0 0 -1
    outer loop
      vertex 192.519 114.863 -0.28
      vertex 192.83 124.374 -0.28
      vertex 192.83 115.242 -0.28
    endloop
  endfacet
  facet normal 0 0 -1
    outer loop
      vertex 192.519 114.863 -0.28
      vertex 192.519 124.753 -0.28
      vertex 192.83 124.374 -0.28
    endloop
  endfacet
  facet normal 0 0 -1
    outer loop
      vertex 192.183 114.505 -0.28
      vertex 192.519 124.753 -0.28
      vertex 192.519 114.863 -0.28
    endloop
  endfacet
  facet normal 0 0 -1
    outer loop
      vertex 192.183 114.505 -0.28
      vertex 192.183 125.111 -0.28
      vertex 192.519 124.753 -0.28
    endloop
  endfacet
  facet normal 0 0 -1
    outer loop
      vertex 191.825 114.169 -0.28
      vertex 192.183 125.111 -0.28
      vertex 192.183 114.505 -0.28
    endloop
  endfacet
  facet normal 0 0 -1
    outer loop
      vertex 191.825 114.169 -0.28
      vertex 191.825 125.447 -0.28
      vertex 192.183 125.111 -0.28
    endloop
  endfacet
  facet normal 0 0 -1
    outer loop
      vertex 191.446 113.858 -0.28
      vertex 191.825 125.447 -0.28
      vertex 191.825 114.169 -0.28
    endloop
  endfacet
  facet normal 0 0 -1
    outer loop
      vertex 191.446 113.858 -0.28
      vertex 191.446 125.758 -0.28
      vertex 191.825 125.447 -0.28
    endloop
  endfacet
  facet normal 0 0 -1
    outer loop
      vertex 191.047 113.572 -0.28
      vertex 191.446 125.758 -0.28
      vertex 191.446 113.858 -0.28
    endloop
  endfacet
  facet normal 0 0 -1
    outer loop
      vertex 191.047 113.572 -0.28
      vertex 191.047 126.044 -0.28
      vertex 191.446 125.758 -0.28
    endloop
  endfacet
  facet normal 0 0 -1
    outer loop
      vertex 190.63 113.313 -0.28
      vertex 191.047 126.044 -0.28
      vertex 191.047 113.572 -0.28
    endloop
  endfacet
  facet normal 0 0 -1
    outer loop
      vertex 190.63 113.313 -0.28
      vertex 190.63 126.303 -0.28
      vertex 191.047 126.044 -0.28
    endloop
  endfacet
  facet normal 0 0 -1
    outer loop
      vertex 190.197 113.081 -0.28
      vertex 190.63 126.303 -0.28
      vertex 190.63 113.313 -0.28
    endloop
  endfacet
  facet normal 0 0 -1
    outer loop
      vertex 190.197 113.081 -0.28
      vertex 190.197 126.535 -0.28
      vertex 190.63 126.303 -0.28
    endloop
  endfacet
  facet normal 0 0 -1
    outer loop
      vertex 189.75 112.879 -0.28
      vertex 190.197 126.535 -0.28
      vertex 190.197 113.081 -0.28
    endloop
  endfacet
  facet normal 0 0 -1
    outer loop
      vertex 189.75 112.879 -0.28
      vertex 189.75 126.737 -0.28
      vertex 190.197 126.535 -0.28
    endloop
  endfacet
  facet normal 0 0 -1
    outer loop
      vertex 189.291 112.706 -0.28
      vertex 189.75 126.737 -0.28
      vertex 189.75 112.879 -0.28
    endloop
  endfacet
  facet normal 0 0 -1
    outer loop
      vertex 189.291 112.706 -0.28
      vertex 189.291 126.91 -0.28
      vertex 189.75 126.737 -0.28
    endloop
  endfacet
  facet normal 0 0 -1
    outer loop
      vertex 188.821 112.564 -0.28
      vertex 189.291 126.91 -0.28
      vertex 189.291 112.706 -0.28
    endloop
  endfacet
  facet normal 0 0 -1
    outer loop
      vertex 188.821 112.564 -0.28
      vertex 188.821 127.052 -0.28
      vertex 189.291 126.91 -0.28
    endloop
  endfacet
  facet normal 0 0 -1
    outer loop
      vertex 188.343 112.452 -0.28
      vertex 188.821 127.052 -0.28
      vertex 188.821 112.564 -0.28
    endloop
  endfacet
  facet normal 0 0 -1
    outer loop
      vertex 188.343 112.452 -0.28
      vertex 188.343 127.164 -0.28
      vertex 188.821 127.052 -0.28
    endloop
  endfacet
  facet normal 0 0 -1
    outer loop
      vertex 187.859 112.372 -0.28
      vertex 188.343 127.164 -0.28
      vertex 188.343 112.452 -0.28
    endloop
  endfacet
  facet normal 0 0 -1
    outer loop
      vertex 187.859 112.372 -0.28
      vertex 187.859 127.244 -0.28
      vertex 188.343 127.164 -0.28
    endloop
  endfacet
  facet normal 0 0 -1
    outer loop
      vertex 187.371 112.324 -0.28
      vertex 187.859 127.244 -0.28
      vertex 187.859 112.372 -0.28
    endloop
  endfacet
  facet normal 0 0 -1
    outer loop
      vertex 187.371 112.324 -0.28
      vertex 187.371 127.292 -0.28
      vertex 187.859 127.244 -0.28
    endloop
  endfacet
  facet normal 0 0 -1
    outer loop
      vertex 186.88 112.308 -0.28
      vertex 187.371 127.292 -0.28
      vertex 187.371 112.324 -0.28
    endloop
  endfacet
  facet normal 0 0 -1
    outer loop
      vertex 186.88 112.308 -0.28
      vertex 186.88 127.308 -0.28
      vertex 187.371 127.292 -0.28
    endloop
  endfacet
  facet normal 0 0 -1
    outer loop
      vertex 186.389 112.324 -0.28
      vertex 186.88 127.308 -0.28
      vertex 186.88 112.308 -0.28
    endloop
  endfacet
  facet normal 0 0 -1
    outer loop
      vertex 186.389 112.324 -0.28
      vertex 186.389 127.292 -0.28
      vertex 186.88 127.308 -0.28
    endloop
  endfacet
  facet normal 0 0 -1
    outer loop
      vertex 185.901 112.372 -0.28
      vertex 186.389 127.292 -0.28
      vertex 186.389 112.324 -0.28
    endloop
  endfacet
  facet normal 0 0 -1
    outer loop
      vertex 185.901 112.372 -0.28
      vertex 185.901 127.244 -0.28
      vertex 186.389 127.292 -0.28
    endloop
  endfacet
  facet normal 0 0 -1
    outer loop
      vertex 185.417 112.452 -0.28
      vertex 185.901 127.244 -0.28
      vertex 185.901 112.372 -0.28
    endloop
  endfacet
  facet normal 0 0 -1
    outer loop
      vertex 185.417 112.452 -0.28
      vertex 185.417 127.164 -0.28
      vertex 185.901 127.244 -0.28
    endloop
  endfacet
  facet normal 0 0 -1
    outer loop
      vertex 184.939 112.564 -0.28
      vertex 185.417 127.164 -0.28
      vertex 185.417 112.452 -0.28
    endloop
  endfacet
  facet normal 0 0 -1
    outer loop
      vertex 184.939 112.564 -0.28
      vertex 184.939 127.052 -0.28
      vertex 185.417 127.164 -0.28
    endloop
  endfacet
  facet normal 0 0 -1
    outer loop
      vertex 184.469 112.706 -0.28
      vertex 184.939 127.052 -0.28
      vertex 184.939 112.564 -0.28
    endloop
  endfacet
  facet normal 0 0 -1
    outer loop
      vertex 184.469 112.706 -0.28
      vertex 184.469 126.91 -0.28
      vertex 184.939 127.052 -0.28
    endloop
  endfacet
  facet normal 0 0 -1
    outer loop
      vertex 184.01 112.879 -0.28
      vertex 184.469 126.91 -0.28
      vertex 184.469 112.706 -0.28
    endloop
  endfacet
  facet normal 0 0 -1
    outer loop
      vertex 184.01 112.879 -0.28
      vertex 184.01 126.737 -0.28
      vertex 184.469 126.91 -0.28
    endloop
  endfacet
  facet normal 0 0 -1
    outer loop
      vertex 183.563 113.081 -0.28
      vertex 184.01 126.737 -0.28
      vertex 184.01 112.879 -0.28
    endloop
  endfacet
  facet normal 0 0 -1
    outer loop
      vertex 183.563 113.081 -0.28
      vertex 183.563 126.535 -0.28
      vertex 184.01 126.737 -0.28
    endloop
  endfacet
  facet normal 0 0 -1
    outer loop
      vertex 183.13 113.313 -0.28
      vertex 183.563 126.535 -0.28
      vertex 183.563 113.081 -0.28
    endloop
  endfacet
  facet normal 0 0 -1
    outer loop
      vertex 183.13 113.313 -0.28
      vertex 183.13 126.303 -0.28
      vertex 183.563 126.535 -0.28
    endloop
  endfacet
  facet normal 0 0 -1
    outer loop
      vertex 182.713 113.572 -0.28
      vertex 183.13 126.303 -0.28
      vertex 183.13 113.313 -0.28
    endloop
  endfacet
  facet normal 0 0 -1
    outer loop
      vertex 182.713 113.572 -0.28
      vertex 182.713 126.044 -0.28
      vertex 183.13 126.303 -0.28
    endloop
  endfacet
  facet normal 0 0 -1
    outer loop
      vertex 182.314 113.858 -0.28
      vertex 182.713 126.044 -0.28
      vertex 182.713 113.572 -0.28
    endloop
  endfacet
  facet normal 0 0 -1
    outer loop
      vertex 182.314 113.858 -0.28
      vertex 182.314 125.758 -0.28
      vertex 182.713 126.044 -0.28
    endloop
  endfacet
  facet normal 0 0 -1
    outer loop
      vertex 181.935 114.169 -0.28
      vertex 182.314 125.758 -0.28
      vertex 182.314 113.858 -0.28
    endloop
  endfacet
  facet normal 0 0 -1
    outer loop
      vertex 181.935 114.169 -0.28
      vertex 181.935 125.447 -0.28
      vertex 182.314 125.758 -0.28
    endloop
  endfacet
  facet normal 0 0 -1
    outer loop
      vertex 181.577 114.505 -0.28
      vertex 181.935 125.447 -0.28
      vertex 181.935 114.169 -0.28
    endloop
  endfacet
  facet normal 0 0 -1
    outer loop
      vertex 181.577 114.505 -0.28
      vertex 181.577 125.111 -0.28
      vertex 181.935 125.447 -0.28
    endloop
  endfacet
  facet normal 0 0 -1
    outer loop
      vertex 181.241 114.863 -0.28
      vertex 181.577 125.111 -0.28
      vertex 181.577 114.505 -0.28
    endloop
  endfacet
  facet normal 0 0 -1
    outer loop
      vertex 181.241 114.863 -0.28
      vertex 181.241 124.753 -0.28
      vertex 181.577 125.111 -0.28
    endloop
  endfacet
  facet normal 0 0 -1
    outer loop
      vertex 180.93 115.242 -0.28
      vertex 181.241 124.753 -0.28
      vertex 181.241 114.863 -0.28
    endloop
  endfacet
  facet normal 0 0 -1
    outer loop
      vertex 180.93 115.242 -0.28
      vertex 180.93 124.374 -0.28
      vertex 181.241 124.753 -0.28
    endloop
  endfacet
  facet normal 0 0 -1
    outer loop
      vertex 180.644 115.641 -0.28
      vertex 180.93 124.374 -0.28
      vertex 180.93 115.242 -0.28
    endloop
  endfacet
  facet normal 0 0 -1
    outer loop
      vertex 180.644 115.641 -0.28
      vertex 180.644 123.975 -0.28
      vertex 180.93 124.374 -0.28
    endloop
  endfacet
  facet normal 0 0 -1
    outer loop
      vertex 180.385 116.058 -0.28
      vertex 180.644 123.975 -0.28
      vertex 180.644 115.641 -0.28
    endloop
  endfacet
  facet normal 0 0 -1
    outer loop
      vertex 180.385 116.058 -0.28
      vertex 180.385 123.558 -0.28
      vertex 180.644 123.975 -0.28
    endloop
  endfacet
  facet normal 0 0 -1
    outer loop
      vertex 180.153 116.491 -0.28
      vertex 180.385 123.558 -0.28
      vertex 180.385 116.058 -0.28
    endloop
  endfacet
  facet normal 0 0 -1
    outer loop
      vertex 180.153 116.491 -0.28
      vertex 180.153 123.125 -0.28
      vertex 180.385 123.558 -0.28
    endloop
  endfacet
  facet normal 0 0 -1
    outer loop
      vertex 179.951 116.938 -0.28
      vertex 180.153 123.125 -0.28
      vertex 180.153 116.491 -0.28
    endloop
  endfacet
  facet normal 0 0 -1
    outer loop
      vertex 179.951 116.938 -0.28
      vertex 179.951 122.678 -0.28
      vertex 180.153 123.125 -0.28
    endloop
  endfacet
  facet normal 0 0 -1
    outer loop
      vertex 179.778 117.397 -0.28
      vertex 179.951 122.678 -0.28
      vertex 179.951 116.938 -0.28
    endloop
  endfacet
  facet normal 0 0 -1
    outer loop
      vertex 179.778 117.397 -0.28
      vertex 179.778 122.219 -0.28
      vertex 179.951 122.678 -0.28
    endloop
  endfacet
  facet normal 0 0 -1
    outer loop
      vertex 179.636 117.867 -0.28
      vertex 179.778 122.219 -0.28
      vertex 179.778 117.397 -0.28
    endloop
  endfacet
  facet normal 0 0 -1
    outer loop
      vertex 179.636 117.867 -0.28
      vertex 179.636 121.749 -0.28
      vertex 179.778 122.219 -0.28
    endloop
  endfacet
  facet normal 0 0 -1
    outer loop
      vertex 179.524 118.345 -0.28
      vertex 179.636 121.749 -0.28
      vertex 179.636 117.867 -0.28
    endloop
  endfacet
  facet normal 0 0 -1
    outer loop
      vertex 179.524 118.345 -0.28
      vertex 179.524 121.271 -0.28
      vertex 179.636 121.749 -0.28
    endloop
  endfacet
  facet normal 0 0 -1
    outer loop
      vertex 179.444 118.829 -0.28
      vertex 179.524 121.271 -0.28
      vertex 179.524 118.345 -0.28
    endloop
  endfacet
  facet normal 0 0 -1
    outer loop
      vertex 179.444 118.829 -0.28
      vertex 179.444 120.787 -0.28
      vertex 179.524 121.271 -0.28
    endloop
  endfacet
  facet normal 0 0 -1
    outer loop
      vertex 179.396 119.317 -0.28
      vertex 179.444 120.787 -0.28
      vertex 179.444 118.829 -0.28
    endloop
  endfacet
  facet normal 0 0 -1
    outer loop
      vertex 179.396 119.317 -0.28
      vertex 179.396 120.299 -0.28
      vertex 179.444 120.787 -0.28
    endloop
  endfacet
  facet normal 0 -0 -1
    outer loop
      vertex 179.396 120.299 -0.28
      vertex 179.396 119.317 -0.28
      vertex 179.38 119.808 -0.28
    endloop
  endfacet
  facet normal 0.411805 0.911272 -0
    outer loop
      vertex 190.197 126.535 -0.28
      vertex 189.75 126.737 0
      vertex 190.197 126.535 0
    endloop
  endfacet
  facet normal 0.411805 0.911272 0
    outer loop
      vertex 189.75 126.737 0
      vertex 190.197 126.535 -0.28
      vertex 189.75 126.737 -0.28
    endloop
  endfacet
  facet normal -0.163077 0.986613 0
    outer loop
      vertex 185.901 127.244 -0.28
      vertex 185.417 127.164 0
      vertex 185.901 127.244 0
    endloop
  endfacet
  facet normal -0.163077 0.986613 0
    outer loop
      vertex 185.417 127.164 0
      vertex 185.901 127.244 -0.28
      vertex 185.417 127.164 -0.28
    endloop
  endfacet
  facet normal 0.812769 0.582586 0
    outer loop
      vertex 193.116 123.975 0
      vertex 192.83 124.374 -0.28
      vertex 192.83 124.374 0
    endloop
  endfacet
  facet normal 0.812769 0.582586 0
    outer loop
      vertex 192.83 124.374 -0.28
      vertex 193.116 123.975 0
      vertex 193.116 123.975 -0.28
    endloop
  endfacet
  facet normal 0.0325693 -0.999469 0
    outer loop
      vertex 186.88 112.308 -0.28
      vertex 187.371 112.324 0
      vertex 186.88 112.308 0
    endloop
  endfacet
  facet normal 0.0325693 -0.999469 0
    outer loop
      vertex 187.371 112.324 0
      vertex 186.88 112.308 -0.28
      vertex 187.371 112.324 -0.28
    endloop
  endfacet
  facet normal 0.0978883 -0.995197 0
    outer loop
      vertex 187.371 112.324 -0.28
      vertex 187.859 112.372 0
      vertex 187.371 112.324 0
    endloop
  endfacet
  facet normal 0.0978883 -0.995197 0
    outer loop
      vertex 187.859 112.372 0
      vertex 187.371 112.324 -0.28
      vertex 187.859 112.372 -0.28
    endloop
  endfacet
  facet normal 0.986613 -0.163077 0
    outer loop
      vertex 194.236 118.345 0
      vertex 194.316 118.829 -0.28
      vertex 194.316 118.829 0
    endloop
  endfacet
  facet normal 0.986613 -0.163077 0
    outer loop
      vertex 194.316 118.829 -0.28
      vertex 194.236 118.345 0
      vertex 194.236 118.345 -0.28
    endloop
  endfacet
  facet normal 0.812769 -0.582586 0
    outer loop
      vertex 192.83 115.242 0
      vertex 193.116 115.641 -0.28
      vertex 193.116 115.641 0
    endloop
  endfacet
  facet normal 0.812769 -0.582586 0
    outer loop
      vertex 193.116 115.641 -0.28
      vertex 192.83 115.242 0
      vertex 192.83 115.242 -0.28
    endloop
  endfacet
  facet normal -0.411805 -0.911272 0
    outer loop
      vertex 183.563 113.081 -0.28
      vertex 184.01 112.879 0
      vertex 183.563 113.081 0
    endloop
  endfacet
  facet normal -0.411805 -0.911272 -0
    outer loop
      vertex 184.01 112.879 0
      vertex 183.563 113.081 -0.28
      vertex 184.01 112.879 -0.28
    endloop
  endfacet
  facet normal -0.228131 0.97363 0
    outer loop
      vertex 185.417 127.164 -0.28
      vertex 184.939 127.052 0
      vertex 185.417 127.164 0
    endloop
  endfacet
  facet normal -0.228131 0.97363 0
    outer loop
      vertex 184.939 127.052 0
      vertex 185.417 127.164 -0.28
      vertex 184.939 127.052 -0.28
    endloop
  endfacet
  facet normal 0.411805 -0.911272 0
    outer loop
      vertex 189.75 112.879 -0.28
      vertex 190.197 113.081 0
      vertex 189.75 112.879 0
    endloop
  endfacet
  facet normal 0.411805 -0.911272 0
    outer loop
      vertex 190.197 113.081 0
      vertex 189.75 112.879 -0.28
      vertex 190.197 113.081 -0.28
    endloop
  endfacet
  facet normal -0.849483 -0.527616 0
    outer loop
      vertex 180.644 115.641 -0.28
      vertex 180.385 116.058 0
      vertex 180.385 116.058 -0.28
    endloop
  endfacet
  facet normal -0.849483 -0.527616 0
    outer loop
      vertex 180.385 116.058 0
      vertex 180.644 115.641 -0.28
      vertex 180.644 115.641 0
    endloop
  endfacet
  facet normal -0.999469 0.0325693 0
    outer loop
      vertex 179.38 119.808 -0.28
      vertex 179.396 120.299 0
      vertex 179.396 120.299 -0.28
    endloop
  endfacet
  facet normal -0.999469 0.0325693 0
    outer loop
      vertex 179.396 120.299 0
      vertex 179.38 119.808 -0.28
      vertex 179.38 119.808 0
    endloop
  endfacet
  facet normal 0.97363 -0.228131 0
    outer loop
      vertex 194.124 117.867 0
      vertex 194.236 118.345 -0.28
      vertex 194.236 118.345 0
    endloop
  endfacet
  facet normal 0.97363 -0.228131 0
    outer loop
      vertex 194.236 118.345 -0.28
      vertex 194.124 117.867 0
      vertex 194.124 117.867 -0.28
    endloop
  endfacet
  facet normal 0.957264 0.289216 0
    outer loop
      vertex 194.124 121.749 0
      vertex 193.982 122.219 -0.28
      vertex 193.982 122.219 0
    endloop
  endfacet
  facet normal 0.957264 0.289216 0
    outer loop
      vertex 193.982 122.219 -0.28
      vertex 194.124 121.749 0
      vertex 194.124 121.749 -0.28
    endloop
  endfacet
  facet normal 0.0325693 0.999469 -0
    outer loop
      vertex 187.371 127.292 -0.28
      vertex 186.88 127.308 0
      vertex 187.371 127.292 0
    endloop
  endfacet
  facet normal 0.0325693 0.999469 0
    outer loop
      vertex 186.88 127.308 0
      vertex 187.371 127.292 -0.28
      vertex 186.88 127.308 -0.28
    endloop
  endfacet
  facet normal -0.163077 -0.986613 0
    outer loop
      vertex 185.417 112.452 -0.28
      vertex 185.901 112.372 0
      vertex 185.417 112.452 0
    endloop
  endfacet
  facet normal -0.163077 -0.986613 -0
    outer loop
      vertex 185.901 112.372 0
      vertex 185.417 112.452 -0.28
      vertex 185.901 112.372 -0.28
    endloop
  endfacet
  facet normal -0.935741 0.352687 0
    outer loop
      vertex 179.778 122.219 -0.28
      vertex 179.951 122.678 0
      vertex 179.951 122.678 -0.28
    endloop
  endfacet
  facet normal -0.935741 0.352687 0
    outer loop
      vertex 179.951 122.678 0
      vertex 179.778 122.219 -0.28
      vertex 179.778 122.219 0
    endloop
  endfacet
  facet normal -0.812769 0.582586 0
    outer loop
      vertex 180.644 123.975 -0.28
      vertex 180.93 124.374 0
      vertex 180.93 124.374 -0.28
    endloop
  endfacet
  facet normal -0.812769 0.582586 0
    outer loop
      vertex 180.93 124.374 0
      vertex 180.644 123.975 -0.28
      vertex 180.644 123.975 0
    endloop
  endfacet
  facet normal 0.472278 0.88145 -0
    outer loop
      vertex 190.63 126.303 -0.28
      vertex 190.197 126.535 0
      vertex 190.63 126.303 0
    endloop
  endfacet
  facet normal 0.472278 0.88145 0
    outer loop
      vertex 190.197 126.535 0
      vertex 190.63 126.303 -0.28
      vertex 190.197 126.535 -0.28
    endloop
  endfacet
  facet normal -0.289216 -0.957264 0
    outer loop
      vertex 184.469 112.706 -0.28
      vertex 184.939 112.564 0
      vertex 184.469 112.706 0
    endloop
  endfacet
  facet normal -0.289216 -0.957264 -0
    outer loop
      vertex 184.939 112.564 0
      vertex 184.469 112.706 -0.28
      vertex 184.939 112.564 -0.28
    endloop
  endfacet
  facet normal 0.684348 0.729156 -0
    outer loop
      vertex 192.183 125.111 -0.28
      vertex 191.825 125.447 0
      vertex 192.183 125.111 0
    endloop
  endfacet
  facet normal 0.684348 0.729156 0
    outer loop
      vertex 191.825 125.447 0
      vertex 192.183 125.111 -0.28
      vertex 191.825 125.447 -0.28
    endloop
  endfacet
  facet normal -0.228131 -0.97363 0
    outer loop
      vertex 184.939 112.564 -0.28
      vertex 185.417 112.452 0
      vertex 184.939 112.564 0
    endloop
  endfacet
  facet normal -0.228131 -0.97363 -0
    outer loop
      vertex 185.417 112.452 0
      vertex 184.939 112.564 -0.28
      vertex 185.417 112.452 -0.28
    endloop
  endfacet
  facet normal 0.634348 -0.773048 0
    outer loop
      vertex 191.446 113.858 -0.28
      vertex 191.825 114.169 0
      vertex 191.446 113.858 0
    endloop
  endfacet
  facet normal 0.634348 -0.773048 0
    outer loop
      vertex 191.825 114.169 0
      vertex 191.446 113.858 -0.28
      vertex 191.825 114.169 -0.28
    endloop
  endfacet
  facet normal 0.634348 0.773048 -0
    outer loop
      vertex 191.825 125.447 -0.28
      vertex 191.446 125.758 0
      vertex 191.825 125.447 0
    endloop
  endfacet
  facet normal 0.634348 0.773048 0
    outer loop
      vertex 191.446 125.758 0
      vertex 191.825 125.447 -0.28
      vertex 191.446 125.758 -0.28
    endloop
  endfacet
  facet normal 0.957264 -0.289216 0
    outer loop
      vertex 193.982 117.397 0
      vertex 194.124 117.867 -0.28
      vertex 194.124 117.867 0
    endloop
  endfacet
  facet normal 0.957264 -0.289216 0
    outer loop
      vertex 194.124 117.867 -0.28
      vertex 193.982 117.397 0
      vertex 193.982 117.397 -0.28
    endloop
  endfacet
  facet normal 0.582586 0.812769 -0
    outer loop
      vertex 191.446 125.758 -0.28
      vertex 191.047 126.044 0
      vertex 191.446 125.758 0
    endloop
  endfacet
  facet normal 0.582586 0.812769 0
    outer loop
      vertex 191.047 126.044 0
      vertex 191.446 125.758 -0.28
      vertex 191.047 126.044 -0.28
    endloop
  endfacet
  facet normal -0.986613 0.163077 0
    outer loop
      vertex 179.444 120.787 -0.28
      vertex 179.524 121.271 0
      vertex 179.524 121.271 -0.28
    endloop
  endfacet
  facet normal -0.986613 0.163077 0
    outer loop
      vertex 179.524 121.271 0
      vertex 179.444 120.787 -0.28
      vertex 179.444 120.787 0
    endloop
  endfacet
  facet normal 0.582586 -0.812769 0
    outer loop
      vertex 191.047 113.572 -0.28
      vertex 191.446 113.858 0
      vertex 191.047 113.572 0
    endloop
  endfacet
  facet normal 0.582586 -0.812769 0
    outer loop
      vertex 191.446 113.858 0
      vertex 191.047 113.572 -0.28
      vertex 191.446 113.858 -0.28
    endloop
  endfacet
  facet normal 0.935741 -0.352687 0
    outer loop
      vertex 193.809 116.938 0
      vertex 193.982 117.397 -0.28
      vertex 193.982 117.397 0
    endloop
  endfacet
  facet normal 0.935741 -0.352687 0
    outer loop
      vertex 193.982 117.397 -0.28
      vertex 193.809 116.938 0
      vertex 193.809 116.938 -0.28
    endloop
  endfacet
  facet normal 0.527616 -0.849483 0
    outer loop
      vertex 190.63 113.313 -0.28
      vertex 191.047 113.572 0
      vertex 190.63 113.313 0
    endloop
  endfacet
  facet normal 0.527616 -0.849483 0
    outer loop
      vertex 191.047 113.572 0
      vertex 190.63 113.313 -0.28
      vertex 191.047 113.572 -0.28
    endloop
  endfacet
  facet normal -0.849483 0.527616 0
    outer loop
      vertex 180.385 123.558 -0.28
      vertex 180.644 123.975 0
      vertex 180.644 123.975 -0.28
    endloop
  endfacet
  facet normal -0.849483 0.527616 0
    outer loop
      vertex 180.644 123.975 0
      vertex 180.385 123.558 -0.28
      vertex 180.385 123.558 0
    endloop
  endfacet
  facet normal -0.527616 0.849483 0
    outer loop
      vertex 183.13 126.303 -0.28
      vertex 182.713 126.044 0
      vertex 183.13 126.303 0
    endloop
  endfacet
  facet normal -0.527616 0.849483 0
    outer loop
      vertex 182.713 126.044 0
      vertex 183.13 126.303 -0.28
      vertex 182.713 126.044 -0.28
    endloop
  endfacet
  facet normal -0.729156 -0.684348 0
    outer loop
      vertex 181.577 114.505 -0.28
      vertex 181.241 114.863 0
      vertex 181.241 114.863 -0.28
    endloop
  endfacet
  facet normal -0.729156 -0.684348 0
    outer loop
      vertex 181.241 114.863 0
      vertex 181.577 114.505 -0.28
      vertex 181.577 114.505 0
    endloop
  endfacet
  facet normal 0.911272 -0.411805 0
    outer loop
      vertex 193.607 116.491 0
      vertex 193.809 116.938 -0.28
      vertex 193.809 116.938 0
    endloop
  endfacet
  facet normal 0.911272 -0.411805 0
    outer loop
      vertex 193.809 116.938 -0.28
      vertex 193.607 116.491 0
      vertex 193.607 116.491 -0.28
    endloop
  endfacet
  facet normal -0.729156 0.684348 0
    outer loop
      vertex 181.241 124.753 -0.28
      vertex 181.577 125.111 0
      vertex 181.577 125.111 -0.28
    endloop
  endfacet
  facet normal -0.729156 0.684348 0
    outer loop
      vertex 181.577 125.111 0
      vertex 181.241 124.753 -0.28
      vertex 181.241 124.753 0
    endloop
  endfacet
  facet normal -0.352687 -0.935741 0
    outer loop
      vertex 184.01 112.879 -0.28
      vertex 184.469 112.706 0
      vertex 184.01 112.879 0
    endloop
  endfacet
  facet normal -0.352687 -0.935741 -0
    outer loop
      vertex 184.469 112.706 0
      vertex 184.01 112.879 -0.28
      vertex 184.469 112.706 -0.28
    endloop
  endfacet
  facet normal -0.995197 -0.0978883 0
    outer loop
      vertex 179.444 118.829 -0.28
      vertex 179.396 119.317 0
      vertex 179.396 119.317 -0.28
    endloop
  endfacet
  facet normal -0.995197 -0.0978883 0
    outer loop
      vertex 179.396 119.317 0
      vertex 179.444 118.829 -0.28
      vertex 179.444 118.829 0
    endloop
  endfacet
  facet normal 0.228131 0.97363 -0
    outer loop
      vertex 188.821 127.052 -0.28
      vertex 188.343 127.164 0
      vertex 188.821 127.052 0
    endloop
  endfacet
  facet normal 0.228131 0.97363 0
    outer loop
      vertex 188.343 127.164 0
      vertex 188.821 127.052 -0.28
      vertex 188.343 127.164 -0.28
    endloop
  endfacet
  facet normal -0.411805 0.911272 0
    outer loop
      vertex 184.01 126.737 -0.28
      vertex 183.563 126.535 0
      vertex 184.01 126.737 0
    endloop
  endfacet
  facet normal -0.411805 0.911272 0
    outer loop
      vertex 183.563 126.535 0
      vertex 184.01 126.737 -0.28
      vertex 183.563 126.535 -0.28
    endloop
  endfacet
  facet normal -0.634348 -0.773048 0
    outer loop
      vertex 181.935 114.169 -0.28
      vertex 182.314 113.858 0
      vertex 181.935 114.169 0
    endloop
  endfacet
  facet normal -0.634348 -0.773048 -0
    outer loop
      vertex 182.314 113.858 0
      vertex 181.935 114.169 -0.28
      vertex 182.314 113.858 -0.28
    endloop
  endfacet
  facet normal -0.634348 0.773048 0
    outer loop
      vertex 182.314 125.758 -0.28
      vertex 181.935 125.447 0
      vertex 182.314 125.758 0
    endloop
  endfacet
  facet normal -0.634348 0.773048 0
    outer loop
      vertex 181.935 125.447 0
      vertex 182.314 125.758 -0.28
      vertex 181.935 125.447 -0.28
    endloop
  endfacet
  facet normal 0.773048 0.634348 0
    outer loop
      vertex 192.83 124.374 0
      vertex 192.519 124.753 -0.28
      vertex 192.519 124.753 0
    endloop
  endfacet
  facet normal 0.773048 0.634348 0
    outer loop
      vertex 192.519 124.753 -0.28
      vertex 192.83 124.374 0
      vertex 192.83 124.374 -0.28
    endloop
  endfacet
  facet normal -0.582586 0.812769 0
    outer loop
      vertex 182.713 126.044 -0.28
      vertex 182.314 125.758 0
      vertex 182.713 126.044 0
    endloop
  endfacet
  facet normal -0.582586 0.812769 0
    outer loop
      vertex 182.314 125.758 0
      vertex 182.713 126.044 -0.28
      vertex 182.314 125.758 -0.28
    endloop
  endfacet
  facet normal -0.773048 0.634348 0
    outer loop
      vertex 180.93 124.374 -0.28
      vertex 181.241 124.753 0
      vertex 181.241 124.753 -0.28
    endloop
  endfacet
  facet normal -0.773048 0.634348 0
    outer loop
      vertex 181.241 124.753 0
      vertex 180.93 124.374 -0.28
      vertex 180.93 124.374 0
    endloop
  endfacet
  facet normal 0.729156 0.684348 0
    outer loop
      vertex 192.519 124.753 0
      vertex 192.183 125.111 -0.28
      vertex 192.183 125.111 0
    endloop
  endfacet
  facet normal 0.729156 0.684348 0
    outer loop
      vertex 192.183 125.111 -0.28
      vertex 192.519 124.753 0
      vertex 192.519 124.753 -0.28
    endloop
  endfacet
  facet normal -0.957264 0.289216 0
    outer loop
      vertex 179.636 121.749 -0.28
      vertex 179.778 122.219 0
      vertex 179.778 122.219 -0.28
    endloop
  endfacet
  facet normal -0.957264 0.289216 0
    outer loop
      vertex 179.778 122.219 0
      vertex 179.636 121.749 -0.28
      vertex 179.636 121.749 0
    endloop
  endfacet
  facet normal 0 0 1
    outer loop
      vertex 189.78 119.808 0.27
      vertex 189.88 119.808 0.27
      vertex 189.874 120.004 0.27
    endloop
  endfacet
  facet normal 0 0 1
    outer loop
      vertex 189.774 119.998 0.27
      vertex 189.874 120.004 0.27
      vertex 189.854 120.2 0.27
    endloop
  endfacet
  facet normal 0 0 1
    outer loop
      vertex 189.88 119.808 0.27
      vertex 189.78 119.808 0.27
      vertex 189.874 119.612 0.27
    endloop
  endfacet
  facet normal 0 0 1
    outer loop
      vertex 189.755 120.187 0.27
      vertex 189.854 120.2 0.27
      vertex 189.822 120.393 0.27
    endloop
  endfacet
  facet normal -0 0 1
    outer loop
      vertex 189.774 119.618 0.27
      vertex 189.874 119.612 0.27
      vertex 189.78 119.808 0.27
    endloop
  endfacet
  facet normal 0 0 1
    outer loop
      vertex 189.874 119.612 0.27
      vertex 189.774 119.618 0.27
      vertex 189.854 119.416 0.27
    endloop
  endfacet
  facet normal 0 0 1
    outer loop
      vertex 189.724 120.374 0.27
      vertex 189.822 120.393 0.27
      vertex 189.778 120.584 0.27
    endloop
  endfacet
  facet normal 0 0 1
    outer loop
      vertex 189.874 120.004 0.27
      vertex 189.774 119.998 0.27
      vertex 189.78 119.808 0.27
    endloop
  endfacet
  facet normal 0 0 1
    outer loop
      vertex 189.854 120.2 0.27
      vertex 189.755 120.187 0.27
      vertex 189.774 119.998 0.27
    endloop
  endfacet
  facet normal 0 0 1
    outer loop
      vertex 189.822 120.393 0.27
      vertex 189.724 120.374 0.27
      vertex 189.755 120.187 0.27
    endloop
  endfacet
  facet normal 0 0 1
    outer loop
      vertex 189.681 120.559 0.27
      vertex 189.778 120.584 0.27
      vertex 189.721 120.772 0.27
    endloop
  endfacet
  facet normal 0 0 1
    outer loop
      vertex 189.778 120.584 0.27
      vertex 189.681 120.559 0.27
      vertex 189.724 120.374 0.27
    endloop
  endfacet
  facet normal 0 0 1
    outer loop
      vertex 189.626 120.74 0.27
      vertex 189.721 120.772 0.27
      vertex 189.652 120.956 0.27
    endloop
  endfacet
  facet normal 0 0 1
    outer loop
      vertex 189.721 120.772 0.27
      vertex 189.626 120.74 0.27
      vertex 189.681 120.559 0.27
    endloop
  endfacet
  facet normal 0 0 1
    outer loop
      vertex 189.559 120.918 0.27
      vertex 189.652 120.956 0.27
      vertex 189.571 121.135 0.27
    endloop
  endfacet
  facet normal 0 0 1
    outer loop
      vertex 189.652 120.956 0.27
      vertex 189.559 120.918 0.27
      vertex 189.626 120.74 0.27
    endloop
  endfacet
  facet normal 0 0 1
    outer loop
      vertex 189.571 121.135 0.27
      vertex 189.481 121.091 0.27
      vertex 189.559 120.918 0.27
    endloop
  endfacet
  facet normal 0 0 1
    outer loop
      vertex 189.478 121.308 0.27
      vertex 189.481 121.091 0.27
      vertex 189.571 121.135 0.27
    endloop
  endfacet
  facet normal 0 0 1
    outer loop
      vertex 189.478 121.308 0.27
      vertex 189.391 121.258 0.27
      vertex 189.481 121.091 0.27
    endloop
  endfacet
  facet normal 0 0 1
    outer loop
      vertex 189.374 121.475 0.27
      vertex 189.391 121.258 0.27
      vertex 189.478 121.308 0.27
    endloop
  endfacet
  facet normal 0 0 1
    outer loop
      vertex 189.374 121.475 0.27
      vertex 189.291 121.419 0.27
      vertex 189.391 121.258 0.27
    endloop
  endfacet
  facet normal 0 0 1
    outer loop
      vertex 189.26 121.634 0.27
      vertex 189.291 121.419 0.27
      vertex 189.374 121.475 0.27
    endloop
  endfacet
  facet normal 0 0 1
    outer loop
      vertex 189.26 121.634 0.27
      vertex 189.181 121.573 0.27
      vertex 189.291 121.419 0.27
    endloop
  endfacet
  facet normal 0 0 1
    outer loop
      vertex 189.136 121.786 0.27
      vertex 189.181 121.573 0.27
      vertex 189.26 121.634 0.27
    endloop
  endfacet
  facet normal 0 0 1
    outer loop
      vertex 189.136 121.786 0.27
      vertex 189.06 121.72 0.27
      vertex 189.181 121.573 0.27
    endloop
  endfacet
  facet normal 0 0 1
    outer loop
      vertex 189.001 121.929 0.27
      vertex 189.06 121.72 0.27
      vertex 189.136 121.786 0.27
    endloop
  endfacet
  facet normal 0 0 1
    outer loop
      vertex 189.001 121.929 0.27
      vertex 188.931 121.859 0.27
      vertex 189.06 121.72 0.27
    endloop
  endfacet
  facet normal 0 0 1
    outer loop
      vertex 188.858 122.064 0.27
      vertex 188.931 121.859 0.27
      vertex 189.001 121.929 0.27
    endloop
  endfacet
  facet normal 0 0 1
    outer loop
      vertex 188.858 122.064 0.27
      vertex 188.792 121.988 0.27
      vertex 188.931 121.859 0.27
    endloop
  endfacet
  facet normal 0 0 1
    outer loop
      vertex 188.706 122.188 0.27
      vertex 188.792 121.988 0.27
      vertex 188.858 122.064 0.27
    endloop
  endfacet
  facet normal 0 0 1
    outer loop
      vertex 188.706 122.188 0.27
      vertex 188.645 122.109 0.27
      vertex 188.792 121.988 0.27
    endloop
  endfacet
  facet normal 0 0 1
    outer loop
      vertex 188.547 122.302 0.27
      vertex 188.645 122.109 0.27
      vertex 188.706 122.188 0.27
    endloop
  endfacet
  facet normal 0 0 1
    outer loop
      vertex 188.547 122.302 0.27
      vertex 188.491 122.219 0.27
      vertex 188.645 122.109 0.27
    endloop
  endfacet
  facet normal 0 0 1
    outer loop
      vertex 188.38 122.406 0.27
      vertex 188.491 122.219 0.27
      vertex 188.547 122.302 0.27
    endloop
  endfacet
  facet normal 0 0 1
    outer loop
      vertex 188.38 122.406 0.27
      vertex 188.33 122.319 0.27
      vertex 188.491 122.219 0.27
    endloop
  endfacet
  facet normal 0 0 1
    outer loop
      vertex 188.207 122.499 0.27
      vertex 188.33 122.319 0.27
      vertex 188.38 122.406 0.27
    endloop
  endfacet
  facet normal 0 0 1
    outer loop
      vertex 188.207 122.499 0.27
      vertex 188.163 122.409 0.27
      vertex 188.33 122.319 0.27
    endloop
  endfacet
  facet normal 0 0 1
    outer loop
      vertex 188.028 122.58 0.27
      vertex 188.163 122.409 0.27
      vertex 188.207 122.499 0.27
    endloop
  endfacet
  facet normal 0 0 1
    outer loop
      vertex 188.028 122.58 0.27
      vertex 187.99 122.487 0.27
      vertex 188.163 122.409 0.27
    endloop
  endfacet
  facet normal 0 0 1
    outer loop
      vertex 187.844 122.649 0.27
      vertex 187.99 122.487 0.27
      vertex 188.028 122.58 0.27
    endloop
  endfacet
  facet normal 0 0 1
    outer loop
      vertex 187.844 122.649 0.27
      vertex 187.812 122.554 0.27
      vertex 187.99 122.487 0.27
    endloop
  endfacet
  facet normal 0 0 1
    outer loop
      vertex 187.656 122.706 0.27
      vertex 187.812 122.554 0.27
      vertex 187.844 122.649 0.27
    endloop
  endfacet
  facet normal 0 0 1
    outer loop
      vertex 187.656 122.706 0.27
      vertex 187.631 122.609 0.27
      vertex 187.812 122.554 0.27
    endloop
  endfacet
  facet normal 0 0 1
    outer loop
      vertex 187.465 122.75 0.27
      vertex 187.631 122.609 0.27
      vertex 187.656 122.706 0.27
    endloop
  endfacet
  facet normal 0 0 1
    outer loop
      vertex 187.465 122.75 0.27
      vertex 187.446 122.652 0.27
      vertex 187.631 122.609 0.27
    endloop
  endfacet
  facet normal 0 0 1
    outer loop
      vertex 187.272 122.782 0.27
      vertex 187.446 122.652 0.27
      vertex 187.465 122.75 0.27
    endloop
  endfacet
  facet normal 0 0 1
    outer loop
      vertex 187.272 122.782 0.27
      vertex 187.259 122.683 0.27
      vertex 187.446 122.652 0.27
    endloop
  endfacet
  facet normal 0 0 1
    outer loop
      vertex 187.076 122.802 0.27
      vertex 187.259 122.683 0.27
      vertex 187.272 122.782 0.27
    endloop
  endfacet
  facet normal 0 0 1
    outer loop
      vertex 187.076 122.802 0.27
      vertex 187.07 122.702 0.27
      vertex 187.259 122.683 0.27
    endloop
  endfacet
  facet normal 0 0 1
    outer loop
      vertex 186.88 122.808 0.27
      vertex 187.07 122.702 0.27
      vertex 187.076 122.802 0.27
    endloop
  endfacet
  facet normal 0 0 1
    outer loop
      vertex 186.88 122.808 0.27
      vertex 186.88 122.708 0.27
      vertex 187.07 122.702 0.27
    endloop
  endfacet
  facet normal 0 0 1
    outer loop
      vertex 186.88 122.808 0.27
      vertex 186.69 122.702 0.27
      vertex 186.88 122.708 0.27
    endloop
  endfacet
  facet normal -0 0 1
    outer loop
      vertex 186.684 122.802 0.27
      vertex 186.69 122.702 0.27
      vertex 186.88 122.808 0.27
    endloop
  endfacet
  facet normal 0 0 1
    outer loop
      vertex 186.684 122.802 0.27
      vertex 186.501 122.683 0.27
      vertex 186.69 122.702 0.27
    endloop
  endfacet
  facet normal -0 0 1
    outer loop
      vertex 186.488 122.782 0.27
      vertex 186.501 122.683 0.27
      vertex 186.684 122.802 0.27
    endloop
  endfacet
  facet normal 0 0 1
    outer loop
      vertex 186.488 122.782 0.27
      vertex 186.314 122.652 0.27
      vertex 186.501 122.683 0.27
    endloop
  endfacet
  facet normal -0 0 1
    outer loop
      vertex 186.295 122.75 0.27
      vertex 186.314 122.652 0.27
      vertex 186.488 122.782 0.27
    endloop
  endfacet
  facet normal 0 0 1
    outer loop
      vertex 186.295 122.75 0.27
      vertex 186.129 122.609 0.27
      vertex 186.314 122.652 0.27
    endloop
  endfacet
  facet normal -0 0 1
    outer loop
      vertex 186.104 122.706 0.27
      vertex 186.129 122.609 0.27
      vertex 186.295 122.75 0.27
    endloop
  endfacet
  facet normal 0 0 1
    outer loop
      vertex 186.104 122.706 0.27
      vertex 185.948 122.554 0.27
      vertex 186.129 122.609 0.27
    endloop
  endfacet
  facet normal -0 0 1
    outer loop
      vertex 185.916 122.649 0.27
      vertex 185.948 122.554 0.27
      vertex 186.104 122.706 0.27
    endloop
  endfacet
  facet normal 0 0 1
    outer loop
      vertex 185.916 122.649 0.27
      vertex 185.77 122.487 0.27
      vertex 185.948 122.554 0.27
    endloop
  endfacet
  facet normal -0 0 1
    outer loop
      vertex 185.732 122.58 0.27
      vertex 185.77 122.487 0.27
      vertex 185.916 122.649 0.27
    endloop
  endfacet
  facet normal 0 0 1
    outer loop
      vertex 185.732 122.58 0.27
      vertex 185.597 122.409 0.27
      vertex 185.77 122.487 0.27
    endloop
  endfacet
  facet normal -0 0 1
    outer loop
      vertex 185.553 122.499 0.27
      vertex 185.597 122.409 0.27
      vertex 185.732 122.58 0.27
    endloop
  endfacet
  facet normal 0 0 1
    outer loop
      vertex 185.553 122.499 0.27
      vertex 185.43 122.319 0.27
      vertex 185.597 122.409 0.27
    endloop
  endfacet
  facet normal -0 0 1
    outer loop
      vertex 185.38 122.406 0.27
      vertex 185.43 122.319 0.27
      vertex 185.553 122.499 0.27
    endloop
  endfacet
  facet normal 0 0 1
    outer loop
      vertex 185.38 122.406 0.27
      vertex 185.269 122.219 0.27
      vertex 185.43 122.319 0.27
    endloop
  endfacet
  facet normal -0 0 1
    outer loop
      vertex 185.213 122.302 0.27
      vertex 185.269 122.219 0.27
      vertex 185.38 122.406 0.27
    endloop
  endfacet
  facet normal 0 0 1
    outer loop
      vertex 185.213 122.302 0.27
      vertex 185.115 122.109 0.27
      vertex 185.269 122.219 0.27
    endloop
  endfacet
  facet normal -0 0 1
    outer loop
      vertex 185.054 122.188 0.27
      vertex 185.115 122.109 0.27
      vertex 185.213 122.302 0.27
    endloop
  endfacet
  facet normal 0 0 1
    outer loop
      vertex 185.054 122.188 0.27
      vertex 184.968 121.988 0.27
      vertex 185.115 122.109 0.27
    endloop
  endfacet
  facet normal -0 0 1
    outer loop
      vertex 184.902 122.064 0.27
      vertex 184.968 121.988 0.27
      vertex 185.054 122.188 0.27
    endloop
  endfacet
  facet normal 0 0 1
    outer loop
      vertex 184.902 122.064 0.27
      vertex 184.829 121.859 0.27
      vertex 184.968 121.988 0.27
    endloop
  endfacet
  facet normal -0 0 1
    outer loop
      vertex 184.759 121.929 0.27
      vertex 184.829 121.859 0.27
      vertex 184.902 122.064 0.27
    endloop
  endfacet
  facet normal 0 0 1
    outer loop
      vertex 184.759 121.929 0.27
      vertex 184.7 121.72 0.27
      vertex 184.829 121.859 0.27
    endloop
  endfacet
  facet normal -0 0 1
    outer loop
      vertex 184.624 121.786 0.27
      vertex 184.7 121.72 0.27
      vertex 184.759 121.929 0.27
    endloop
  endfacet
  facet normal 0 0 1
    outer loop
      vertex 184.624 121.786 0.27
      vertex 184.579 121.573 0.27
      vertex 184.7 121.72 0.27
    endloop
  endfacet
  facet normal -0 0 1
    outer loop
      vertex 184.5 121.634 0.27
      vertex 184.579 121.573 0.27
      vertex 184.624 121.786 0.27
    endloop
  endfacet
  facet normal 0 0 1
    outer loop
      vertex 184.5 121.634 0.27
      vertex 184.469 121.419 0.27
      vertex 184.579 121.573 0.27
    endloop
  endfacet
  facet normal -0 0 1
    outer loop
      vertex 184.386 121.475 0.27
      vertex 184.469 121.419 0.27
      vertex 184.5 121.634 0.27
    endloop
  endfacet
  facet normal 0 0 1
    outer loop
      vertex 184.386 121.475 0.27
      vertex 184.369 121.258 0.27
      vertex 184.469 121.419 0.27
    endloop
  endfacet
  facet normal -0 0 1
    outer loop
      vertex 184.282 121.308 0.27
      vertex 184.369 121.258 0.27
      vertex 184.386 121.475 0.27
    endloop
  endfacet
  facet normal 0 0 1
    outer loop
      vertex 184.282 121.308 0.27
      vertex 184.279 121.091 0.27
      vertex 184.369 121.258 0.27
    endloop
  endfacet
  facet normal -0 0 1
    outer loop
      vertex 184.189 121.135 0.27
      vertex 184.279 121.091 0.27
      vertex 184.282 121.308 0.27
    endloop
  endfacet
  facet normal 0 0 1
    outer loop
      vertex 184.279 121.091 0.27
      vertex 184.189 121.135 0.27
      vertex 184.201 120.918 0.27
    endloop
  endfacet
  facet normal -0 0 1
    outer loop
      vertex 184.108 120.956 0.27
      vertex 184.201 120.918 0.27
      vertex 184.189 121.135 0.27
    endloop
  endfacet
  facet normal 0 0 1
    outer loop
      vertex 184.201 120.918 0.27
      vertex 184.108 120.956 0.27
      vertex 184.134 120.74 0.27
    endloop
  endfacet
  facet normal -0 0 1
    outer loop
      vertex 184.039 120.772 0.27
      vertex 184.134 120.74 0.27
      vertex 184.108 120.956 0.27
    endloop
  endfacet
  facet normal 0 0 1
    outer loop
      vertex 184.134 120.74 0.27
      vertex 184.039 120.772 0.27
      vertex 184.079 120.559 0.27
    endloop
  endfacet
  facet normal -0 0 1
    outer loop
      vertex 183.982 120.584 0.27
      vertex 184.079 120.559 0.27
      vertex 184.039 120.772 0.27
    endloop
  endfacet
  facet normal 0 0 1
    outer loop
      vertex 184.079 120.559 0.27
      vertex 183.982 120.584 0.27
      vertex 184.036 120.374 0.27
    endloop
  endfacet
  facet normal -0 0 1
    outer loop
      vertex 183.938 120.393 0.27
      vertex 184.036 120.374 0.27
      vertex 183.982 120.584 0.27
    endloop
  endfacet
  facet normal 0 0 1
    outer loop
      vertex 184.036 120.374 0.27
      vertex 183.938 120.393 0.27
      vertex 184.005 120.187 0.27
    endloop
  endfacet
  facet normal -0 0 1
    outer loop
      vertex 183.906 120.2 0.27
      vertex 184.005 120.187 0.27
      vertex 183.938 120.393 0.27
    endloop
  endfacet
  facet normal 0 0 1
    outer loop
      vertex 184.005 120.187 0.27
      vertex 183.906 120.2 0.27
      vertex 183.986 119.998 0.27
    endloop
  endfacet
  facet normal -0 0 1
    outer loop
      vertex 189.755 119.429 0.27
      vertex 189.854 119.416 0.27
      vertex 189.774 119.618 0.27
    endloop
  endfacet
  facet normal 0 0 1
    outer loop
      vertex 189.854 119.416 0.27
      vertex 189.755 119.429 0.27
      vertex 189.822 119.223 0.27
    endloop
  endfacet
  facet normal -0 0 1
    outer loop
      vertex 189.724 119.242 0.27
      vertex 189.822 119.223 0.27
      vertex 189.755 119.429 0.27
    endloop
  endfacet
  facet normal 0 0 1
    outer loop
      vertex 189.822 119.223 0.27
      vertex 189.724 119.242 0.27
      vertex 189.778 119.032 0.27
    endloop
  endfacet
  facet normal -0 0 1
    outer loop
      vertex 189.681 119.057 0.27
      vertex 189.778 119.032 0.27
      vertex 189.724 119.242 0.27
    endloop
  endfacet
  facet normal 0 0 1
    outer loop
      vertex 189.778 119.032 0.27
      vertex 189.681 119.057 0.27
      vertex 189.721 118.844 0.27
    endloop
  endfacet
  facet normal -0 0 1
    outer loop
      vertex 189.626 118.876 0.27
      vertex 189.721 118.844 0.27
      vertex 189.681 119.057 0.27
    endloop
  endfacet
  facet normal 0 0 1
    outer loop
      vertex 189.721 118.844 0.27
      vertex 189.626 118.876 0.27
      vertex 189.652 118.66 0.27
    endloop
  endfacet
  facet normal -0 0 1
    outer loop
      vertex 189.559 118.698 0.27
      vertex 189.652 118.66 0.27
      vertex 189.626 118.876 0.27
    endloop
  endfacet
  facet normal 0 0 1
    outer loop
      vertex 189.652 118.66 0.27
      vertex 189.559 118.698 0.27
      vertex 189.571 118.481 0.27
    endloop
  endfacet
  facet normal -0 0 1
    outer loop
      vertex 189.481 118.525 0.27
      vertex 189.571 118.481 0.27
      vertex 189.559 118.698 0.27
    endloop
  endfacet
  facet normal 0 0 1
    outer loop
      vertex 189.481 118.525 0.27
      vertex 189.478 118.308 0.27
      vertex 189.571 118.481 0.27
    endloop
  endfacet
  facet normal -0 0 1
    outer loop
      vertex 189.391 118.358 0.27
      vertex 189.478 118.308 0.27
      vertex 189.481 118.525 0.27
    endloop
  endfacet
  facet normal 0 0 1
    outer loop
      vertex 189.391 118.358 0.27
      vertex 189.374 118.141 0.27
      vertex 189.478 118.308 0.27
    endloop
  endfacet
  facet normal -0 0 1
    outer loop
      vertex 189.291 118.197 0.27
      vertex 189.374 118.141 0.27
      vertex 189.391 118.358 0.27
    endloop
  endfacet
  facet normal 0 0 1
    outer loop
      vertex 189.291 118.197 0.27
      vertex 189.26 117.982 0.27
      vertex 189.374 118.141 0.27
    endloop
  endfacet
  facet normal -0 0 1
    outer loop
      vertex 189.181 118.043 0.27
      vertex 189.26 117.982 0.27
      vertex 189.291 118.197 0.27
    endloop
  endfacet
  facet normal 0 0 1
    outer loop
      vertex 189.181 118.043 0.27
      vertex 189.136 117.83 0.27
      vertex 189.26 117.982 0.27
    endloop
  endfacet
  facet normal -0 0 1
    outer loop
      vertex 189.06 117.896 0.27
      vertex 189.136 117.83 0.27
      vertex 189.181 118.043 0.27
    endloop
  endfacet
  facet normal 0 0 1
    outer loop
      vertex 189.06 117.896 0.27
      vertex 189.001 117.687 0.27
      vertex 189.136 117.83 0.27
    endloop
  endfacet
  facet normal -0 0 1
    outer loop
      vertex 188.931 117.757 0.27
      vertex 189.001 117.687 0.27
      vertex 189.06 117.896 0.27
    endloop
  endfacet
  facet normal 0 0 1
    outer loop
      vertex 188.931 117.757 0.27
      vertex 188.858 117.552 0.27
      vertex 189.001 117.687 0.27
    endloop
  endfacet
  facet normal -0 0 1
    outer loop
      vertex 188.792 117.628 0.27
      vertex 188.858 117.552 0.27
      vertex 188.931 117.757 0.27
    endloop
  endfacet
  facet normal 0 0 1
    outer loop
      vertex 188.792 117.628 0.27
      vertex 188.706 117.428 0.27
      vertex 188.858 117.552 0.27
    endloop
  endfacet
  facet normal -0 0 1
    outer loop
      vertex 188.645 117.507 0.27
      vertex 188.706 117.428 0.27
      vertex 188.792 117.628 0.27
    endloop
  endfacet
  facet normal 0 0 1
    outer loop
      vertex 188.645 117.507 0.27
      vertex 188.547 117.314 0.27
      vertex 188.706 117.428 0.27
    endloop
  endfacet
  facet normal -0 0 1
    outer loop
      vertex 188.491 117.397 0.27
      vertex 188.547 117.314 0.27
      vertex 188.645 117.507 0.27
    endloop
  endfacet
  facet normal 0 0 1
    outer loop
      vertex 188.491 117.397 0.27
      vertex 188.38 117.21 0.27
      vertex 188.547 117.314 0.27
    endloop
  endfacet
  facet normal -0 0 1
    outer loop
      vertex 188.33 117.297 0.27
      vertex 188.38 117.21 0.27
      vertex 188.491 117.397 0.27
    endloop
  endfacet
  facet normal 0 0 1
    outer loop
      vertex 188.33 117.297 0.27
      vertex 188.207 117.117 0.27
      vertex 188.38 117.21 0.27
    endloop
  endfacet
  facet normal -0 0 1
    outer loop
      vertex 188.163 117.207 0.27
      vertex 188.207 117.117 0.27
      vertex 188.33 117.297 0.27
    endloop
  endfacet
  facet normal 0 0 1
    outer loop
      vertex 188.163 117.207 0.27
      vertex 188.028 117.036 0.27
      vertex 188.207 117.117 0.27
    endloop
  endfacet
  facet normal -0 0 1
    outer loop
      vertex 187.99 117.129 0.27
      vertex 188.028 117.036 0.27
      vertex 188.163 117.207 0.27
    endloop
  endfacet
  facet normal 0 0 1
    outer loop
      vertex 187.99 117.129 0.27
      vertex 187.844 116.967 0.27
      vertex 188.028 117.036 0.27
    endloop
  endfacet
  facet normal -0 0 1
    outer loop
      vertex 187.812 117.062 0.27
      vertex 187.844 116.967 0.27
      vertex 187.99 117.129 0.27
    endloop
  endfacet
  facet normal 0 0 1
    outer loop
      vertex 187.812 117.062 0.27
      vertex 187.656 116.91 0.27
      vertex 187.844 116.967 0.27
    endloop
  endfacet
  facet normal -0 0 1
    outer loop
      vertex 187.631 117.007 0.27
      vertex 187.656 116.91 0.27
      vertex 187.812 117.062 0.27
    endloop
  endfacet
  facet normal 0 0 1
    outer loop
      vertex 187.631 117.007 0.27
      vertex 187.465 116.866 0.27
      vertex 187.656 116.91 0.27
    endloop
  endfacet
  facet normal -0 0 1
    outer loop
      vertex 187.446 116.964 0.27
      vertex 187.465 116.866 0.27
      vertex 187.631 117.007 0.27
    endloop
  endfacet
  facet normal 0 0 1
    outer loop
      vertex 187.446 116.964 0.27
      vertex 187.272 116.834 0.27
      vertex 187.465 116.866 0.27
    endloop
  endfacet
  facet normal -0 0 1
    outer loop
      vertex 187.259 116.933 0.27
      vertex 187.272 116.834 0.27
      vertex 187.446 116.964 0.27
    endloop
  endfacet
  facet normal 0 0 1
    outer loop
      vertex 187.259 116.933 0.27
      vertex 187.076 116.814 0.27
      vertex 187.272 116.834 0.27
    endloop
  endfacet
  facet normal -0 0 1
    outer loop
      vertex 187.07 116.914 0.27
      vertex 187.076 116.814 0.27
      vertex 187.259 116.933 0.27
    endloop
  endfacet
  facet normal -0 0 1
    outer loop
      vertex 186.88 116.908 0.27
      vertex 187.076 116.814 0.27
      vertex 187.07 116.914 0.27
    endloop
  endfacet
  facet normal 0 0 1
    outer loop
      vertex 186.88 116.908 0.27
      vertex 186.88 116.808 0.27
      vertex 187.076 116.814 0.27
    endloop
  endfacet
  facet normal 0 0 1
    outer loop
      vertex 186.69 116.914 0.27
      vertex 186.88 116.808 0.27
      vertex 186.88 116.908 0.27
    endloop
  endfacet
  facet normal 0 0 1
    outer loop
      vertex 186.69 116.914 0.27
      vertex 186.684 116.814 0.27
      vertex 186.88 116.808 0.27
    endloop
  endfacet
  facet normal 0 0 1
    outer loop
      vertex 186.501 116.933 0.27
      vertex 186.684 116.814 0.27
      vertex 186.69 116.914 0.27
    endloop
  endfacet
  facet normal 0 0 1
    outer loop
      vertex 186.501 116.933 0.27
      vertex 186.488 116.834 0.27
      vertex 186.684 116.814 0.27
    endloop
  endfacet
  facet normal 0 0 1
    outer loop
      vertex 186.314 116.964 0.27
      vertex 186.488 116.834 0.27
      vertex 186.501 116.933 0.27
    endloop
  endfacet
  facet normal 0 0 1
    outer loop
      vertex 186.314 116.964 0.27
      vertex 186.295 116.866 0.27
      vertex 186.488 116.834 0.27
    endloop
  endfacet
  facet normal 0 0 1
    outer loop
      vertex 186.129 117.007 0.27
      vertex 186.295 116.866 0.27
      vertex 186.314 116.964 0.27
    endloop
  endfacet
  facet normal 0 0 1
    outer loop
      vertex 186.129 117.007 0.27
      vertex 186.104 116.91 0.27
      vertex 186.295 116.866 0.27
    endloop
  endfacet
  facet normal 0 0 1
    outer loop
      vertex 185.948 117.062 0.27
      vertex 186.104 116.91 0.27
      vertex 186.129 117.007 0.27
    endloop
  endfacet
  facet normal 0 0 1
    outer loop
      vertex 185.948 117.062 0.27
      vertex 185.916 116.967 0.27
      vertex 186.104 116.91 0.27
    endloop
  endfacet
  facet normal 0 0 1
    outer loop
      vertex 185.77 117.129 0.27
      vertex 185.916 116.967 0.27
      vertex 185.948 117.062 0.27
    endloop
  endfacet
  facet normal 0 0 1
    outer loop
      vertex 185.77 117.129 0.27
      vertex 185.732 117.036 0.27
      vertex 185.916 116.967 0.27
    endloop
  endfacet
  facet normal 0 0 1
    outer loop
      vertex 185.597 117.207 0.27
      vertex 185.732 117.036 0.27
      vertex 185.77 117.129 0.27
    endloop
  endfacet
  facet normal 0 0 1
    outer loop
      vertex 185.597 117.207 0.27
      vertex 185.553 117.117 0.27
      vertex 185.732 117.036 0.27
    endloop
  endfacet
  facet normal 0 0 1
    outer loop
      vertex 185.43 117.297 0.27
      vertex 185.553 117.117 0.27
      vertex 185.597 117.207 0.27
    endloop
  endfacet
  facet normal 0 0 1
    outer loop
      vertex 185.43 117.297 0.27
      vertex 185.38 117.21 0.27
      vertex 185.553 117.117 0.27
    endloop
  endfacet
  facet normal 0 0 1
    outer loop
      vertex 185.269 117.397 0.27
      vertex 185.38 117.21 0.27
      vertex 185.43 117.297 0.27
    endloop
  endfacet
  facet normal 0 0 1
    outer loop
      vertex 185.269 117.397 0.27
      vertex 185.213 117.314 0.27
      vertex 185.38 117.21 0.27
    endloop
  endfacet
  facet normal 0 0 1
    outer loop
      vertex 185.115 117.507 0.27
      vertex 185.213 117.314 0.27
      vertex 185.269 117.397 0.27
    endloop
  endfacet
  facet normal 0 0 1
    outer loop
      vertex 185.115 117.507 0.27
      vertex 185.054 117.428 0.27
      vertex 185.213 117.314 0.27
    endloop
  endfacet
  facet normal 0 0 1
    outer loop
      vertex 184.968 117.628 0.27
      vertex 185.054 117.428 0.27
      vertex 185.115 117.507 0.27
    endloop
  endfacet
  facet normal 0 0 1
    outer loop
      vertex 184.968 117.628 0.27
      vertex 184.902 117.552 0.27
      vertex 185.054 117.428 0.27
    endloop
  endfacet
  facet normal 0 0 1
    outer loop
      vertex 184.829 117.757 0.27
      vertex 184.902 117.552 0.27
      vertex 184.968 117.628 0.27
    endloop
  endfacet
  facet normal 0 0 1
    outer loop
      vertex 184.829 117.757 0.27
      vertex 184.759 117.687 0.27
      vertex 184.902 117.552 0.27
    endloop
  endfacet
  facet normal 0 0 1
    outer loop
      vertex 184.7 117.896 0.27
      vertex 184.759 117.687 0.27
      vertex 184.829 117.757 0.27
    endloop
  endfacet
  facet normal 0 0 1
    outer loop
      vertex 184.7 117.896 0.27
      vertex 184.624 117.83 0.27
      vertex 184.759 117.687 0.27
    endloop
  endfacet
  facet normal 0 0 1
    outer loop
      vertex 184.579 118.043 0.27
      vertex 184.624 117.83 0.27
      vertex 184.7 117.896 0.27
    endloop
  endfacet
  facet normal 0 0 1
    outer loop
      vertex 184.579 118.043 0.27
      vertex 184.5 117.982 0.27
      vertex 184.624 117.83 0.27
    endloop
  endfacet
  facet normal 0 0 1
    outer loop
      vertex 184.469 118.197 0.27
      vertex 184.5 117.982 0.27
      vertex 184.579 118.043 0.27
    endloop
  endfacet
  facet normal 0 0 1
    outer loop
      vertex 184.469 118.197 0.27
      vertex 184.386 118.141 0.27
      vertex 184.5 117.982 0.27
    endloop
  endfacet
  facet normal 0 0 1
    outer loop
      vertex 184.369 118.358 0.27
      vertex 184.386 118.141 0.27
      vertex 184.469 118.197 0.27
    endloop
  endfacet
  facet normal 0 0 1
    outer loop
      vertex 184.369 118.358 0.27
      vertex 184.282 118.308 0.27
      vertex 184.386 118.141 0.27
    endloop
  endfacet
  facet normal 0 0 1
    outer loop
      vertex 184.279 118.525 0.27
      vertex 184.282 118.308 0.27
      vertex 184.369 118.358 0.27
    endloop
  endfacet
  facet normal 0 0 1
    outer loop
      vertex 184.189 118.481 0.27
      vertex 184.279 118.525 0.27
      vertex 184.201 118.698 0.27
    endloop
  endfacet
  facet normal 0 0 1
    outer loop
      vertex 184.279 118.525 0.27
      vertex 184.189 118.481 0.27
      vertex 184.282 118.308 0.27
    endloop
  endfacet
  facet normal 0 0 1
    outer loop
      vertex 184.108 118.66 0.27
      vertex 184.201 118.698 0.27
      vertex 184.134 118.876 0.27
    endloop
  endfacet
  facet normal 0 0 1
    outer loop
      vertex 184.201 118.698 0.27
      vertex 184.108 118.66 0.27
      vertex 184.189 118.481 0.27
    endloop
  endfacet
  facet normal 0 0 1
    outer loop
      vertex 184.039 118.844 0.27
      vertex 184.134 118.876 0.27
      vertex 184.079 119.057 0.27
    endloop
  endfacet
  facet normal 0 0 1
    outer loop
      vertex 184.134 118.876 0.27
      vertex 184.039 118.844 0.27
      vertex 184.108 118.66 0.27
    endloop
  endfacet
  facet normal 0 0 1
    outer loop
      vertex 183.982 119.032 0.27
      vertex 184.079 119.057 0.27
      vertex 184.036 119.242 0.27
    endloop
  endfacet
  facet normal 0 0 1
    outer loop
      vertex 183.938 119.223 0.27
      vertex 184.036 119.242 0.27
      vertex 184.005 119.429 0.27
    endloop
  endfacet
  facet normal 0 0 1
    outer loop
      vertex 183.906 119.416 0.27
      vertex 184.005 119.429 0.27
      vertex 183.986 119.618 0.27
    endloop
  endfacet
  facet normal 0 0 1
    outer loop
      vertex 184.079 119.057 0.27
      vertex 183.982 119.032 0.27
      vertex 184.039 118.844 0.27
    endloop
  endfacet
  facet normal 0 0 1
    outer loop
      vertex 183.886 119.612 0.27
      vertex 183.986 119.618 0.27
      vertex 183.98 119.808 0.27
    endloop
  endfacet
  facet normal -0 0 1
    outer loop
      vertex 183.886 120.004 0.27
      vertex 183.986 119.998 0.27
      vertex 183.906 120.2 0.27
    endloop
  endfacet
  facet normal 0 0 1
    outer loop
      vertex 184.036 119.242 0.27
      vertex 183.938 119.223 0.27
      vertex 183.982 119.032 0.27
    endloop
  endfacet
  facet normal 0 0 1
    outer loop
      vertex 183.986 119.998 0.27
      vertex 183.886 120.004 0.27
      vertex 183.98 119.808 0.27
    endloop
  endfacet
  facet normal 0 0 1
    outer loop
      vertex 184.005 119.429 0.27
      vertex 183.906 119.416 0.27
      vertex 183.938 119.223 0.27
    endloop
  endfacet
  facet normal 0 0 1
    outer loop
      vertex 183.88 119.808 0.27
      vertex 183.98 119.808 0.27
      vertex 183.886 120.004 0.27
    endloop
  endfacet
  facet normal 0 0 1
    outer loop
      vertex 183.986 119.618 0.27
      vertex 183.886 119.612 0.27
      vertex 183.906 119.416 0.27
    endloop
  endfacet
  facet normal 0 0 1
    outer loop
      vertex 183.98 119.808 0.27
      vertex 183.88 119.808 0.27
      vertex 183.886 119.612 0.27
    endloop
  endfacet
  facet normal -0.684348 -0.729156 0
    outer loop
      vertex 181.577 114.505 -0.28
      vertex 181.935 114.169 0
      vertex 181.577 114.505 0
    endloop
  endfacet
  facet normal -0.684348 -0.729156 -0
    outer loop
      vertex 181.935 114.169 0
      vertex 181.577 114.505 -0.28
      vertex 181.935 114.169 -0.28
    endloop
  endfacet
  facet normal -0.472278 0.88145 0
    outer loop
      vertex 183.563 126.535 -0.28
      vertex 183.13 126.303 0
      vertex 183.563 126.535 0
    endloop
  endfacet
  facet normal -0.472278 0.88145 0
    outer loop
      vertex 183.13 126.303 0
      vertex 183.563 126.535 -0.28
      vertex 183.13 126.303 -0.28
    endloop
  endfacet
  facet normal 0.999502 -0.0315632 0
    outer loop
      vertex 189.774 119.618 0.44
      vertex 189.78 119.808 0.27
      vertex 189.78 119.808 0.44
    endloop
  endfacet
  facet normal 0.999502 -0.0315632 0
    outer loop
      vertex 189.78 119.808 0.27
      vertex 189.774 119.618 0.44
      vertex 189.774 119.618 0.27
    endloop
  endfacet
  facet normal 0.994985 0.100025 0
    outer loop
      vertex 189.774 119.998 0.44
      vertex 189.755 120.187 0.27
      vertex 189.755 120.187 0.44
    endloop
  endfacet
  facet normal 0.994985 0.100025 0
    outer loop
      vertex 189.755 120.187 0.27
      vertex 189.774 119.998 0.44
      vertex 189.774 119.998 0.27
    endloop
  endfacet
  facet normal 0.999502 0.0315632 0
    outer loop
      vertex 189.78 119.808 0.44
      vertex 189.774 119.998 0.27
      vertex 189.774 119.998 0.44
    endloop
  endfacet
  facet normal 0.999502 0.0315632 0
    outer loop
      vertex 189.774 119.998 0.27
      vertex 189.78 119.808 0.44
      vertex 189.78 119.808 0.27
    endloop
  endfacet
  facet normal 0.772082 0.635523 0
    outer loop
      vertex 189.181 121.573 0.44
      vertex 189.06 121.72 0.27
      vertex 189.06 121.72 0.44
    endloop
  endfacet
  facet normal 0.772082 0.635523 0
    outer loop
      vertex 189.06 121.72 0.27
      vertex 189.181 121.573 0.44
      vertex 189.181 121.573 0.27
    endloop
  endfacet
  facet normal -0.680249 -0.732981 0
    outer loop
      vertex 184.829 117.757 0.27
      vertex 184.968 117.628 0.44
      vertex 184.829 117.757 0.44
    endloop
  endfacet
  facet normal -0.680249 -0.732981 -0
    outer loop
      vertex 184.968 117.628 0.44
      vertex 184.829 117.757 0.27
      vertex 184.968 117.628 0.27
    endloop
  endfacet
  facet normal -0.772082 0.635523 0
    outer loop
      vertex 184.579 121.573 0.27
      vertex 184.7 121.72 0.44
      vertex 184.7 121.72 0.27
    endloop
  endfacet
  facet normal -0.772082 0.635523 0
    outer loop
      vertex 184.7 121.72 0.44
      vertex 184.579 121.573 0.27
      vertex 184.579 121.573 0.44
    endloop
  endfacet
  facet normal -0.732981 0.680249 0
    outer loop
      vertex 184.7 121.72 0.27
      vertex 184.829 121.859 0.44
      vertex 184.829 121.859 0.27
    endloop
  endfacet
  facet normal -0.732981 0.680249 0
    outer loop
      vertex 184.829 121.859 0.44
      vertex 184.7 121.72 0.27
      vertex 184.7 121.72 0.44
    endloop
  endfacet
  facet normal -0.974035 -0.226397 0
    outer loop
      vertex 184.079 119.057 0.27
      vertex 184.036 119.242 0.44
      vertex 184.036 119.242 0.27
    endloop
  endfacet
  facet normal -0.974035 -0.226397 0
    outer loop
      vertex 184.036 119.242 0.44
      vertex 184.079 119.057 0.27
      vertex 184.079 119.057 0.44
    endloop
  endfacet
  facet normal -0.999502 -0.0315632 0
    outer loop
      vertex 183.986 119.618 0.27
      vertex 183.98 119.808 0.44
      vertex 183.98 119.808 0.27
    endloop
  endfacet
  facet normal -0.999502 -0.0315632 0
    outer loop
      vertex 183.98 119.808 0.44
      vertex 183.986 119.618 0.27
      vertex 183.986 119.618 0.44
    endloop
  endfacet
  facet normal -0.911625 0.411022 0
    outer loop
      vertex 184.201 120.918 0.27
      vertex 184.279 121.091 0.44
      vertex 184.279 121.091 0.27
    endloop
  endfacet
  facet normal -0.911625 0.411022 0
    outer loop
      vertex 184.279 121.091 0.44
      vertex 184.201 120.918 0.27
      vertex 184.201 120.918 0.44
    endloop
  endfacet
  facet normal 0.226397 -0.974035 0
    outer loop
      vertex 187.446 116.964 0.27
      vertex 187.631 117.007 0.44
      vertex 187.446 116.964 0.44
    endloop
  endfacet
  facet normal 0.226397 -0.974035 0
    outer loop
      vertex 187.631 117.007 0.44
      vertex 187.446 116.964 0.27
      vertex 187.631 117.007 0.27
    endloop
  endfacet
  facet normal -0.0315632 -0.999502 0
    outer loop
      vertex 186.69 116.914 0.27
      vertex 186.88 116.908 0.44
      vertex 186.69 116.914 0.44
    endloop
  endfacet
  facet normal -0.0315632 -0.999502 -0
    outer loop
      vertex 186.88 116.908 0.44
      vertex 186.69 116.914 0.27
      vertex 186.88 116.908 0.27
    endloop
  endfacet
  facet normal 0.680249 -0.732981 0
    outer loop
      vertex 188.792 117.628 0.27
      vertex 188.931 117.757 0.44
      vertex 188.792 117.628 0.44
    endloop
  endfacet
  facet normal 0.680249 -0.732981 0
    outer loop
      vertex 188.931 117.757 0.44
      vertex 188.792 117.628 0.27
      vertex 188.931 117.757 0.27
    endloop
  endfacet
  facet normal -0.290741 0.956802 0
    outer loop
      vertex 186.129 122.609 0.27
      vertex 185.948 122.554 0.44
      vertex 186.129 122.609 0.44
    endloop
  endfacet
  facet normal -0.290741 0.956802 0
    outer loop
      vertex 185.948 122.554 0.44
      vertex 186.129 122.609 0.27
      vertex 185.948 122.554 0.27
    endloop
  endfacet
  facet normal 0.163543 -0.986536 0
    outer loop
      vertex 187.259 116.933 0.27
      vertex 187.446 116.964 0.44
      vertex 187.259 116.933 0.44
    endloop
  endfacet
  facet normal 0.163543 -0.986536 0
    outer loop
      vertex 187.446 116.964 0.44
      vertex 187.259 116.933 0.27
      vertex 187.446 116.964 0.27
    endloop
  endfacet
  facet normal 0.581238 -0.813733 0
    outer loop
      vertex 188.491 117.397 0.27
      vertex 188.645 117.507 0.44
      vertex 188.491 117.397 0.44
    endloop
  endfacet
  facet normal 0.581238 -0.813733 0
    outer loop
      vertex 188.645 117.507 0.44
      vertex 188.491 117.397 0.27
      vertex 188.645 117.507 0.27
    endloop
  endfacet
  facet normal 0.849477 0.527626 0
    outer loop
      vertex 189.391 121.258 0.44
      vertex 189.291 121.419 0.27
      vertex 189.291 121.419 0.44
    endloop
  endfacet
  facet normal 0.849477 0.527626 0
    outer loop
      vertex 189.291 121.419 0.27
      vertex 189.391 121.258 0.44
      vertex 189.391 121.258 0.27
    endloop
  endfacet
  facet normal -0.581238 0.813733 0
    outer loop
      vertex 185.269 122.219 0.27
      vertex 185.115 122.109 0.44
      vertex 185.269 122.219 0.44
    endloop
  endfacet
  facet normal -0.581238 0.813733 0
    outer loop
      vertex 185.115 122.109 0.44
      vertex 185.269 122.219 0.27
      vertex 185.115 122.109 0.27
    endloop
  endfacet
  facet normal -0.527626 0.849477 0
    outer loop
      vertex 185.43 122.319 0.27
      vertex 185.269 122.219 0.44
      vertex 185.43 122.319 0.44
    endloop
  endfacet
  facet normal -0.527626 0.849477 0
    outer loop
      vertex 185.269 122.219 0.44
      vertex 185.43 122.319 0.27
      vertex 185.269 122.219 0.27
    endloop
  endfacet
  facet normal -0.474414 0.880302 0
    outer loop
      vertex 185.597 122.409 0.27
      vertex 185.43 122.319 0.44
      vertex 185.597 122.409 0.44
    endloop
  endfacet
  facet normal -0.474414 0.880302 0
    outer loop
      vertex 185.43 122.319 0.44
      vertex 185.597 122.409 0.27
      vertex 185.43 122.319 0.27
    endloop
  endfacet
  facet normal -0.911625 -0.411022 0
    outer loop
      vertex 184.279 118.525 0.27
      vertex 184.201 118.698 0.44
      vertex 184.201 118.698 0.27
    endloop
  endfacet
  facet normal -0.911625 -0.411022 0
    outer loop
      vertex 184.201 118.698 0.44
      vertex 184.279 118.525 0.27
      vertex 184.279 118.525 0.44
    endloop
  endfacet
  facet normal -0.813733 0.581238 0
    outer loop
      vertex 184.469 121.419 0.27
      vertex 184.579 121.573 0.44
      vertex 184.579 121.573 0.27
    endloop
  endfacet
  facet normal -0.813733 0.581238 0
    outer loop
      vertex 184.579 121.573 0.44
      vertex 184.469 121.419 0.27
      vertex 184.469 121.419 0.44
    endloop
  endfacet
  facet normal 0.956802 0.290741 0
    outer loop
      vertex 189.681 120.559 0.44
      vertex 189.626 120.74 0.27
      vertex 189.626 120.74 0.44
    endloop
  endfacet
  facet normal 0.956802 0.290741 0
    outer loop
      vertex 189.626 120.74 0.27
      vertex 189.681 120.559 0.44
      vertex 189.681 120.559 0.27
    endloop
  endfacet
  facet normal 0.732981 -0.680249 0
    outer loop
      vertex 188.931 117.757 0.44
      vertex 189.06 117.896 0.27
      vertex 189.06 117.896 0.44
    endloop
  endfacet
  facet normal 0.732981 -0.680249 0
    outer loop
      vertex 189.06 117.896 0.27
      vertex 188.931 117.757 0.44
      vertex 188.931 117.757 0.27
    endloop
  endfacet
  facet normal 0.100025 -0.994985 0
    outer loop
      vertex 187.07 116.914 0.27
      vertex 187.259 116.933 0.44
      vertex 187.07 116.914 0.44
    endloop
  endfacet
  facet normal 0.100025 -0.994985 0
    outer loop
      vertex 187.259 116.933 0.44
      vertex 187.07 116.914 0.27
      vertex 187.259 116.933 0.27
    endloop
  endfacet
  facet normal 0.911625 0.411022 0
    outer loop
      vertex 189.559 120.918 0.44
      vertex 189.481 121.091 0.27
      vertex 189.481 121.091 0.44
    endloop
  endfacet
  facet normal 0.911625 0.411022 0
    outer loop
      vertex 189.481 121.091 0.27
      vertex 189.559 120.918 0.44
      vertex 189.559 120.918 0.27
    endloop
  endfacet
  facet normal 0.290741 0.956802 -0
    outer loop
      vertex 187.812 122.554 0.27
      vertex 187.631 122.609 0.44
      vertex 187.812 122.554 0.44
    endloop
  endfacet
  facet normal 0.290741 0.956802 0
    outer loop
      vertex 187.631 122.609 0.44
      vertex 187.812 122.554 0.27
      vertex 187.631 122.609 0.27
    endloop
  endfacet
  facet normal 0.352276 0.935896 -0
    outer loop
      vertex 187.99 122.487 0.27
      vertex 187.812 122.554 0.44
      vertex 187.99 122.487 0.44
    endloop
  endfacet
  facet normal 0.352276 0.935896 0
    outer loop
      vertex 187.812 122.554 0.44
      vertex 187.99 122.487 0.27
      vertex 187.812 122.554 0.27
    endloop
  endfacet
  facet normal -0.732981 -0.680249 0
    outer loop
      vertex 184.829 117.757 0.27
      vertex 184.7 117.896 0.44
      vertex 184.7 117.896 0.27
    endloop
  endfacet
  facet normal -0.732981 -0.680249 0
    outer loop
      vertex 184.7 117.896 0.44
      vertex 184.829 117.757 0.27
      vertex 184.829 117.757 0.44
    endloop
  endfacet
  facet normal 0.474414 -0.880302 0
    outer loop
      vertex 188.163 117.207 0.27
      vertex 188.33 117.297 0.44
      vertex 188.163 117.207 0.44
    endloop
  endfacet
  facet normal 0.474414 -0.880302 0
    outer loop
      vertex 188.33 117.297 0.44
      vertex 188.163 117.207 0.27
      vertex 188.33 117.297 0.27
    endloop
  endfacet
  facet normal 0.956802 -0.290741 0
    outer loop
      vertex 189.626 118.876 0.44
      vertex 189.681 119.057 0.27
      vertex 189.681 119.057 0.44
    endloop
  endfacet
  facet normal 0.956802 -0.290741 0
    outer loop
      vertex 189.681 119.057 0.27
      vertex 189.626 118.876 0.44
      vertex 189.626 118.876 0.27
    endloop
  endfacet
  facet normal -0.935896 -0.352276 0
    outer loop
      vertex 184.201 118.698 0.27
      vertex 184.134 118.876 0.44
      vertex 184.134 118.876 0.27
    endloop
  endfacet
  facet normal -0.935896 -0.352276 0
    outer loop
      vertex 184.134 118.876 0.44
      vertex 184.201 118.698 0.27
      vertex 184.201 118.698 0.44
    endloop
  endfacet
  facet normal 0.994985 -0.100025 0
    outer loop
      vertex 189.755 119.429 0.44
      vertex 189.774 119.618 0.27
      vertex 189.774 119.618 0.44
    endloop
  endfacet
  facet normal 0.994985 -0.100025 0
    outer loop
      vertex 189.774 119.618 0.27
      vertex 189.755 119.429 0.44
      vertex 189.755 119.429 0.27
    endloop
  endfacet
  facet normal -0.986536 0.163543 0
    outer loop
      vertex 184.005 120.187 0.27
      vertex 184.036 120.374 0.44
      vertex 184.036 120.374 0.27
    endloop
  endfacet
  facet normal -0.986536 0.163543 0
    outer loop
      vertex 184.036 120.374 0.44
      vertex 184.005 120.187 0.27
      vertex 184.005 120.187 0.44
    endloop
  endfacet
  facet normal 0.100025 0.994985 -0
    outer loop
      vertex 187.259 122.683 0.27
      vertex 187.07 122.702 0.44
      vertex 187.259 122.683 0.44
    endloop
  endfacet
  facet normal 0.100025 0.994985 0
    outer loop
      vertex 187.07 122.702 0.44
      vertex 187.259 122.683 0.27
      vertex 187.07 122.702 0.27
    endloop
  endfacet
  facet normal 0.635523 0.772082 -0
    outer loop
      vertex 188.792 121.988 0.27
      vertex 188.645 122.109 0.44
      vertex 188.792 121.988 0.44
    endloop
  endfacet
  facet normal 0.635523 0.772082 0
    outer loop
      vertex 188.645 122.109 0.44
      vertex 188.792 121.988 0.27
      vertex 188.645 122.109 0.27
    endloop
  endfacet
  facet normal 0.849477 -0.527626 0
    outer loop
      vertex 189.291 118.197 0.44
      vertex 189.391 118.358 0.27
      vertex 189.391 118.358 0.44
    endloop
  endfacet
  facet normal 0.849477 -0.527626 0
    outer loop
      vertex 189.391 118.358 0.27
      vertex 189.291 118.197 0.44
      vertex 189.291 118.197 0.27
    endloop
  endfacet
  facet normal -0.680249 0.732981 0
    outer loop
      vertex 184.968 121.988 0.27
      vertex 184.829 121.859 0.44
      vertex 184.968 121.988 0.44
    endloop
  endfacet
  facet normal -0.680249 0.732981 0
    outer loop
      vertex 184.829 121.859 0.44
      vertex 184.968 121.988 0.27
      vertex 184.829 121.859 0.27
    endloop
  endfacet
  facet normal 0.411022 -0.911625 0
    outer loop
      vertex 187.99 117.129 0.27
      vertex 188.163 117.207 0.44
      vertex 187.99 117.129 0.44
    endloop
  endfacet
  facet normal 0.411022 -0.911625 0
    outer loop
      vertex 188.163 117.207 0.44
      vertex 187.99 117.129 0.27
      vertex 188.163 117.207 0.27
    endloop
  endfacet
  facet normal -0.352276 0.935896 0
    outer loop
      vertex 185.948 122.554 0.27
      vertex 185.77 122.487 0.44
      vertex 185.948 122.554 0.44
    endloop
  endfacet
  facet normal -0.352276 0.935896 0
    outer loop
      vertex 185.77 122.487 0.44
      vertex 185.948 122.554 0.27
      vertex 185.77 122.487 0.27
    endloop
  endfacet
  facet normal 0.974035 -0.226397 0
    outer loop
      vertex 189.681 119.057 0.44
      vertex 189.724 119.242 0.27
      vertex 189.724 119.242 0.44
    endloop
  endfacet
  facet normal 0.974035 -0.226397 0
    outer loop
      vertex 189.724 119.242 0.27
      vertex 189.681 119.057 0.44
      vertex 189.681 119.057 0.27
    endloop
  endfacet
  facet normal 0.474414 0.880302 -0
    outer loop
      vertex 188.33 122.319 0.27
      vertex 188.163 122.409 0.44
      vertex 188.33 122.319 0.44
    endloop
  endfacet
  facet normal 0.474414 0.880302 0
    outer loop
      vertex 188.163 122.409 0.44
      vertex 188.33 122.319 0.27
      vertex 188.163 122.409 0.27
    endloop
  endfacet
  facet normal 0.813733 0.581238 0
    outer loop
      vertex 189.291 121.419 0.44
      vertex 189.181 121.573 0.27
      vertex 189.181 121.573 0.44
    endloop
  endfacet
  facet normal 0.813733 0.581238 0
    outer loop
      vertex 189.181 121.573 0.27
      vertex 189.291 121.419 0.44
      vertex 189.291 121.419 0.27
    endloop
  endfacet
  facet normal 0.911625 -0.411022 0
    outer loop
      vertex 189.481 118.525 0.44
      vertex 189.559 118.698 0.27
      vertex 189.559 118.698 0.44
    endloop
  endfacet
  facet normal 0.911625 -0.411022 0
    outer loop
      vertex 189.559 118.698 0.27
      vertex 189.481 118.525 0.44
      vertex 189.481 118.525 0.27
    endloop
  endfacet
  facet normal -0.100025 -0.994985 0
    outer loop
      vertex 186.501 116.933 0.27
      vertex 186.69 116.914 0.44
      vertex 186.501 116.933 0.44
    endloop
  endfacet
  facet normal -0.100025 -0.994985 -0
    outer loop
      vertex 186.69 116.914 0.44
      vertex 186.501 116.933 0.27
      vertex 186.69 116.914 0.27
    endloop
  endfacet
  facet normal -0.411022 0.911625 0
    outer loop
      vertex 185.77 122.487 0.27
      vertex 185.597 122.409 0.44
      vertex 185.77 122.487 0.44
    endloop
  endfacet
  facet normal -0.411022 0.911625 0
    outer loop
      vertex 185.597 122.409 0.44
      vertex 185.77 122.487 0.27
      vertex 185.597 122.409 0.27
    endloop
  endfacet
  facet normal -0.935896 0.352276 0
    outer loop
      vertex 184.134 120.74 0.27
      vertex 184.201 120.918 0.44
      vertex 184.201 120.918 0.27
    endloop
  endfacet
  facet normal -0.935896 0.352276 0
    outer loop
      vertex 184.201 120.918 0.44
      vertex 184.134 120.74 0.27
      vertex 184.134 120.74 0.44
    endloop
  endfacet
  facet normal 0.772082 -0.635523 0
    outer loop
      vertex 189.06 117.896 0.44
      vertex 189.181 118.043 0.27
      vertex 189.181 118.043 0.44
    endloop
  endfacet
  facet normal 0.772082 -0.635523 0
    outer loop
      vertex 189.181 118.043 0.27
      vertex 189.06 117.896 0.44
      vertex 189.06 117.896 0.27
    endloop
  endfacet
  facet normal 0.813733 -0.581238 0
    outer loop
      vertex 189.181 118.043 0.44
      vertex 189.291 118.197 0.27
      vertex 189.291 118.197 0.44
    endloop
  endfacet
  facet normal 0.813733 -0.581238 0
    outer loop
      vertex 189.291 118.197 0.27
      vertex 189.181 118.043 0.44
      vertex 189.181 118.043 0.27
    endloop
  endfacet
  facet normal -0.635523 0.772082 0
    outer loop
      vertex 185.115 122.109 0.27
      vertex 184.968 121.988 0.44
      vertex 185.115 122.109 0.44
    endloop
  endfacet
  facet normal -0.635523 0.772082 0
    outer loop
      vertex 184.968 121.988 0.44
      vertex 185.115 122.109 0.27
      vertex 184.968 121.988 0.27
    endloop
  endfacet
  facet normal 0.880302 -0.474414 0
    outer loop
      vertex 189.391 118.358 0.44
      vertex 189.481 118.525 0.27
      vertex 189.481 118.525 0.44
    endloop
  endfacet
  facet normal 0.880302 -0.474414 0
    outer loop
      vertex 189.481 118.525 0.27
      vertex 189.391 118.358 0.44
      vertex 189.391 118.358 0.27
    endloop
  endfacet
  facet normal -0.474414 -0.880302 0
    outer loop
      vertex 185.43 117.297 0.27
      vertex 185.597 117.207 0.44
      vertex 185.43 117.297 0.44
    endloop
  endfacet
  facet normal -0.474414 -0.880302 -0
    outer loop
      vertex 185.597 117.207 0.44
      vertex 185.43 117.297 0.27
      vertex 185.597 117.207 0.27
    endloop
  endfacet
  facet normal -0.813733 -0.581238 0
    outer loop
      vertex 184.579 118.043 0.27
      vertex 184.469 118.197 0.44
      vertex 184.469 118.197 0.27
    endloop
  endfacet
  facet normal -0.813733 -0.581238 0
    outer loop
      vertex 184.469 118.197 0.44
      vertex 184.579 118.043 0.27
      vertex 184.579 118.043 0.44
    endloop
  endfacet
  facet normal 0.290741 -0.956802 0
    outer loop
      vertex 187.631 117.007 0.27
      vertex 187.812 117.062 0.44
      vertex 187.631 117.007 0.44
    endloop
  endfacet
  facet normal 0.290741 -0.956802 0
    outer loop
      vertex 187.812 117.062 0.44
      vertex 187.631 117.007 0.27
      vertex 187.812 117.062 0.27
    endloop
  endfacet
  facet normal 0.163543 0.986536 -0
    outer loop
      vertex 187.446 122.652 0.27
      vertex 187.259 122.683 0.44
      vertex 187.446 122.652 0.44
    endloop
  endfacet
  facet normal 0.163543 0.986536 0
    outer loop
      vertex 187.259 122.683 0.44
      vertex 187.446 122.652 0.27
      vertex 187.259 122.683 0.27
    endloop
  endfacet
  facet normal 0.732981 0.680249 0
    outer loop
      vertex 189.06 121.72 0.44
      vertex 188.931 121.859 0.27
      vertex 188.931 121.859 0.44
    endloop
  endfacet
  facet normal 0.732981 0.680249 0
    outer loop
      vertex 188.931 121.859 0.27
      vertex 189.06 121.72 0.44
      vertex 189.06 121.72 0.27
    endloop
  endfacet
  facet normal -0.974035 0.226397 0
    outer loop
      vertex 184.036 120.374 0.27
      vertex 184.079 120.559 0.44
      vertex 184.079 120.559 0.27
    endloop
  endfacet
  facet normal -0.974035 0.226397 0
    outer loop
      vertex 184.079 120.559 0.44
      vertex 184.036 120.374 0.27
      vertex 184.036 120.374 0.44
    endloop
  endfacet
  facet normal 0.935896 -0.352276 0
    outer loop
      vertex 189.559 118.698 0.44
      vertex 189.626 118.876 0.27
      vertex 189.626 118.876 0.44
    endloop
  endfacet
  facet normal 0.935896 -0.352276 0
    outer loop
      vertex 189.626 118.876 0.27
      vertex 189.559 118.698 0.44
      vertex 189.559 118.698 0.27
    endloop
  endfacet
  facet normal -0.772082 -0.635523 0
    outer loop
      vertex 184.7 117.896 0.27
      vertex 184.579 118.043 0.44
      vertex 184.579 118.043 0.27
    endloop
  endfacet
  facet normal -0.772082 -0.635523 0
    outer loop
      vertex 184.579 118.043 0.44
      vertex 184.7 117.896 0.27
      vertex 184.7 117.896 0.44
    endloop
  endfacet
  facet normal -0.226397 0.974035 0
    outer loop
      vertex 186.314 122.652 0.27
      vertex 186.129 122.609 0.44
      vertex 186.314 122.652 0.44
    endloop
  endfacet
  facet normal -0.226397 0.974035 0
    outer loop
      vertex 186.129 122.609 0.44
      vertex 186.314 122.652 0.27
      vertex 186.129 122.609 0.27
    endloop
  endfacet
  facet normal 0.0315632 0.999502 -0
    outer loop
      vertex 187.07 122.702 0.27
      vertex 186.88 122.708 0.44
      vertex 187.07 122.702 0.44
    endloop
  endfacet
  facet normal 0.0315632 0.999502 0
    outer loop
      vertex 186.88 122.708 0.44
      vertex 187.07 122.702 0.27
      vertex 186.88 122.708 0.27
    endloop
  endfacet
  facet normal 0.680249 0.732981 -0
    outer loop
      vertex 188.931 121.859 0.27
      vertex 188.792 121.988 0.44
      vertex 188.931 121.859 0.44
    endloop
  endfacet
  facet normal 0.680249 0.732981 0
    outer loop
      vertex 188.792 121.988 0.44
      vertex 188.931 121.859 0.27
      vertex 188.792 121.988 0.27
    endloop
  endfacet
  facet normal 0.527626 0.849477 -0
    outer loop
      vertex 188.491 122.219 0.27
      vertex 188.33 122.319 0.44
      vertex 188.491 122.219 0.44
    endloop
  endfacet
  facet normal 0.527626 0.849477 0
    outer loop
      vertex 188.33 122.319 0.44
      vertex 188.491 122.219 0.27
      vertex 188.33 122.319 0.27
    endloop
  endfacet
  facet normal 0.986536 -0.163543 0
    outer loop
      vertex 189.724 119.242 0.44
      vertex 189.755 119.429 0.27
      vertex 189.755 119.429 0.44
    endloop
  endfacet
  facet normal 0.986536 -0.163543 0
    outer loop
      vertex 189.755 119.429 0.27
      vertex 189.724 119.242 0.44
      vertex 189.724 119.242 0.27
    endloop
  endfacet
  facet normal 0.581238 0.813733 -0
    outer loop
      vertex 188.645 122.109 0.27
      vertex 188.491 122.219 0.44
      vertex 188.645 122.109 0.44
    endloop
  endfacet
  facet normal 0.581238 0.813733 0
    outer loop
      vertex 188.491 122.219 0.44
      vertex 188.645 122.109 0.27
      vertex 188.491 122.219 0.27
    endloop
  endfacet
  facet normal -0.100025 0.994985 0
    outer loop
      vertex 186.69 122.702 0.27
      vertex 186.501 122.683 0.44
      vertex 186.69 122.702 0.44
    endloop
  endfacet
  facet normal -0.100025 0.994985 0
    outer loop
      vertex 186.501 122.683 0.44
      vertex 186.69 122.702 0.27
      vertex 186.501 122.683 0.27
    endloop
  endfacet
  facet normal 0.880302 0.474414 0
    outer loop
      vertex 189.481 121.091 0.44
      vertex 189.391 121.258 0.27
      vertex 189.391 121.258 0.44
    endloop
  endfacet
  facet normal 0.880302 0.474414 0
    outer loop
      vertex 189.391 121.258 0.27
      vertex 189.481 121.091 0.44
      vertex 189.481 121.091 0.27
    endloop
  endfacet
  facet normal 0.411022 0.911625 -0
    outer loop
      vertex 188.163 122.409 0.27
      vertex 187.99 122.487 0.44
      vertex 188.163 122.409 0.44
    endloop
  endfacet
  facet normal 0.411022 0.911625 0
    outer loop
      vertex 187.99 122.487 0.44
      vertex 188.163 122.409 0.27
      vertex 187.99 122.487 0.27
    endloop
  endfacet
  facet normal -0.999502 0.0315632 0
    outer loop
      vertex 183.98 119.808 0.27
      vertex 183.986 119.998 0.44
      vertex 183.986 119.998 0.27
    endloop
  endfacet
  facet normal -0.999502 0.0315632 0
    outer loop
      vertex 183.986 119.998 0.44
      vertex 183.98 119.808 0.27
      vertex 183.98 119.808 0.44
    endloop
  endfacet
  facet normal -0.635523 -0.772082 0
    outer loop
      vertex 184.968 117.628 0.27
      vertex 185.115 117.507 0.44
      vertex 184.968 117.628 0.44
    endloop
  endfacet
  facet normal -0.635523 -0.772082 -0
    outer loop
      vertex 185.115 117.507 0.44
      vertex 184.968 117.628 0.27
      vertex 185.115 117.507 0.27
    endloop
  endfacet
  facet normal -0.527626 -0.849477 0
    outer loop
      vertex 185.269 117.397 0.27
      vertex 185.43 117.297 0.44
      vertex 185.269 117.397 0.44
    endloop
  endfacet
  facet normal -0.527626 -0.849477 -0
    outer loop
      vertex 185.43 117.297 0.44
      vertex 185.269 117.397 0.27
      vertex 185.43 117.297 0.27
    endloop
  endfacet
  facet normal 0.974035 0.226397 0
    outer loop
      vertex 189.724 120.374 0.44
      vertex 189.681 120.559 0.27
      vertex 189.681 120.559 0.44
    endloop
  endfacet
  facet normal 0.974035 0.226397 0
    outer loop
      vertex 189.681 120.559 0.27
      vertex 189.724 120.374 0.44
      vertex 189.724 120.374 0.27
    endloop
  endfacet
  facet normal -0.880302 -0.474414 0
    outer loop
      vertex 184.369 118.358 0.27
      vertex 184.279 118.525 0.44
      vertex 184.279 118.525 0.27
    endloop
  endfacet
  facet normal -0.880302 -0.474414 0
    outer loop
      vertex 184.279 118.525 0.44
      vertex 184.369 118.358 0.27
      vertex 184.369 118.358 0.44
    endloop
  endfacet
  facet normal 0.935896 0.352276 0
    outer loop
      vertex 189.626 120.74 0.44
      vertex 189.559 120.918 0.27
      vertex 189.559 120.918 0.44
    endloop
  endfacet
  facet normal 0.935896 0.352276 0
    outer loop
      vertex 189.559 120.918 0.27
      vertex 189.626 120.74 0.44
      vertex 189.626 120.74 0.27
    endloop
  endfacet
  facet normal 0.986536 0.163543 0
    outer loop
      vertex 189.755 120.187 0.44
      vertex 189.724 120.374 0.27
      vertex 189.724 120.374 0.44
    endloop
  endfacet
  facet normal 0.986536 0.163543 0
    outer loop
      vertex 189.724 120.374 0.27
      vertex 189.755 120.187 0.44
      vertex 189.755 120.187 0.27
    endloop
  endfacet
  facet normal -0.0315632 0.999502 0
    outer loop
      vertex 186.88 122.708 0.27
      vertex 186.69 122.702 0.44
      vertex 186.88 122.708 0.44
    endloop
  endfacet
  facet normal -0.0315632 0.999502 0
    outer loop
      vertex 186.69 122.702 0.44
      vertex 186.88 122.708 0.27
      vertex 186.69 122.702 0.27
    endloop
  endfacet
  facet normal -0.956802 0.290741 0
    outer loop
      vertex 184.079 120.559 0.27
      vertex 184.134 120.74 0.44
      vertex 184.134 120.74 0.27
    endloop
  endfacet
  facet normal -0.956802 0.290741 0
    outer loop
      vertex 184.134 120.74 0.44
      vertex 184.079 120.559 0.27
      vertex 184.079 120.559 0.44
    endloop
  endfacet
  facet normal -0.849477 -0.527626 0
    outer loop
      vertex 184.469 118.197 0.27
      vertex 184.369 118.358 0.44
      vertex 184.369 118.358 0.27
    endloop
  endfacet
  facet normal -0.849477 -0.527626 0
    outer loop
      vertex 184.369 118.358 0.44
      vertex 184.469 118.197 0.27
      vertex 184.469 118.197 0.44
    endloop
  endfacet
  facet normal 0.527626 -0.849477 0
    outer loop
      vertex 188.33 117.297 0.27
      vertex 188.491 117.397 0.44
      vertex 188.33 117.297 0.44
    endloop
  endfacet
  facet normal 0.527626 -0.849477 0
    outer loop
      vertex 188.491 117.397 0.44
      vertex 188.33 117.297 0.27
      vertex 188.491 117.397 0.27
    endloop
  endfacet
  facet normal -0.163543 -0.986536 0
    outer loop
      vertex 186.314 116.964 0.27
      vertex 186.501 116.933 0.44
      vertex 186.314 116.964 0.44
    endloop
  endfacet
  facet normal -0.163543 -0.986536 -0
    outer loop
      vertex 186.501 116.933 0.44
      vertex 186.314 116.964 0.27
      vertex 186.501 116.933 0.27
    endloop
  endfacet
  facet normal 0.352276 -0.935896 0
    outer loop
      vertex 187.812 117.062 0.27
      vertex 187.99 117.129 0.44
      vertex 187.812 117.062 0.44
    endloop
  endfacet
  facet normal 0.352276 -0.935896 0
    outer loop
      vertex 187.99 117.129 0.44
      vertex 187.812 117.062 0.27
      vertex 187.99 117.129 0.27
    endloop
  endfacet
  facet normal -0.163543 0.986536 0
    outer loop
      vertex 186.501 122.683 0.27
      vertex 186.314 122.652 0.44
      vertex 186.501 122.683 0.44
    endloop
  endfacet
  facet normal -0.163543 0.986536 0
    outer loop
      vertex 186.314 122.652 0.44
      vertex 186.501 122.683 0.27
      vertex 186.314 122.652 0.27
    endloop
  endfacet
  facet normal -0.352276 -0.935896 0
    outer loop
      vertex 185.77 117.129 0.27
      vertex 185.948 117.062 0.44
      vertex 185.77 117.129 0.44
    endloop
  endfacet
  facet normal -0.352276 -0.935896 -0
    outer loop
      vertex 185.948 117.062 0.44
      vertex 185.77 117.129 0.27
      vertex 185.948 117.062 0.27
    endloop
  endfacet
  facet normal -0.994985 -0.100025 0
    outer loop
      vertex 184.005 119.429 0.27
      vertex 183.986 119.618 0.44
      vertex 183.986 119.618 0.27
    endloop
  endfacet
  facet normal -0.994985 -0.100025 0
    outer loop
      vertex 183.986 119.618 0.44
      vertex 184.005 119.429 0.27
      vertex 184.005 119.429 0.44
    endloop
  endfacet
  facet normal -0.880302 0.474414 0
    outer loop
      vertex 184.279 121.091 0.27
      vertex 184.369 121.258 0.44
      vertex 184.369 121.258 0.27
    endloop
  endfacet
  facet normal -0.880302 0.474414 0
    outer loop
      vertex 184.369 121.258 0.44
      vertex 184.279 121.091 0.27
      vertex 184.279 121.091 0.44
    endloop
  endfacet
  facet normal -0.986536 -0.163543 0
    outer loop
      vertex 184.036 119.242 0.27
      vertex 184.005 119.429 0.44
      vertex 184.005 119.429 0.27
    endloop
  endfacet
  facet normal -0.986536 -0.163543 0
    outer loop
      vertex 184.005 119.429 0.44
      vertex 184.036 119.242 0.27
      vertex 184.036 119.242 0.44
    endloop
  endfacet
  facet normal 0.635523 -0.772082 0
    outer loop
      vertex 188.645 117.507 0.27
      vertex 188.792 117.628 0.44
      vertex 188.645 117.507 0.44
    endloop
  endfacet
  facet normal 0.635523 -0.772082 0
    outer loop
      vertex 188.792 117.628 0.44
      vertex 188.645 117.507 0.27
      vertex 188.792 117.628 0.27
    endloop
  endfacet
  facet normal 0.226397 0.974035 -0
    outer loop
      vertex 187.631 122.609 0.27
      vertex 187.446 122.652 0.44
      vertex 187.631 122.609 0.44
    endloop
  endfacet
  facet normal 0.226397 0.974035 0
    outer loop
      vertex 187.446 122.652 0.44
      vertex 187.631 122.609 0.27
      vertex 187.446 122.652 0.27
    endloop
  endfacet
  facet normal -0.849477 0.527626 0
    outer loop
      vertex 184.369 121.258 0.27
      vertex 184.469 121.419 0.44
      vertex 184.469 121.419 0.27
    endloop
  endfacet
  facet normal -0.849477 0.527626 0
    outer loop
      vertex 184.469 121.419 0.44
      vertex 184.369 121.258 0.27
      vertex 184.369 121.258 0.44
    endloop
  endfacet
  facet normal 0.0315632 -0.999502 0
    outer loop
      vertex 186.88 116.908 0.27
      vertex 187.07 116.914 0.44
      vertex 186.88 116.908 0.44
    endloop
  endfacet
  facet normal 0.0315632 -0.999502 0
    outer loop
      vertex 187.07 116.914 0.44
      vertex 186.88 116.908 0.27
      vertex 187.07 116.914 0.27
    endloop
  endfacet
  facet normal -0.581238 -0.813733 0
    outer loop
      vertex 185.115 117.507 0.27
      vertex 185.269 117.397 0.44
      vertex 185.115 117.507 0.44
    endloop
  endfacet
  facet normal -0.581238 -0.813733 -0
    outer loop
      vertex 185.269 117.397 0.44
      vertex 185.115 117.507 0.27
      vertex 185.269 117.397 0.27
    endloop
  endfacet
  facet normal -0.994985 0.100025 0
    outer loop
      vertex 183.986 119.998 0.27
      vertex 184.005 120.187 0.44
      vertex 184.005 120.187 0.27
    endloop
  endfacet
  facet normal -0.994985 0.100025 0
    outer loop
      vertex 184.005 120.187 0.44
      vertex 183.986 119.998 0.27
      vertex 183.986 119.998 0.44
    endloop
  endfacet
  facet normal -0.290741 -0.956802 0
    outer loop
      vertex 185.948 117.062 0.27
      vertex 186.129 117.007 0.44
      vertex 185.948 117.062 0.44
    endloop
  endfacet
  facet normal -0.290741 -0.956802 -0
    outer loop
      vertex 186.129 117.007 0.44
      vertex 185.948 117.062 0.27
      vertex 186.129 117.007 0.27
    endloop
  endfacet
  facet normal -0.226397 -0.974035 0
    outer loop
      vertex 186.129 117.007 0.27
      vertex 186.314 116.964 0.44
      vertex 186.129 117.007 0.44
    endloop
  endfacet
  facet normal -0.226397 -0.974035 -0
    outer loop
      vertex 186.314 116.964 0.44
      vertex 186.129 117.007 0.27
      vertex 186.314 116.964 0.27
    endloop
  endfacet
  facet normal -0.956802 -0.290741 0
    outer loop
      vertex 184.134 118.876 0.27
      vertex 184.079 119.057 0.44
      vertex 184.079 119.057 0.27
    endloop
  endfacet
  facet normal -0.956802 -0.290741 0
    outer loop
      vertex 184.079 119.057 0.44
      vertex 184.134 118.876 0.27
      vertex 184.134 118.876 0.44
    endloop
  endfacet
  facet normal -0.411022 -0.911625 0
    outer loop
      vertex 185.597 117.207 0.27
      vertex 185.77 117.129 0.44
      vertex 185.597 117.207 0.44
    endloop
  endfacet
  facet normal -0.411022 -0.911625 -0
    outer loop
      vertex 185.77 117.129 0.44
      vertex 185.597 117.207 0.27
      vertex 185.77 117.129 0.27
    endloop
  endfacet
  facet normal 0 0 1
    outer loop
      vertex 189.774 119.998 0.44
      vertex 189.774 119.618 0.44
      vertex 189.78 119.808 0.44
    endloop
  endfacet
  facet normal 0 0 1
    outer loop
      vertex 189.755 120.187 0.44
      vertex 189.774 119.618 0.44
      vertex 189.774 119.998 0.44
    endloop
  endfacet
  facet normal 0 0 1
    outer loop
      vertex 189.755 120.187 0.44
      vertex 189.755 119.429 0.44
      vertex 189.774 119.618 0.44
    endloop
  endfacet
  facet normal 0 0 1
    outer loop
      vertex 189.724 120.374 0.44
      vertex 189.755 119.429 0.44
      vertex 189.755 120.187 0.44
    endloop
  endfacet
  facet normal 0 0 1
    outer loop
      vertex 189.724 120.374 0.44
      vertex 189.724 119.242 0.44
      vertex 189.755 119.429 0.44
    endloop
  endfacet
  facet normal 0 0 1
    outer loop
      vertex 189.681 120.559 0.44
      vertex 189.724 119.242 0.44
      vertex 189.724 120.374 0.44
    endloop
  endfacet
  facet normal 0 0 1
    outer loop
      vertex 189.681 120.559 0.44
      vertex 189.681 119.057 0.44
      vertex 189.724 119.242 0.44
    endloop
  endfacet
  facet normal 0 0 1
    outer loop
      vertex 189.626 120.74 0.44
      vertex 189.681 119.057 0.44
      vertex 189.681 120.559 0.44
    endloop
  endfacet
  facet normal 0 0 1
    outer loop
      vertex 189.626 120.74 0.44
      vertex 189.626 118.876 0.44
      vertex 189.681 119.057 0.44
    endloop
  endfacet
  facet normal 0 0 1
    outer loop
      vertex 189.559 120.918 0.44
      vertex 189.626 118.876 0.44
      vertex 189.626 120.74 0.44
    endloop
  endfacet
  facet normal 0 0 1
    outer loop
      vertex 189.559 120.918 0.44
      vertex 189.559 118.698 0.44
      vertex 189.626 118.876 0.44
    endloop
  endfacet
  facet normal 0 0 1
    outer loop
      vertex 189.481 121.091 0.44
      vertex 189.559 118.698 0.44
      vertex 189.559 120.918 0.44
    endloop
  endfacet
  facet normal 0 0 1
    outer loop
      vertex 189.481 121.091 0.44
      vertex 189.481 118.525 0.44
      vertex 189.559 118.698 0.44
    endloop
  endfacet
  facet normal 0 0 1
    outer loop
      vertex 189.391 121.258 0.44
      vertex 189.481 118.525 0.44
      vertex 189.481 121.091 0.44
    endloop
  endfacet
  facet normal 0 0 1
    outer loop
      vertex 189.391 121.258 0.44
      vertex 189.391 118.358 0.44
      vertex 189.481 118.525 0.44
    endloop
  endfacet
  facet normal 0 0 1
    outer loop
      vertex 189.291 121.419 0.44
      vertex 189.391 118.358 0.44
      vertex 189.391 121.258 0.44
    endloop
  endfacet
  facet normal 0 0 1
    outer loop
      vertex 189.291 121.419 0.44
      vertex 189.291 118.197 0.44
      vertex 189.391 118.358 0.44
    endloop
  endfacet
  facet normal 0 0 1
    outer loop
      vertex 189.181 121.573 0.44
      vertex 189.291 118.197 0.44
      vertex 189.291 121.419 0.44
    endloop
  endfacet
  facet normal 0 0 1
    outer loop
      vertex 189.181 121.573 0.44
      vertex 189.181 118.043 0.44
      vertex 189.291 118.197 0.44
    endloop
  endfacet
  facet normal 0 0 1
    outer loop
      vertex 189.06 121.72 0.44
      vertex 189.181 118.043 0.44
      vertex 189.181 121.573 0.44
    endloop
  endfacet
  facet normal 0 0 1
    outer loop
      vertex 189.06 121.72 0.44
      vertex 189.06 117.896 0.44
      vertex 189.181 118.043 0.44
    endloop
  endfacet
  facet normal 0 0 1
    outer loop
      vertex 188.931 121.859 0.44
      vertex 189.06 117.896 0.44
      vertex 189.06 121.72 0.44
    endloop
  endfacet
  facet normal 0 0 1
    outer loop
      vertex 188.931 121.859 0.44
      vertex 188.931 117.757 0.44
      vertex 189.06 117.896 0.44
    endloop
  endfacet
  facet normal 0 0 1
    outer loop
      vertex 188.792 121.988 0.44
      vertex 188.931 117.757 0.44
      vertex 188.931 121.859 0.44
    endloop
  endfacet
  facet normal 0 0 1
    outer loop
      vertex 188.792 121.988 0.44
      vertex 188.792 117.628 0.44
      vertex 188.931 117.757 0.44
    endloop
  endfacet
  facet normal 0 0 1
    outer loop
      vertex 188.645 122.109 0.44
      vertex 188.792 117.628 0.44
      vertex 188.792 121.988 0.44
    endloop
  endfacet
  facet normal 0 0 1
    outer loop
      vertex 188.645 122.109 0.44
      vertex 188.645 117.507 0.44
      vertex 188.792 117.628 0.44
    endloop
  endfacet
  facet normal 0 0 1
    outer loop
      vertex 188.491 122.219 0.44
      vertex 188.645 117.507 0.44
      vertex 188.645 122.109 0.44
    endloop
  endfacet
  facet normal 0 0 1
    outer loop
      vertex 188.491 122.219 0.44
      vertex 188.491 117.397 0.44
      vertex 188.645 117.507 0.44
    endloop
  endfacet
  facet normal 0 0 1
    outer loop
      vertex 188.33 122.319 0.44
      vertex 188.491 117.397 0.44
      vertex 188.491 122.219 0.44
    endloop
  endfacet
  facet normal 0 0 1
    outer loop
      vertex 188.33 122.319 0.44
      vertex 188.33 117.297 0.44
      vertex 188.491 117.397 0.44
    endloop
  endfacet
  facet normal 0 0 1
    outer loop
      vertex 188.163 122.409 0.44
      vertex 188.33 117.297 0.44
      vertex 188.33 122.319 0.44
    endloop
  endfacet
  facet normal 0 0 1
    outer loop
      vertex 188.163 122.409 0.44
      vertex 188.163 117.207 0.44
      vertex 188.33 117.297 0.44
    endloop
  endfacet
  facet normal 0 0 1
    outer loop
      vertex 187.99 122.487 0.44
      vertex 188.163 117.207 0.44
      vertex 188.163 122.409 0.44
    endloop
  endfacet
  facet normal 0 0 1
    outer loop
      vertex 187.99 122.487 0.44
      vertex 187.99 117.129 0.44
      vertex 188.163 117.207 0.44
    endloop
  endfacet
  facet normal 0 0 1
    outer loop
      vertex 187.812 122.554 0.44
      vertex 187.99 117.129 0.44
      vertex 187.99 122.487 0.44
    endloop
  endfacet
  facet normal 0 0 1
    outer loop
      vertex 187.812 122.554 0.44
      vertex 187.812 117.062 0.44
      vertex 187.99 117.129 0.44
    endloop
  endfacet
  facet normal 0 0 1
    outer loop
      vertex 187.631 122.609 0.44
      vertex 187.812 117.062 0.44
      vertex 187.812 122.554 0.44
    endloop
  endfacet
  facet normal 0 0 1
    outer loop
      vertex 187.631 122.609 0.44
      vertex 187.631 117.007 0.44
      vertex 187.812 117.062 0.44
    endloop
  endfacet
  facet normal 0 0 1
    outer loop
      vertex 187.446 122.652 0.44
      vertex 187.631 117.007 0.44
      vertex 187.631 122.609 0.44
    endloop
  endfacet
  facet normal 0 0 1
    outer loop
      vertex 187.446 122.652 0.44
      vertex 187.446 116.964 0.44
      vertex 187.631 117.007 0.44
    endloop
  endfacet
  facet normal 0 0 1
    outer loop
      vertex 187.259 122.683 0.44
      vertex 187.446 116.964 0.44
      vertex 187.446 122.652 0.44
    endloop
  endfacet
  facet normal 0 0 1
    outer loop
      vertex 187.259 122.683 0.44
      vertex 187.259 116.933 0.44
      vertex 187.446 116.964 0.44
    endloop
  endfacet
  facet normal 0 0 1
    outer loop
      vertex 187.07 122.702 0.44
      vertex 187.259 116.933 0.44
      vertex 187.259 122.683 0.44
    endloop
  endfacet
  facet normal 0 0 1
    outer loop
      vertex 187.07 122.702 0.44
      vertex 187.07 116.914 0.44
      vertex 187.259 116.933 0.44
    endloop
  endfacet
  facet normal 0 0 1
    outer loop
      vertex 186.88 122.708 0.44
      vertex 187.07 116.914 0.44
      vertex 187.07 122.702 0.44
    endloop
  endfacet
  facet normal 0 0 1
    outer loop
      vertex 186.88 122.708 0.44
      vertex 186.88 116.908 0.44
      vertex 187.07 116.914 0.44
    endloop
  endfacet
  facet normal -0 0 1
    outer loop
      vertex 186.69 122.702 0.44
      vertex 186.88 116.908 0.44
      vertex 186.88 122.708 0.44
    endloop
  endfacet
  facet normal 0 0 1
    outer loop
      vertex 186.69 122.702 0.44
      vertex 186.69 116.914 0.44
      vertex 186.88 116.908 0.44
    endloop
  endfacet
  facet normal -0 0 1
    outer loop
      vertex 186.501 122.683 0.44
      vertex 186.69 116.914 0.44
      vertex 186.69 122.702 0.44
    endloop
  endfacet
  facet normal 0 0 1
    outer loop
      vertex 186.501 122.683 0.44
      vertex 186.501 116.933 0.44
      vertex 186.69 116.914 0.44
    endloop
  endfacet
  facet normal -0 0 1
    outer loop
      vertex 186.314 122.652 0.44
      vertex 186.501 116.933 0.44
      vertex 186.501 122.683 0.44
    endloop
  endfacet
  facet normal 0 0 1
    outer loop
      vertex 186.314 122.652 0.44
      vertex 186.314 116.964 0.44
      vertex 186.501 116.933 0.44
    endloop
  endfacet
  facet normal -0 0 1
    outer loop
      vertex 186.129 122.609 0.44
      vertex 186.314 116.964 0.44
      vertex 186.314 122.652 0.44
    endloop
  endfacet
  facet normal 0 0 1
    outer loop
      vertex 186.129 122.609 0.44
      vertex 186.129 117.007 0.44
      vertex 186.314 116.964 0.44
    endloop
  endfacet
  facet normal -0 0 1
    outer loop
      vertex 185.948 122.554 0.44
      vertex 186.129 117.007 0.44
      vertex 186.129 122.609 0.44
    endloop
  endfacet
  facet normal 0 0 1
    outer loop
      vertex 185.948 122.554 0.44
      vertex 185.948 117.062 0.44
      vertex 186.129 117.007 0.44
    endloop
  endfacet
  facet normal -0 0 1
    outer loop
      vertex 185.77 122.487 0.44
      vertex 185.948 117.062 0.44
      vertex 185.948 122.554 0.44
    endloop
  endfacet
  facet normal 0 0 1
    outer loop
      vertex 185.77 122.487 0.44
      vertex 185.77 117.129 0.44
      vertex 185.948 117.062 0.44
    endloop
  endfacet
  facet normal -0 0 1
    outer loop
      vertex 185.597 122.409 0.44
      vertex 185.77 117.129 0.44
      vertex 185.77 122.487 0.44
    endloop
  endfacet
  facet normal 0 0 1
    outer loop
      vertex 185.597 122.409 0.44
      vertex 185.597 117.207 0.44
      vertex 185.77 117.129 0.44
    endloop
  endfacet
  facet normal -0 0 1
    outer loop
      vertex 185.43 122.319 0.44
      vertex 185.597 117.207 0.44
      vertex 185.597 122.409 0.44
    endloop
  endfacet
  facet normal 0 0 1
    outer loop
      vertex 185.43 122.319 0.44
      vertex 185.43 117.297 0.44
      vertex 185.597 117.207 0.44
    endloop
  endfacet
  facet normal -0 0 1
    outer loop
      vertex 185.269 122.219 0.44
      vertex 185.43 117.297 0.44
      vertex 185.43 122.319 0.44
    endloop
  endfacet
  facet normal 0 0 1
    outer loop
      vertex 185.269 122.219 0.44
      vertex 185.269 117.397 0.44
      vertex 185.43 117.297 0.44
    endloop
  endfacet
  facet normal -0 0 1
    outer loop
      vertex 185.115 122.109 0.44
      vertex 185.269 117.397 0.44
      vertex 185.269 122.219 0.44
    endloop
  endfacet
  facet normal 0 0 1
    outer loop
      vertex 185.115 122.109 0.44
      vertex 185.115 117.507 0.44
      vertex 185.269 117.397 0.44
    endloop
  endfacet
  facet normal -0 0 1
    outer loop
      vertex 184.968 121.988 0.44
      vertex 185.115 117.507 0.44
      vertex 185.115 122.109 0.44
    endloop
  endfacet
  facet normal 0 0 1
    outer loop
      vertex 184.968 121.988 0.44
      vertex 184.968 117.628 0.44
      vertex 185.115 117.507 0.44
    endloop
  endfacet
  facet normal -0 0 1
    outer loop
      vertex 184.829 121.859 0.44
      vertex 184.968 117.628 0.44
      vertex 184.968 121.988 0.44
    endloop
  endfacet
  facet normal 0 0 1
    outer loop
      vertex 184.829 121.859 0.44
      vertex 184.829 117.757 0.44
      vertex 184.968 117.628 0.44
    endloop
  endfacet
  facet normal -0 0 1
    outer loop
      vertex 184.7 121.72 0.44
      vertex 184.829 117.757 0.44
      vertex 184.829 121.859 0.44
    endloop
  endfacet
  facet normal 0 0 1
    outer loop
      vertex 184.7 121.72 0.44
      vertex 184.7 117.896 0.44
      vertex 184.829 117.757 0.44
    endloop
  endfacet
  facet normal -0 0 1
    outer loop
      vertex 184.579 121.573 0.44
      vertex 184.7 117.896 0.44
      vertex 184.7 121.72 0.44
    endloop
  endfacet
  facet normal 0 0 1
    outer loop
      vertex 184.579 121.573 0.44
      vertex 184.579 118.043 0.44
      vertex 184.7 117.896 0.44
    endloop
  endfacet
  facet normal -0 0 1
    outer loop
      vertex 184.469 121.419 0.44
      vertex 184.579 118.043 0.44
      vertex 184.579 121.573 0.44
    endloop
  endfacet
  facet normal 0 0 1
    outer loop
      vertex 184.469 121.419 0.44
      vertex 184.469 118.197 0.44
      vertex 184.579 118.043 0.44
    endloop
  endfacet
  facet normal -0 0 1
    outer loop
      vertex 184.369 121.258 0.44
      vertex 184.469 118.197 0.44
      vertex 184.469 121.419 0.44
    endloop
  endfacet
  facet normal 0 0 1
    outer loop
      vertex 184.369 121.258 0.44
      vertex 184.369 118.358 0.44
      vertex 184.469 118.197 0.44
    endloop
  endfacet
  facet normal -0 0 1
    outer loop
      vertex 184.279 121.091 0.44
      vertex 184.369 118.358 0.44
      vertex 184.369 121.258 0.44
    endloop
  endfacet
  facet normal 0 0 1
    outer loop
      vertex 184.279 121.091 0.44
      vertex 184.279 118.525 0.44
      vertex 184.369 118.358 0.44
    endloop
  endfacet
  facet normal -0 0 1
    outer loop
      vertex 184.201 120.918 0.44
      vertex 184.279 118.525 0.44
      vertex 184.279 121.091 0.44
    endloop
  endfacet
  facet normal 0 0 1
    outer loop
      vertex 184.201 120.918 0.44
      vertex 184.201 118.698 0.44
      vertex 184.279 118.525 0.44
    endloop
  endfacet
  facet normal -0 0 1
    outer loop
      vertex 184.134 120.74 0.44
      vertex 184.201 118.698 0.44
      vertex 184.201 120.918 0.44
    endloop
  endfacet
  facet normal 0 0 1
    outer loop
      vertex 184.134 120.74 0.44
      vertex 184.134 118.876 0.44
      vertex 184.201 118.698 0.44
    endloop
  endfacet
  facet normal -0 0 1
    outer loop
      vertex 184.079 120.559 0.44
      vertex 184.134 118.876 0.44
      vertex 184.134 120.74 0.44
    endloop
  endfacet
  facet normal 0 0 1
    outer loop
      vertex 184.079 120.559 0.44
      vertex 184.079 119.057 0.44
      vertex 184.134 118.876 0.44
    endloop
  endfacet
  facet normal -0 0 1
    outer loop
      vertex 184.036 120.374 0.44
      vertex 184.079 119.057 0.44
      vertex 184.079 120.559 0.44
    endloop
  endfacet
  facet normal 0 0 1
    outer loop
      vertex 184.036 120.374 0.44
      vertex 184.036 119.242 0.44
      vertex 184.079 119.057 0.44
    endloop
  endfacet
  facet normal -0 0 1
    outer loop
      vertex 184.005 120.187 0.44
      vertex 184.036 119.242 0.44
      vertex 184.036 120.374 0.44
    endloop
  endfacet
  facet normal 0 0 1
    outer loop
      vertex 184.005 120.187 0.44
      vertex 184.005 119.429 0.44
      vertex 184.036 119.242 0.44
    endloop
  endfacet
  facet normal -0 0 1
    outer loop
      vertex 183.986 119.998 0.44
      vertex 184.005 119.429 0.44
      vertex 184.005 120.187 0.44
    endloop
  endfacet
  facet normal 0 0 1
    outer loop
      vertex 183.986 119.998 0.44
      vertex 183.986 119.618 0.44
      vertex 184.005 119.429 0.44
    endloop
  endfacet
  facet normal 0 -0 1
    outer loop
      vertex 183.986 119.618 0.44
      vertex 183.986 119.998 0.44
      vertex 183.98 119.808 0.44
    endloop
  endfacet
endsolid OpenSCAD_Model
